ISO-10303-21;
HEADER;
FILE_DESCRIPTION (( 'STEP AP214' ),
    '1' );
FILE_NAME ('7480F708-2373-4B4E-BA9C-91C847B2C895.STEP',
    '2026-02-23T09:24:44',
    ( '' ),
    ( '' ),
    'SwSTEP 2.0',
    'SolidWorks 2022',
    '' );
FILE_SCHEMA (( 'AUTOMOTIVE_DESIGN' ));
ENDSEC;

DATA;
#1 = CARTESIAN_POINT ( 'NONE',  ( -0.09999999999999999167, 0.5000000000000000000, 1.600000000000000089 ) ) ;
#2 = CARTESIAN_POINT ( 'NONE',  ( 0.1000000000000000056, 0.0000000000000000000, -0.4749999999999999778 ) ) ;
#3 = CARTESIAN_POINT ( 'NONE',  ( 0.1000000000000000056, 0.0000000000000000000, 1.600000000000000089 ) ) ;
#4 = CARTESIAN_POINT ( 'NONE',  ( 0.5000000000000000000, 0.0000000000000000000, 1.600000000000000089 ) ) ;
#5 = ORIENTED_EDGE ( 'NONE', *, *, #1939, .T. ) ;
#6 = DIRECTION ( 'NONE',  ( -0.0000000000000000000, -1.000000000000000000, -0.0000000000000000000 ) ) ;
#7 = ORIENTED_EDGE ( 'NONE', *, *, #331, .F. ) ;
#8 = DIRECTION ( 'NONE',  ( 0.0000000000000000000, 0.0000000000000000000, 1.000000000000000000 ) ) ;
#9 = ORIENTED_EDGE ( 'NONE', *, *, #110, .T. ) ;
#10 = PRESENTATION_LAYER_ASSIGNMENT (  '', '', ( #2736 ) ) ;
#11 =( LENGTH_UNIT ( ) NAMED_UNIT ( * ) SI_UNIT ( .MILLI., .METRE. ) );
#12 = CARTESIAN_POINT ( 'NONE',  ( 0.5000000000000000000, 0.5100000000000000089, -1.000000000000000000 ) ) ;
#13 = EDGE_CURVE ( 'NONE', #1043, #2199, #1757, .T. ) ;
#14 = LINE ( 'NONE', #1839, #2863 ) ;
#15 = CARTESIAN_POINT ( 'NONE',  ( -0.5000000000000000000, -0.01000000000000000021, -0.2000000000000000111 ) ) ;
#16 = ORIENTED_EDGE ( 'NONE', *, *, #1511, .F. ) ;
#17 = SURFACE_STYLE_USAGE ( .BOTH. , #2086 ) ;
#18 = CARTESIAN_POINT ( 'NONE',  ( -0.1499999999999999944, 0.5000000000000000000, 0.0000000000000000000 ) ) ;
#19 = SURFACE_STYLE_FILL_AREA ( #504 ) ;
#20 = FACE_OUTER_BOUND ( 'NONE', #1834, .T. ) ;
#21 = ORIENTED_EDGE ( 'NONE', *, *, #2504, .F. ) ;
#22 = FACE_OUTER_BOUND ( 'NONE', #1173, .T. ) ;
#23 = ORIENTED_EDGE ( 'NONE', *, *, #2653, .F. ) ;
#24 = CARTESIAN_POINT ( 'NONE',  ( 0.5000000000000000000, -0.01000000000000002623, -1.600000000000000089 ) ) ;
#25 = COLOUR_RGB ( '',1.000000000000000000, 1.000000000000000000, 1.000000000000000000 ) ;
#26 = VERTEX_POINT ( 'NONE', #1545 ) ;
#27 =( NAMED_UNIT ( * ) SI_UNIT ( $, .STERADIAN. ) SOLID_ANGLE_UNIT ( ) );
#28 = CARTESIAN_POINT ( 'NONE',  ( -0.1000000000000000056, -0.01000000000000000021, 0.0000000000000000000 ) ) ;
#29 = UNCERTAINTY_MEASURE_WITH_UNIT (LENGTH_MEASURE( 1.000000000000000082E-05 ), #2971, 'distance_accuracy_value', 'NONE');
#30 = PLANE ( 'NONE',  #1577 ) ;
#31 = EDGE_CURVE ( 'NONE', #642, #733, #847, .T. ) ;
#32 = STYLED_ITEM ( 'NONE', ( #568 ), #926 ) ;
#33 = CARTESIAN_POINT ( 'NONE',  ( 0.2500000000000000000, -0.01000000000000000021, 1.199999999999999956 ) ) ;
#34 = FACE_OUTER_BOUND ( 'NONE', #101, .T. ) ;
#35 = CARTESIAN_POINT ( 'NONE',  ( 0.5000000000000000000, 0.5000000000000000000, 1.000000000000000000 ) ) ;
#36 = EDGE_CURVE ( 'NONE', #1111, #1077, #396, .T. ) ;
#37 =( GEOMETRIC_REPRESENTATION_CONTEXT ( 3 ) GLOBAL_UNCERTAINTY_ASSIGNED_CONTEXT ( ( #1636 ) ) GLOBAL_UNIT_ASSIGNED_CONTEXT ( ( #11, #2805, #788 ) ) REPRESENTATION_CONTEXT ( 'NONE', 'WORKASPACE' ) );
#38 = LINE ( 'NONE', #4, #2131 ) ;
#39 = EDGE_LOOP ( 'NONE', ( #1009, #439, #1240, #1664 ) ) ;
#40 = CARTESIAN_POINT ( 'NONE',  ( 0.1000000000000000056, 0.0000000000000000000, 0.4749999999999999223 ) ) ;
#41 = ORIENTED_EDGE ( 'NONE', *, *, #2475, .T. ) ;
#42 = VECTOR ( 'NONE', #46, 1000.000000000000000 ) ;
#43 = AXIS2_PLACEMENT_3D ( 'NONE', #2812, #112, #2417 ) ;
#44 = SURFACE_STYLE_FILL_AREA ( #269 ) ;
#45 = ORIENTED_EDGE ( 'NONE', *, *, #2806, .F. ) ;
#46 = DIRECTION ( 'NONE',  ( -0.0000000000000000000, -1.000000000000000000, -0.0000000000000000000 ) ) ;
#47 = PRESENTATION_LAYER_ASSIGNMENT (  '', '', ( #2407 ) ) ;
#48 =( NAMED_UNIT ( * ) PLANE_ANGLE_UNIT ( ) SI_UNIT ( $, .RADIAN. ) );
#49 = COLOUR_RGB ( '',1.000000000000000000, 1.000000000000000000, 1.000000000000000000 ) ;
#50 = STYLED_ITEM ( 'NONE', ( #373 ), #1147 ) ;
#51 = AXIS2_PLACEMENT_3D ( 'NONE', #1286, #792, #2884 ) ;
#52 = CARTESIAN_POINT ( 'NONE',  ( 0.1000000000000000056, -0.01000000000000000021, 0.0000000000000000000 ) ) ;
#53 = DIRECTION ( 'NONE',  ( 0.0000000000000000000, -0.0000000000000000000, -1.000000000000000000 ) ) ;
#54 = CARTESIAN_POINT ( 'NONE',  ( -0.1500000000000000222, 0.5000000000000000000, -1.000000000000000000 ) ) ;
#55 = CARTESIAN_POINT ( 'NONE',  ( -0.1499999999999214462, 0.5100000000000000089, 1.406350832689771124 ) ) ;
#56 = VECTOR ( 'NONE', #2920, 1000.000000000000000 ) ;
#57 = CYLINDRICAL_SURFACE ( 'NONE', #2589, 1.000000000000000000 ) ;
#58 = VERTEX_POINT ( 'NONE', #2513 ) ;
#59 = DIRECTION ( 'NONE',  ( 0.0000000000000000000, 0.0000000000000000000, 1.000000000000000000 ) ) ;
#60 = VERTEX_POINT ( 'NONE', #1170 ) ;
#61 = EDGE_CURVE ( 'NONE', #1928, #1039, #1610, .T. ) ;
#62 = CARTESIAN_POINT ( 'NONE',  ( -0.5000000000000000000, 0.0000000000000000000, -0.2000000000000000944 ) ) ;
#63 = ORIENTED_EDGE ( 'NONE', *, *, #2594, .T. ) ;
#64 = LINE ( 'NONE', #271, #1637 ) ;
#65 = EDGE_CURVE ( 'NONE', #1140, #478, #685, .T. ) ;
#66 = CARTESIAN_POINT ( 'NONE',  ( 0.09999999999999999167, -0.01000000000000000021, -1.600000000000000089 ) ) ;
#67 =( NAMED_UNIT ( * ) SI_UNIT ( $, .STERADIAN. ) SOLID_ANGLE_UNIT ( ) );
#68 = PLANE ( 'NONE',  #43 ) ;
#69 = CARTESIAN_POINT ( 'NONE',  ( 0.1000000000000000472, 0.0000000000000000000, 1.600000000000000089 ) ) ;
#70 = VERTEX_POINT ( 'NONE', #943 ) ;
#71 = LINE ( 'NONE', #1647, #1095 ) ;
#72 = VERTEX_POINT ( 'NONE', #1 ) ;
#73 = EDGE_CURVE ( 'NONE', #2505, #60, #453, .T. ) ;
#74 = FACE_OUTER_BOUND ( 'NONE', #2929, .T. ) ;
#75 = PLANE ( 'NONE',  #2834 ) ;
#76 = VERTEX_POINT ( 'NONE', #1106 ) ;
#77 = DIRECTION ( 'NONE',  ( 0.0000000000000000000, 1.000000000000000000, 0.0000000000000000000 ) ) ;
#78 = EDGE_CURVE ( 'NONE', #2708, #2656, #2746, .T. ) ;
#79 = DIRECTION ( 'NONE',  ( 0.0000000000000000000, 0.0000000000000000000, 1.000000000000000000 ) ) ;
#80 = FILL_AREA_STYLE_COLOUR ( '', #2591 ) ;
#81 = PRESENTATION_STYLE_ASSIGNMENT (( #2143 ) ) ;
#82 = AXIS2_PLACEMENT_3D ( 'NONE', #168, #2698, #1352 ) ;
#83 = SURFACE_STYLE_FILL_AREA ( #2403 ) ;
#84 = ORIENTED_EDGE ( 'NONE', *, *, #2605, .F. ) ;
#85 = EDGE_LOOP ( 'NONE', ( #2872, #2474, #162, #245 ) ) ;
#86 = MECHANICAL_DESIGN_GEOMETRIC_PRESENTATION_REPRESENTATION (  '', ( #1248 ), #2103 ) ;
#87 = CARTESIAN_POINT ( 'NONE',  ( -0.1000000000000000056, 0.0000000000000000000, 0.0000000000000000000 ) ) ;
#88 = ORIENTED_EDGE ( 'NONE', *, *, #2201, .F. ) ;
#89 = CARTESIAN_POINT ( 'NONE',  ( 0.2500000000000000000, -0.01000000000000000021, -0.3250000000000000666 ) ) ;
#90 = VECTOR ( 'NONE', #2363, 1000.000000000000000 ) ;
#91 = UNCERTAINTY_MEASURE_WITH_UNIT (LENGTH_MEASURE( 1.000000000000000082E-05 ), #2409, 'distance_accuracy_value', 'NONE');
#92 =( GEOMETRIC_REPRESENTATION_CONTEXT ( 3 ) GLOBAL_UNCERTAINTY_ASSIGNED_CONTEXT ( ( #449 ) ) GLOBAL_UNIT_ASSIGNED_CONTEXT ( ( #1888, #274, #977 ) ) REPRESENTATION_CONTEXT ( 'NONE', 'WORKASPACE' ) );
#93 = EDGE_CURVE ( 'NONE', #195, #2287, #440, .T. ) ;
#94 = SURFACE_STYLE_USAGE ( .BOTH. , #1680 ) ;
#95 = AXIS2_PLACEMENT_3D ( 'NONE', #117, #2351, #815 ) ;
#96 = VECTOR ( 'NONE', #804, 1000.000000000000000 ) ;
#97 = DIRECTION ( 'NONE',  ( -0.0000000000000000000, -1.000000000000000000, -0.0000000000000000000 ) ) ;
#98 = LINE ( 'NONE', #1023, #1271 ) ;
#99 = DIRECTION ( 'NONE',  ( 0.0000000000000000000, 1.000000000000000000, 0.0000000000000000000 ) ) ;
#100 = LINE ( 'NONE', #1287, #2001 ) ;
#101 = EDGE_LOOP ( 'NONE', ( #2868, #41, #964, #818 ) ) ;
#102 = CARTESIAN_POINT ( 'NONE',  ( -0.1000000000000000056, 0.0000000000000000000, 0.0000000000000000000 ) ) ;
#103 = PRESENTATION_LAYER_ASSIGNMENT (  '', '', ( #1500 ) ) ;
#104 = AXIS2_PLACEMENT_3D ( 'NONE', #2031, #659, #237 ) ;
#105 = LINE ( 'NONE', #2489, #1112 ) ;
#106 = ORIENTED_EDGE ( 'NONE', *, *, #1228, .F. ) ;
#107 = DIRECTION ( 'NONE',  ( -0.0000000000000000000, -1.000000000000000000, -0.0000000000000000000 ) ) ;
#108 = PLANE ( 'NONE',  #823 ) ;
#109 = CARTESIAN_POINT ( 'NONE',  ( 0.09999999999999999167, 0.0000000000000000000, -1.600000000000000089 ) ) ;
#110 = EDGE_CURVE ( 'NONE', #1953, #457, #669, .T. ) ;
#111 = VERTEX_POINT ( 'NONE', #2037 ) ;
#112 = DIRECTION ( 'NONE',  ( -1.000000000000000000, 0.0000000000000000000, 0.0000000000000000000 ) ) ;
#113 = DIRECTION ( 'NONE',  ( -1.000000000000000000, 0.0000000000000000000, -0.0000000000000000000 ) ) ;
#114 = VERTEX_POINT ( 'NONE', #2712 ) ;
#115 = CARTESIAN_POINT ( 'NONE',  ( 0.1000000000000000333, -0.01000000000000000021, 1.600000000000000089 ) ) ;
#116 = EDGE_CURVE ( 'NONE', #2199, #2643, #1354, .T. ) ;
#117 = CARTESIAN_POINT ( 'NONE',  ( -0.5000000000000000000, 0.5100000000000000089, -1.600000000000000089 ) ) ;
#118 = FACE_OUTER_BOUND ( 'NONE', #1796, .T. ) ;
#119 = VERTEX_POINT ( 'NONE', #2725 ) ;
#120 = LINE ( 'NONE', #411, #1868 ) ;
#121 = FILL_AREA_STYLE_COLOUR ( '', #484 ) ;
#122 = UNCERTAINTY_MEASURE_WITH_UNIT (LENGTH_MEASURE( 1.000000000000000082E-05 ), #385, 'distance_accuracy_value', 'NONE');
#123 = CARTESIAN_POINT ( 'NONE',  ( -0.5000000000000000000, -0.01000000000000000021, 0.0000000000000000000 ) ) ;
#124 = ORIENTED_EDGE ( 'NONE', *, *, #900, .T. ) ;
#125 = LINE ( 'NONE', #1966, #2842 ) ;
#126 =( GEOMETRIC_REPRESENTATION_CONTEXT ( 3 ) GLOBAL_UNCERTAINTY_ASSIGNED_CONTEXT ( ( #1379 ) ) GLOBAL_UNIT_ASSIGNED_CONTEXT ( ( #1840, #244, #2332 ) ) REPRESENTATION_CONTEXT ( 'NONE', 'WORKASPACE' ) );
#127 = EDGE_CURVE ( 'NONE', #1478, #1192, #1842, .T. ) ;
#128 = PLANE ( 'NONE',  #569 ) ;
#129 = ORIENTED_EDGE ( 'NONE', *, *, #2738, .F. ) ;
#130 = EDGE_CURVE ( 'NONE', #1928, #690, #2758, .T. ) ;
#131 = CARTESIAN_POINT ( 'NONE',  ( 0.0000000000000000000, 0.0000000000000000000, -0.4749999999999999778 ) ) ;
#132 = VECTOR ( 'NONE', #1504, 1000.000000000000000 ) ;
#133 = FILL_AREA_STYLE_COLOUR ( '', #49 ) ;
#134 = CARTESIAN_POINT ( 'NONE',  ( -0.5000000000000000000, 0.5000000000000000000, -1.350000000000000089 ) ) ;
#135 = VERTEX_POINT ( 'NONE', #469 ) ;
#136 = MECHANICAL_DESIGN_GEOMETRIC_PRESENTATION_REPRESENTATION (  '', ( #763 ), #2839 ) ;
#137 = LINE ( 'NONE', #2034, #2361 ) ;
#138 = DIRECTION ( 'NONE',  ( 1.000000000000000000, 0.0000000000000000000, 0.0000000000000000000 ) ) ;
#139 = SURFACE_STYLE_USAGE ( .BOTH. , #2468 ) ;
#140 = VECTOR ( 'NONE', #397, 1000.000000000000000 ) ;
#141 = VECTOR ( 'NONE', #713, 1000.000000000000000 ) ;
#142 = LINE ( 'NONE', #1065, #2243 ) ;
#143 = EDGE_LOOP ( 'NONE', ( #899, #749, #2947, #1652 ) ) ;
#144 = SURFACE_STYLE_FILL_AREA ( #1747 ) ;
#145 = VECTOR ( 'NONE', #357, 1000.000000000000000 ) ;
#146 = AXIS2_PLACEMENT_3D ( 'NONE', #174, #389, #1961 ) ;
#147 = FILL_AREA_STYLE_COLOUR ( '', #2483 ) ;
#148 = COLOUR_RGB ( '',1.000000000000000000, 1.000000000000000000, 1.000000000000000000 ) ;
#149 =( NAMED_UNIT ( * ) PLANE_ANGLE_UNIT ( ) SI_UNIT ( $, .RADIAN. ) );
#150 = EDGE_LOOP ( 'NONE', ( #2291, #2265, #1980, #302, #313, #982 ) ) ;
#151 = MECHANICAL_DESIGN_GEOMETRIC_PRESENTATION_REPRESENTATION (  '', ( #976 ), #2879 ) ;
#152 = CARTESIAN_POINT ( 'NONE',  ( 0.1499999999999999944, 0.5000000000000000000, -1.000000000000000000 ) ) ;
#153 = CARTESIAN_POINT ( 'NONE',  ( 0.5000000000000000000, 0.0000000000000000000, -1.600000000000000089 ) ) ;
#154 = ADVANCED_FACE ( 'NONE', ( #2283 ), #409, .T. ) ;
#155 = CARTESIAN_POINT ( 'NONE',  ( -0.1000000000000000056, 0.0000000000000000000, -0.5999999999999999778 ) ) ;
#156 = PRESENTATION_STYLE_ASSIGNMENT (( #2457 ) ) ;
#157 = CARTESIAN_POINT ( 'NONE',  ( -0.5000000000000000000, -0.01000000000000002623, 1.600000000000000089 ) ) ;
#158 = ORIENTED_EDGE ( 'NONE', *, *, #1880, .F. ) ;
#159 = CARTESIAN_POINT ( 'NONE',  ( 0.0000000000000000000, 0.5100000000000000089, 0.0000000000000000000 ) ) ;
#160 = DIRECTION ( 'NONE',  ( -0.0000000000000000000, 1.000000000000000000, 0.0000000000000000000 ) ) ;
#161 = CARTESIAN_POINT ( 'NONE',  ( -0.5000000000000000000, 0.0000000000000000000, 0.6000000000000000888 ) ) ;
#162 = ORIENTED_EDGE ( 'NONE', *, *, #2844, .F. ) ;
#163 = EDGE_CURVE ( 'NONE', #1613, #2643, #1829, .T. ) ;
#164 = DIRECTION ( 'NONE',  ( 0.0000000000000000000, 0.0000000000000000000, 1.000000000000000000 ) ) ;
#165 = LINE ( 'NONE', #2453, #1870 ) ;
#166 = LINE ( 'NONE', #1994, #2728 ) ;
#167 = LINE ( 'NONE', #876, #809 ) ;
#168 = CARTESIAN_POINT ( 'NONE',  ( 0.5000000000000000000, 0.5000000000000000000, -1.600000000000000089 ) ) ;
#169 = EDGE_LOOP ( 'NONE', ( #1677, #781, #1793, #2273, #1383 ) ) ;
#170 = DIRECTION ( 'NONE',  ( 0.0000000000000000000, 0.0000000000000000000, -1.000000000000000000 ) ) ;
#171 = DIRECTION ( 'NONE',  ( 0.0000000000000000000, 1.000000000000000000, 0.0000000000000000000 ) ) ;
#172 =( NAMED_UNIT ( * ) PLANE_ANGLE_UNIT ( ) SI_UNIT ( $, .RADIAN. ) );
#173 = ORIENTED_EDGE ( 'NONE', *, *, #331, .T. ) ;
#174 = CARTESIAN_POINT ( 'NONE',  ( 0.4749999999999999778, 0.5000000000000000000, 0.0000000000000000000 ) ) ;
#175 = STYLED_ITEM ( 'NONE', ( #2428 ), #1007 ) ;
#176 = DIRECTION ( 'NONE',  ( -0.0000000000000000000, -1.000000000000000000, -0.0000000000000000000 ) ) ;
#177 = ORIENTED_EDGE ( 'NONE', *, *, #334, .T. ) ;
#178 = DIRECTION ( 'NONE',  ( -1.000000000000000000, -0.0000000000000000000, -0.0000000000000000000 ) ) ;
#179 = CIRCLE ( 'NONE', #2437, 0.2500000000000000000 ) ;
#180 = ADVANCED_FACE ( 'NONE', ( #425 ), #201, .F. ) ;
#181 = DIRECTION ( 'NONE',  ( 0.0000000000000000000, -0.0000000000000000000, 1.000000000000000000 ) ) ;
#182 = AXIS2_PLACEMENT_3D ( 'NONE', #1849, #888, #1396 ) ;
#183 = DIRECTION ( 'NONE',  ( -0.0000000000000000000, 1.000000000000000000, 0.0000000000000000000 ) ) ;
#184 = MECHANICAL_DESIGN_GEOMETRIC_PRESENTATION_REPRESENTATION (  '', ( #2823 ), #2487 ) ;
#185 = SURFACE_STYLE_USAGE ( .BOTH. , #1131 ) ;
#186 = DIRECTION ( 'NONE',  ( -0.0000000000000000000, 1.000000000000000000, 0.0000000000000000000 ) ) ;
#187 = MECHANICAL_DESIGN_GEOMETRIC_PRESENTATION_REPRESENTATION (  '', ( #2061 ), #2111 ) ;
#188 =( GEOMETRIC_REPRESENTATION_CONTEXT ( 3 ) GLOBAL_UNCERTAINTY_ASSIGNED_CONTEXT ( ( #2797 ) ) GLOBAL_UNIT_ASSIGNED_CONTEXT ( ( #2740, #48, #319 ) ) REPRESENTATION_CONTEXT ( 'NONE', 'WORKASPACE' ) );
#189 = DIRECTION ( 'NONE',  ( 0.0000000000000000000, -0.0000000000000000000, -1.000000000000000000 ) ) ;
#190 = AXIS2_PLACEMENT_3D ( 'NONE', #2541, #257, #2293 ) ;
#191 =( LENGTH_UNIT ( ) NAMED_UNIT ( * ) SI_UNIT ( .MILLI., .METRE. ) );
#192 = ORIENTED_EDGE ( 'NONE', *, *, #1178, .T. ) ;
#193 = COLOUR_RGB ( '',1.000000000000000000, 1.000000000000000000, 1.000000000000000000 ) ;
#194 = DIRECTION ( 'NONE',  ( -1.000000000000000000, 0.0000000000000000000, -0.0000000000000000000 ) ) ;
#195 = VERTEX_POINT ( 'NONE', #54 ) ;
#196 = DIRECTION ( 'NONE',  ( 0.0000000000000000000, 1.000000000000000000, 0.0000000000000000000 ) ) ;
#197 =( GEOMETRIC_REPRESENTATION_CONTEXT ( 3 ) GLOBAL_UNCERTAINTY_ASSIGNED_CONTEXT ( ( #1931 ) ) GLOBAL_UNIT_ASSIGNED_CONTEXT ( ( #611, #1294, #370 ) ) REPRESENTATION_CONTEXT ( 'NONE', 'WORKASPACE' ) );
#198 = EDGE_CURVE ( 'NONE', #1323, #2850, #1687, .T. ) ;
#199 = SURFACE_STYLE_USAGE ( .BOTH. , #2272 ) ;
#200 = ORIENTED_EDGE ( 'NONE', *, *, #1722, .F. ) ;
#201 = CYLINDRICAL_SURFACE ( 'NONE', #426, 0.2500000000000000000 ) ;
#202 = LINE ( 'NONE', #1596, #2917 ) ;
#203 = CARTESIAN_POINT ( 'NONE',  ( 0.3000000000000000444, 0.5100000000000000089, -1.000000000000000000 ) ) ;
#204 = ADVANCED_FACE ( 'NONE', ( #1021 ), #2810, .T. ) ;
#205 = ORIENTED_EDGE ( 'NONE', *, *, #1089, .T. ) ;
#206 = ORIENTED_EDGE ( 'NONE', *, *, #1563, .F. ) ;
#207 = EDGE_CURVE ( 'NONE', #457, #2816, #1003, .T. ) ;
#208 = DIRECTION ( 'NONE',  ( -0.0000000000000000000, -1.000000000000000000, -0.0000000000000000000 ) ) ;
#209 = ORIENTED_EDGE ( 'NONE', *, *, #1563, .T. ) ;
#210 = SURFACE_STYLE_USAGE ( .BOTH. , #2753 ) ;
#211 = DIRECTION ( 'NONE',  ( -0.0000000000000000000, 0.0000000000000000000, 1.000000000000000000 ) ) ;
#212 = UNCERTAINTY_MEASURE_WITH_UNIT (LENGTH_MEASURE( 1.000000000000000082E-05 ), #1728, 'distance_accuracy_value', 'NONE');
#213 =( NAMED_UNIT ( * ) PLANE_ANGLE_UNIT ( ) SI_UNIT ( $, .RADIAN. ) );
#214 = VERTEX_POINT ( 'NONE', #322 ) ;
#215 = CARTESIAN_POINT ( 'NONE',  ( -0.09999999999999999167, 0.0000000000000000000, 1.600000000000000089 ) ) ;
#216 = ORIENTED_EDGE ( 'NONE', *, *, #1914, .F. ) ;
#217 = CARTESIAN_POINT ( 'NONE',  ( -0.2500000000000000000, 0.0000000000000000000, 0.8699999999999999956 ) ) ;
#218 = ORIENTED_EDGE ( 'NONE', *, *, #1852, .F. ) ;
#219 = ADVANCED_FACE ( 'NONE', ( #712 ), #1246, .T. ) ;
#220 = FILL_AREA_STYLE_COLOUR ( '', #2606 ) ;
#221 = ORIENTED_EDGE ( 'NONE', *, *, #2908, .T. ) ;
#222 = MECHANICAL_DESIGN_GEOMETRIC_PRESENTATION_REPRESENTATION (  '', ( #32 ), #562 ) ;
#223 = AXIS2_PLACEMENT_3D ( 'NONE', #2754, #1606, #2955 ) ;
#224 = FACE_OUTER_BOUND ( 'NONE', #2507, .T. ) ;
#225 = ORIENTED_EDGE ( 'NONE', *, *, #720, .T. ) ;
#226 =( GEOMETRIC_REPRESENTATION_CONTEXT ( 3 ) GLOBAL_UNCERTAINTY_ASSIGNED_CONTEXT ( ( #843 ) ) GLOBAL_UNIT_ASSIGNED_CONTEXT ( ( #2118, #2323, #252 ) ) REPRESENTATION_CONTEXT ( 'NONE', 'WORKASPACE' ) );
#227 = CARTESIAN_POINT ( 'NONE',  ( 0.0000000000000000000, 0.0000000000000000000, 0.3250000000000000666 ) ) ;
#228 = DIRECTION ( 'NONE',  ( -0.0000000000000000000, 1.000000000000000000, 0.0000000000000000000 ) ) ;
#229 = CARTESIAN_POINT ( 'NONE',  ( 0.1000000000000000472, 0.0000000000000000000, 1.600000000000000089 ) ) ;
#230 = STYLED_ITEM ( 'NONE', ( #297 ), #2211 ) ;
#231 = VERTEX_POINT ( 'NONE', #527 ) ;
#232 = DIRECTION ( 'NONE',  ( 0.0000000000000000000, -1.000000000000000000, -0.0000000000000000000 ) ) ;
#233 = ORIENTED_EDGE ( 'NONE', *, *, #2120, .F. ) ;
#234 = CIRCLE ( 'NONE', #95, 0.2500000000000000000 ) ;
#235 = VECTOR ( 'NONE', #196, 1000.000000000000000 ) ;
#236 = EDGE_CURVE ( 'NONE', #2816, #893, #2569, .T. ) ;
#237 = DIRECTION ( 'NONE',  ( 0.0000000000000000000, -0.0000000000000000000, 1.000000000000000000 ) ) ;
#238 = ORIENTED_EDGE ( 'NONE', *, *, #438, .T. ) ;
#239 =( GEOMETRIC_REPRESENTATION_CONTEXT ( 3 ) GLOBAL_UNCERTAINTY_ASSIGNED_CONTEXT ( ( #2173 ) ) GLOBAL_UNIT_ASSIGNED_CONTEXT ( ( #769, #2611, #551 ) ) REPRESENTATION_CONTEXT ( 'NONE', 'WORKASPACE' ) );
#240 = FILL_AREA_STYLE_COLOUR ( '', #722 ) ;
#241 = MECHANICAL_DESIGN_GEOMETRIC_PRESENTATION_REPRESENTATION (  '', ( #2121 ), #197 ) ;
#242 =( NAMED_UNIT ( * ) SI_UNIT ( $, .STERADIAN. ) SOLID_ANGLE_UNIT ( ) );
#243 =( GEOMETRIC_REPRESENTATION_CONTEXT ( 3 ) GLOBAL_UNCERTAINTY_ASSIGNED_CONTEXT ( ( #338 ) ) GLOBAL_UNIT_ASSIGNED_CONTEXT ( ( #936, #460, #2538 ) ) REPRESENTATION_CONTEXT ( 'NONE', 'WORKASPACE' ) );
#244 =( NAMED_UNIT ( * ) PLANE_ANGLE_UNIT ( ) SI_UNIT ( $, .RADIAN. ) );
#245 = ORIENTED_EDGE ( 'NONE', *, *, #2394, .T. ) ;
#246 = FILL_AREA_STYLE_COLOUR ( '', #2838 ) ;
#247 = PRESENTATION_STYLE_ASSIGNMENT (( #1418 ) ) ;
#248 = LINE ( 'NONE', #3, #90 ) ;
#249 = VECTOR ( 'NONE', #1530, 1000.000000000000000 ) ;
#250 = FILL_AREA_STYLE ('',( #2365 ) ) ;
#251 = VERTEX_POINT ( 'NONE', #558 ) ;
#252 =( NAMED_UNIT ( * ) SI_UNIT ( $, .STERADIAN. ) SOLID_ANGLE_UNIT ( ) );
#253 = ORIENTED_EDGE ( 'NONE', *, *, #604, .F. ) ;
#254 = DIRECTION ( 'NONE',  ( 0.0000000000000000000, 0.0000000000000000000, -1.000000000000000000 ) ) ;
#255 = ORIENTED_EDGE ( 'NONE', *, *, #2972, .F. ) ;
#256 = PLANE ( 'NONE',  #2205 ) ;
#257 = DIRECTION ( 'NONE',  ( 0.0000000000000000000, 1.000000000000000000, 0.0000000000000000000 ) ) ;
#258 = EDGE_CURVE ( 'NONE', #1118, #76, #1662, .T. ) ;
#259 = CARTESIAN_POINT ( 'NONE',  ( 0.1499999999999999944, 0.5100000000000000089, -1.000000000000000000 ) ) ;
#260 = ORIENTED_EDGE ( 'NONE', *, *, #1880, .T. ) ;
#261 = SURFACE_SIDE_STYLE ('',( #1454 ) ) ;
#262 = DIRECTION ( 'NONE',  ( 0.0000000000000000000, 0.0000000000000000000, -1.000000000000000000 ) ) ;
#263 = PRODUCT_DEFINITION ( 'UNKNOWN', '', #2266, #2358 ) ;
#264 = FILL_AREA_STYLE_COLOUR ( '', #578 ) ;
#265 = DIRECTION ( 'NONE',  ( 0.0000000000000000000, -1.000000000000000000, -0.0000000000000000000 ) ) ;
#266 = VERTEX_POINT ( 'NONE', #735 ) ;
#267 = DIRECTION ( 'NONE',  ( 1.000000000000000000, -0.0000000000000000000, 0.0000000000000000000 ) ) ;
#268 = ORIENTED_EDGE ( 'NONE', *, *, #1222, .F. ) ;
#269 = FILL_AREA_STYLE ('',( #984 ) ) ;
#270 = EDGE_LOOP ( 'NONE', ( #1269, #1442, #724, #225 ) ) ;
#271 = CARTESIAN_POINT ( 'NONE',  ( -0.1000000000000000056, 0.0000000000000000000, 0.0000000000000000000 ) ) ;
#272 = UNCERTAINTY_MEASURE_WITH_UNIT (LENGTH_MEASURE( 1.000000000000000082E-05 ), #2341, 'distance_accuracy_value', 'NONE');
#273 = CYLINDRICAL_SURFACE ( 'NONE', #1130, 0.2500000000000000000 ) ;
#274 =( NAMED_UNIT ( * ) PLANE_ANGLE_UNIT ( ) SI_UNIT ( $, .RADIAN. ) );
#275 = FILL_AREA_STYLE_COLOUR ( '', #2314 ) ;
#276 = DIRECTION ( 'NONE',  ( -0.0000000000000000000, 1.000000000000000000, 0.0000000000000000000 ) ) ;
#277 = MECHANICAL_DESIGN_GEOMETRIC_PRESENTATION_REPRESENTATION (  '', ( #2639 ), #2354 ) ;
#278 =( LENGTH_UNIT ( ) NAMED_UNIT ( * ) SI_UNIT ( .MILLI., .METRE. ) );
#279 = ORIENTED_EDGE ( 'NONE', *, *, #116, .T. ) ;
#280 = CARTESIAN_POINT ( 'NONE',  ( -0.4749999999999999778, 0.5000000000000000000, 1.000000000000000000 ) ) ;
#281 = ORIENTED_EDGE ( 'NONE', *, *, #1072, .T. ) ;
#282 = VECTOR ( 'NONE', #2355, 1000.000000000000000 ) ;
#283 = EDGE_CURVE ( 'NONE', #2366, #2382, #2803, .T. ) ;
#284 =( GEOMETRIC_REPRESENTATION_CONTEXT ( 3 ) GLOBAL_UNCERTAINTY_ASSIGNED_CONTEXT ( ( #726 ) ) GLOBAL_UNIT_ASSIGNED_CONTEXT ( ( #1516, #1457, #2179 ) ) REPRESENTATION_CONTEXT ( 'NONE', 'WORKASPACE' ) );
#285 = DIRECTION ( 'NONE',  ( -0.0000000000000000000, 1.000000000000000000, 0.0000000000000000000 ) ) ;
#286 = VERTEX_POINT ( 'NONE', #509 ) ;
#287 = VECTOR ( 'NONE', #2255, 1000.000000000000000 ) ;
#288 = CARTESIAN_POINT ( 'NONE',  ( -0.1000000000000000056, 0.0000000000000000000, 0.3250000000000000666 ) ) ;
#289 =( GEOMETRIC_REPRESENTATION_CONTEXT ( 3 ) GLOBAL_UNCERTAINTY_ASSIGNED_CONTEXT ( ( #2590 ) ) GLOBAL_UNIT_ASSIGNED_CONTEXT ( ( #1753, #2906, #2666 ) ) REPRESENTATION_CONTEXT ( 'NONE', 'WORKASPACE' ) );
#290 = DIRECTION ( 'NONE',  ( -0.0000000000000000000, 0.0000000000000000000, -1.000000000000000000 ) ) ;
#291 = PRESENTATION_LAYER_ASSIGNMENT (  '', '', ( #336 ) ) ;
#292 = AXIS2_PLACEMENT_3D ( 'NONE', #2880, #1762, #2013 ) ;
#293 = CARTESIAN_POINT ( 'NONE',  ( -0.2500000000000000000, 0.5100000000000000089, 1.600000000000000089 ) ) ;
#294 = VECTOR ( 'NONE', #1330, 1000.000000000000000 ) ;
#295 = DIRECTION ( 'NONE',  ( 0.0000000000000000000, 0.0000000000000000000, 1.000000000000000000 ) ) ;
#296 = EDGE_CURVE ( 'NONE', #893, #76, #1446, .T. ) ;
#297 = PRESENTATION_STYLE_ASSIGNMENT (( #2070 ) ) ;
#298 = VECTOR ( 'NONE', #208, 1000.000000000000000 ) ;
#299 = SURFACE_SIDE_STYLE ('',( #1172 ) ) ;
#300 = VERTEX_POINT ( 'NONE', #2137 ) ;
#301 = DIRECTION ( 'NONE',  ( 0.0000000000000000000, 0.0000000000000000000, 1.000000000000000000 ) ) ;
#302 = ORIENTED_EDGE ( 'NONE', *, *, #474, .T. ) ;
#303 = ADVANCED_FACE ( 'NONE', ( #74 ), #1694, .F. ) ;
#304 = DIRECTION ( 'NONE',  ( -0.0000000000000000000, -1.000000000000000000, 0.0000000000000000000 ) ) ;
#305 = ORIENTED_EDGE ( 'NONE', *, *, #1072, .F. ) ;
#306 = DIRECTION ( 'NONE',  ( -1.000000000000000000, 0.0000000000000000000, -0.0000000000000000000 ) ) ;
#307 = UNCERTAINTY_MEASURE_WITH_UNIT (LENGTH_MEASURE( 1.000000000000000082E-05 ), #444, 'distance_accuracy_value', 'NONE');
#308 = DIRECTION ( 'NONE',  ( 0.0000000000000000000, 1.000000000000000000, 0.0000000000000000000 ) ) ;
#309 = PRESENTATION_STYLE_ASSIGNMENT (( #2218 ) ) ;
#310 = FILL_AREA_STYLE ('',( #538 ) ) ;
#311 = CARTESIAN_POINT ( 'NONE',  ( -0.5000000000000000000, 0.5100000000000000089, 1.200000000000000178 ) ) ;
#312 = DIRECTION ( 'NONE',  ( -0.0000000000000000000, 0.0000000000000000000, 1.000000000000000000 ) ) ;
#313 = ORIENTED_EDGE ( 'NONE', *, *, #2002, .F. ) ;
#314 = FACE_OUTER_BOUND ( 'NONE', #1599, .T. ) ;
#315 = EDGE_LOOP ( 'NONE', ( #1260, #1615, #329, #2580, #1742, #1143 ) ) ;
#316 = EDGE_CURVE ( 'NONE', #111, #114, #995, .T. ) ;
#317 = ORIENTED_EDGE ( 'NONE', *, *, #2478, .T. ) ;
#318 = DIRECTION ( 'NONE',  ( 0.0000000000000000000, 0.0000000000000000000, -1.000000000000000000 ) ) ;
#319 =( NAMED_UNIT ( * ) SI_UNIT ( $, .STERADIAN. ) SOLID_ANGLE_UNIT ( ) );
#320 = DIRECTION ( 'NONE',  ( -1.000000000000000000, 0.0000000000000000000, -0.0000000000000000000 ) ) ;
#321 = CARTESIAN_POINT ( 'NONE',  ( -0.05000000000000000278, 0.0000000000000000000, 0.8699999999999999956 ) ) ;
#322 = CARTESIAN_POINT ( 'NONE',  ( -0.5000000000000000000, 0.5100000000000000089, 1.350000000000000089 ) ) ;
#323 = SURFACE_STYLE_USAGE ( .BOTH. , #1455 ) ;
#324 = FILL_AREA_STYLE ('',( #585 ) ) ;
#325 = VECTOR ( 'NONE', #1076, 1000.000000000000000 ) ;
#326 = ORIENTED_EDGE ( 'NONE', *, *, #999, .T. ) ;
#327 =( GEOMETRIC_REPRESENTATION_CONTEXT ( 3 ) GLOBAL_UNCERTAINTY_ASSIGNED_CONTEXT ( ( #2233 ) ) GLOBAL_UNIT_ASSIGNED_CONTEXT ( ( #2158, #1019, #1229 ) ) REPRESENTATION_CONTEXT ( 'NONE', 'WORKASPACE' ) );
#328 = CARTESIAN_POINT ( 'NONE',  ( 0.0000000000000000000, 0.0000000000000000000, 0.5999999999999999778 ) ) ;
#329 = ORIENTED_EDGE ( 'NONE', *, *, #2426, .T. ) ;
#330 = VECTOR ( 'NONE', #1220, 1000.000000000000000 ) ;
#331 = EDGE_CURVE ( 'NONE', #478, #1617, #1476, .T. ) ;
#332 = PLANE ( 'NONE',  #1873 ) ;
#333 = VECTOR ( 'NONE', #2152, 1000.000000000000000 ) ;
#334 = EDGE_CURVE ( 'NONE', #690, #231, #2818, .T. ) ;
#335 = LINE ( 'NONE', #2867, #1692 ) ;
#336 = STYLED_ITEM ( 'NONE', ( #1986 ), #514 ) ;
#337 = CIRCLE ( 'NONE', #2017, 0.1999999999999999833 ) ;
#338 = UNCERTAINTY_MEASURE_WITH_UNIT (LENGTH_MEASURE( 1.000000000000000082E-05 ), #936, 'distance_accuracy_value', 'NONE');
#339 = CARTESIAN_POINT ( 'NONE',  ( 0.5000000000000000000, -0.01000000000000001235, 1.350000000000000089 ) ) ;
#340 = AXIS2_PLACEMENT_3D ( 'NONE', #1856, #2113, #540 ) ;
#341 = CARTESIAN_POINT ( 'NONE',  ( -0.4749999999999999778, 0.5000000000000000000, -1.000000000000000000 ) ) ;
#342 =( NAMED_UNIT ( * ) PLANE_ANGLE_UNIT ( ) SI_UNIT ( $, .RADIAN. ) );
#343 = ORIENTED_EDGE ( 'NONE', *, *, #608, .T. ) ;
#344 = VECTOR ( 'NONE', #934, 1000.000000000000000 ) ;
#345 = CARTESIAN_POINT ( 'NONE',  ( 0.1499999999999999944, 0.5000000000000000000, 1.406350832690000052 ) ) ;
#346 =( NAMED_UNIT ( * ) PLANE_ANGLE_UNIT ( ) SI_UNIT ( $, .RADIAN. ) );
#347 = DIRECTION ( 'NONE',  ( 0.0000000000000000000, -0.0000000000000000000, 1.000000000000000000 ) ) ;
#348 = ORIENTED_EDGE ( 'NONE', *, *, #1624, .T. ) ;
#349 = STYLED_ITEM ( 'NONE', ( #1595 ), #154 ) ;
#350 = EDGE_CURVE ( 'NONE', #2079, #2055, #2633, .T. ) ;
#351 = FACE_OUTER_BOUND ( 'NONE', #1894, .T. ) ;
#352 = ADVANCED_FACE ( 'NONE', ( #766 ), #1268, .T. ) ;
#353 =( NAMED_UNIT ( * ) SI_UNIT ( $, .STERADIAN. ) SOLID_ANGLE_UNIT ( ) );
#354 = SURFACE_STYLE_FILL_AREA ( #759 ) ;
#355 =( NAMED_UNIT ( * ) SI_UNIT ( $, .STERADIAN. ) SOLID_ANGLE_UNIT ( ) );
#356 = ORIENTED_EDGE ( 'NONE', *, *, #969, .F. ) ;
#357 = DIRECTION ( 'NONE',  ( 1.000000000000000000, 0.0000000000000000000, 0.0000000000000000000 ) ) ;
#358 = EDGE_CURVE ( 'NONE', #2957, #839, #234, .T. ) ;
#359 = FACE_OUTER_BOUND ( 'NONE', #1014, .T. ) ;
#360 = ORIENTED_EDGE ( 'NONE', *, *, #1089, .F. ) ;
#361 =( NAMED_UNIT ( * ) SI_UNIT ( $, .STERADIAN. ) SOLID_ANGLE_UNIT ( ) );
#362 = DIRECTION ( 'NONE',  ( 0.0000000000000000000, 0.0000000000000000000, 1.000000000000000000 ) ) ;
#363 = MECHANICAL_DESIGN_GEOMETRIC_PRESENTATION_REPRESENTATION (  '', ( #1044 ), #748 ) ;
#364 = ADVANCED_FACE ( 'NONE', ( #1307, #412 ), #2889, .F. ) ;
#365 = FILL_AREA_STYLE_COLOUR ( '', #567 ) ;
#366 = VERTEX_POINT ( 'NONE', #2227 ) ;
#367 =( NAMED_UNIT ( * ) PLANE_ANGLE_UNIT ( ) SI_UNIT ( $, .RADIAN. ) );
#368 = CYLINDRICAL_SURFACE ( 'NONE', #1581, 0.2000000000000000944 ) ;
#369 = PRESENTATION_STYLE_ASSIGNMENT (( #2646 ) ) ;
#370 =( NAMED_UNIT ( * ) SI_UNIT ( $, .STERADIAN. ) SOLID_ANGLE_UNIT ( ) );
#371 = ORIENTED_EDGE ( 'NONE', *, *, #73, .F. ) ;
#372 = COLOUR_RGB ( '',1.000000000000000000, 1.000000000000000000, 1.000000000000000000 ) ;
#373 = PRESENTATION_STYLE_ASSIGNMENT (( #2650 ) ) ;
#374 = AXIS2_PLACEMENT_3D ( 'NONE', #1440, #2367, #301 ) ;
#375 = COLOUR_RGB ( '',1.000000000000000000, 1.000000000000000000, 1.000000000000000000 ) ;
#376 = LINE ( 'NONE', #1525, #581 ) ;
#377 = PLANE ( 'NONE',  #757 ) ;
#378 = VECTOR ( 'NONE', #2432, 1000.000000000000000 ) ;
#379 =( GEOMETRIC_REPRESENTATION_CONTEXT ( 3 ) GLOBAL_UNCERTAINTY_ASSIGNED_CONTEXT ( ( #485 ) ) GLOBAL_UNIT_ASSIGNED_CONTEXT ( ( #2883, #1177, #1619 ) ) REPRESENTATION_CONTEXT ( 'NONE', 'WORKASPACE' ) );
#380 = DIRECTION ( 'NONE',  ( 0.0000000000000000000, -0.0000000000000000000, 1.000000000000000000 ) ) ;
#381 = ORIENTED_EDGE ( 'NONE', *, *, #2340, .T. ) ;
#382 = SURFACE_SIDE_STYLE ('',( #144 ) ) ;
#383 = PRESENTATION_LAYER_ASSIGNMENT (  '', '', ( #50 ) ) ;
#384 = EDGE_CURVE ( 'NONE', #1661, #2229, #1521, .T. ) ;
#385 =( LENGTH_UNIT ( ) NAMED_UNIT ( * ) SI_UNIT ( .MILLI., .METRE. ) );
#386 = VERTEX_POINT ( 'NONE', #2687 ) ;
#387 = EDGE_CURVE ( 'NONE', #1800, #948, #1079, .T. ) ;
#388 = MECHANICAL_DESIGN_GEOMETRIC_PRESENTATION_REPRESENTATION (  '', ( #1500 ), #2500 ) ;
#389 = DIRECTION ( 'NONE',  ( -1.000000000000000000, -0.0000000000000000000, -0.0000000000000000000 ) ) ;
#390 = COLOUR_RGB ( '',1.000000000000000000, 1.000000000000000000, 1.000000000000000000 ) ;
#391 =( NAMED_UNIT ( * ) PLANE_ANGLE_UNIT ( ) SI_UNIT ( $, .RADIAN. ) );
#392 = CARTESIAN_POINT ( 'NONE',  ( -0.5000000000000000000, 0.5000000000000000000, 1.600000000000000089 ) ) ;
#393 = UNCERTAINTY_MEASURE_WITH_UNIT (LENGTH_MEASURE( 1.000000000000000082E-05 ), #2256, 'distance_accuracy_value', 'NONE');
#394 = DIRECTION ( 'NONE',  ( 0.0000000000000000000, 1.000000000000000000, -0.0000000000000000000 ) ) ;
#395 = SURFACE_STYLE_FILL_AREA ( #649 ) ;
#396 = LINE ( 'NONE', #1315, #2697 ) ;
#397 = DIRECTION ( 'NONE',  ( 1.000000000000000000, -0.0000000000000000000, 0.0000000000000000000 ) ) ;
#398 = PRESENTATION_LAYER_ASSIGNMENT (  '', '', ( #1554 ) ) ;
#399 = CARTESIAN_POINT ( 'NONE',  ( 0.2500000000000000000, -0.01000000000000001235, -1.600000000000000089 ) ) ;
#400 = CARTESIAN_POINT ( 'NONE',  ( -0.4749999999999999778, 0.5000000000000000000, -1.000000000000000000 ) ) ;
#401 = ORIENTED_EDGE ( 'NONE', *, *, #1738, .T. ) ;
#402 = EDGE_CURVE ( 'NONE', #2938, #286, #2919, .T. ) ;
#403 = LINE ( 'NONE', #1322, #803 ) ;
#404 = ORIENTED_EDGE ( 'NONE', *, *, #2201, .T. ) ;
#405 = DIRECTION ( 'NONE',  ( -3.523657060577889805E-15, 0.0000000000000000000, 1.000000000000000000 ) ) ;
#406 =( LENGTH_UNIT ( ) NAMED_UNIT ( * ) SI_UNIT ( .MILLI., .METRE. ) );
#407 = CARTESIAN_POINT ( 'NONE',  ( 0.0000000000000000000, -0.01000000000000000021, 0.0000000000000000000 ) ) ;
#408 = PRESENTATION_LAYER_ASSIGNMENT (  '', '', ( #1718 ) ) ;
#409 = PLANE ( 'NONE',  #580 ) ;
#410 = FACE_OUTER_BOUND ( 'NONE', #2151, .T. ) ;
#411 = CARTESIAN_POINT ( 'NONE',  ( -0.5000000000000000000, -0.01000000000000000021, 1.600000000000000089 ) ) ;
#412 = FACE_OUTER_BOUND ( 'NONE', #2322, .T. ) ;
#413 = PLANE ( 'NONE',  #1698 ) ;
#414 = ORIENTED_EDGE ( 'NONE', *, *, #1511, .T. ) ;
#415 = PLANE ( 'NONE',  #582 ) ;
#416 = PRESENTATION_LAYER_ASSIGNMENT (  '', '', ( #32 ) ) ;
#417 = DIRECTION ( 'NONE',  ( -1.897353801849632760E-15, 0.0000000000000000000, 1.000000000000000000 ) ) ;
#418 = ADVANCED_FACE ( 'NONE', ( #1549 ), #1281, .F. ) ;
#419 =( LENGTH_UNIT ( ) NAMED_UNIT ( * ) SI_UNIT ( .MILLI., .METRE. ) );
#420 = FACE_OUTER_BOUND ( 'NONE', #1124, .T. ) ;
#421 = AXIS2_PLACEMENT_3D ( 'NONE', #2933, #1801, #2701 ) ;
#422 = SURFACE_STYLE_FILL_AREA ( #1983 ) ;
#423 =( LENGTH_UNIT ( ) NAMED_UNIT ( * ) SI_UNIT ( .MILLI., .METRE. ) );
#424 = ORIENTED_EDGE ( 'NONE', *, *, #859, .F. ) ;
#425 = FACE_OUTER_BOUND ( 'NONE', #1032, .T. ) ;
#426 = AXIS2_PLACEMENT_3D ( 'NONE', #2596, #1417, #2548 ) ;
#427 = EDGE_CURVE ( 'NONE', #214, #2566, #1539, .T. ) ;
#428 = COLOUR_RGB ( '',1.000000000000000000, 1.000000000000000000, 1.000000000000000000 ) ;
#429 = PLANE ( 'NONE',  #2776 ) ;
#430 = VERTEX_POINT ( 'NONE', #2198 ) ;
#431 = DIRECTION ( 'NONE',  ( 8.131516293641284241E-16, 0.0000000000000000000, 1.000000000000000000 ) ) ;
#432 = ORIENTED_EDGE ( 'NONE', *, *, #1374, .F. ) ;
#433 = CARTESIAN_POINT ( 'NONE',  ( 0.2999999999999999889, 0.5000000000000000000, 1.000000000000000000 ) ) ;
#434 = ORIENTED_EDGE ( 'NONE', *, *, #720, .F. ) ;
#435 = DIRECTION ( 'NONE',  ( -1.000000000000000000, -0.0000000000000000000, -0.0000000000000000000 ) ) ;
#436 = FILL_AREA_STYLE ('',( #1588 ) ) ;
#437 = VECTOR ( 'NONE', #732, 1000.000000000000000 ) ;
#438 = EDGE_CURVE ( 'NONE', #601, #1953, #1748, .T. ) ;
#439 = ORIENTED_EDGE ( 'NONE', *, *, #2605, .T. ) ;
#440 = LINE ( 'NONE', #2317, #1792 ) ;
#441 = CARTESIAN_POINT ( 'NONE',  ( -0.1000000000000000056, -0.01000000000000000021, 0.0000000000000000000 ) ) ;
#442 = LINE ( 'NONE', #1135, #2866 ) ;
#443 = ORIENTED_EDGE ( 'NONE', *, *, #2467, .T. ) ;
#444 =( LENGTH_UNIT ( ) NAMED_UNIT ( * ) SI_UNIT ( .MILLI., .METRE. ) );
#445 = VERTEX_POINT ( 'NONE', #640 ) ;
#446 = CARTESIAN_POINT ( 'NONE',  ( 0.2500000000000000000, 0.5100000000000000089, 1.600000000000000089 ) ) ;
#447 = VERTEX_POINT ( 'NONE', #2674 ) ;
#448 = PRESENTATION_STYLE_ASSIGNMENT (( #2508 ) ) ;
#449 = UNCERTAINTY_MEASURE_WITH_UNIT (LENGTH_MEASURE( 1.000000000000000082E-05 ), #1888, 'distance_accuracy_value', 'NONE');
#450 = PLANE ( 'NONE',  #2907 ) ;
#451 = DIRECTION ( 'NONE',  ( 0.0000000000000000000, -0.0000000000000000000, -1.000000000000000000 ) ) ;
#452 = EDGE_LOOP ( 'NONE', ( #401, #2539, #2419, #2434 ) ) ;
#453 = LINE ( 'NONE', #651, #1266 ) ;
#454 = SURFACE_SIDE_STYLE ('',( #1328 ) ) ;
#455 = ADVANCED_FACE ( 'NONE', ( #1559 ), #1730, .T. ) ;
#456 = CARTESIAN_POINT ( 'NONE',  ( 0.0000000000000000000, 0.5000000000000000000, 0.0000000000000000000 ) ) ;
#457 = VERTEX_POINT ( 'NONE', #1253 ) ;
#458 = PRESENTATION_STYLE_ASSIGNMENT (( #1110 ) ) ;
#459 = ORIENTED_EDGE ( 'NONE', *, *, #1934, .T. ) ;
#460 =( NAMED_UNIT ( * ) PLANE_ANGLE_UNIT ( ) SI_UNIT ( $, .RADIAN. ) );
#461 = ORIENTED_EDGE ( 'NONE', *, *, #2174, .T. ) ;
#462 = EDGE_CURVE ( 'NONE', #706, #620, #2873, .T. ) ;
#463 = MECHANICAL_DESIGN_GEOMETRIC_PRESENTATION_REPRESENTATION (  '', ( #1766 ), #2631 ) ;
#464 = DIRECTION ( 'NONE',  ( 0.0000000000000000000, 0.0000000000000000000, 1.000000000000000000 ) ) ;
#465 = VECTOR ( 'NONE', #2082, 1000.000000000000000 ) ;
#466 = FILL_AREA_STYLE ('',( #1179 ) ) ;
#467 = VERTEX_POINT ( 'NONE', #1972 ) ;
#468 =( GEOMETRIC_REPRESENTATION_CONTEXT ( 3 ) GLOBAL_UNCERTAINTY_ASSIGNED_CONTEXT ( ( #91 ) ) GLOBAL_UNIT_ASSIGNED_CONTEXT ( ( #2409, #2876, #813 ) ) REPRESENTATION_CONTEXT ( 'NONE', 'WORKASPACE' ) );
#469 = CARTESIAN_POINT ( 'NONE',  ( -0.1000000000000000056, -0.01000000000000000021, 0.4749999999999999778 ) ) ;
#470 = SURFACE_STYLE_FILL_AREA ( #2784 ) ;
#471 = DIRECTION ( 'NONE',  ( 1.000000000000000000, 0.0000000000000000000, -0.0000000000000000000 ) ) ;
#472 = VECTOR ( 'NONE', #566, 1000.000000000000000 ) ;
#473 = CARTESIAN_POINT ( 'NONE',  ( -0.4749999999999999778, 0.5000000000000000000, 0.0000000000000000000 ) ) ;
#474 = EDGE_CURVE ( 'NONE', #386, #2804, #1531, .T. ) ;
#475 = ORIENTED_EDGE ( 'NONE', *, *, #2246, .F. ) ;
#476 = SURFACE_STYLE_USAGE ( .BOTH. , #1860 ) ;
#477 = COLOUR_RGB ( '',1.000000000000000000, 1.000000000000000000, 1.000000000000000000 ) ;
#478 = VERTEX_POINT ( 'NONE', #1474 ) ;
#479 = AXIS2_PLACEMENT_3D ( 'NONE', #1293, #160, #1329 ) ;
#480 = COLOUR_RGB ( '',1.000000000000000000, 1.000000000000000000, 1.000000000000000000 ) ;
#481 = EDGE_CURVE ( 'NONE', #2099, #2517, #1489, .T. ) ;
#482 = VECTOR ( 'NONE', #2098, 1000.000000000000000 ) ;
#483 = ORIENTED_EDGE ( 'NONE', *, *, #604, .T. ) ;
#484 = COLOUR_RGB ( '',1.000000000000000000, 1.000000000000000000, 1.000000000000000000 ) ;
#485 = UNCERTAINTY_MEASURE_WITH_UNIT (LENGTH_MEASURE( 1.000000000000000082E-05 ), #2883, 'distance_accuracy_value', 'NONE');
#486 = AXIS2_PLACEMENT_3D ( 'NONE', #2288, #655, #1092 ) ;
#487 = SURFACE_SIDE_STYLE ('',( #2545 ) ) ;
#488 = VECTOR ( 'NONE', #1806, 1000.000000000000000 ) ;
#489 =( NAMED_UNIT ( * ) SI_UNIT ( $, .STERADIAN. ) SOLID_ANGLE_UNIT ( ) );
#490 = VERTEX_POINT ( 'NONE', #2393 ) ;
#491 = DIRECTION ( 'NONE',  ( -1.000000000000000000, 0.0000000000000000000, -0.0000000000000000000 ) ) ;
#492 = ORIENTED_EDGE ( 'NONE', *, *, #1993, .T. ) ;
#493 = DIRECTION ( 'NONE',  ( -1.000000000000000000, 0.0000000000000000000, -0.0000000000000000000 ) ) ;
#494 = ORIENTED_EDGE ( 'NONE', *, *, #579, .F. ) ;
#495 = ORIENTED_EDGE ( 'NONE', *, *, #2908, .F. ) ;
#496 = MECHANICAL_DESIGN_GEOMETRIC_PRESENTATION_REPRESENTATION (  '', ( #2736 ), #1404 ) ;
#497 = LINE ( 'NONE', #513, #2207 ) ;
#498 = EDGE_CURVE ( 'NONE', #1055, #457, #1954, .T. ) ;
#499 = DIRECTION ( 'NONE',  ( -3.523657060577889805E-15, 0.0000000000000000000, 1.000000000000000000 ) ) ;
#500 = LINE ( 'NONE', #259, #1964 ) ;
#501 = SURFACE_SIDE_STYLE ('',( #1655 ) ) ;
#502 =( LENGTH_UNIT ( ) NAMED_UNIT ( * ) SI_UNIT ( .MILLI., .METRE. ) );
#503 = SURFACE_STYLE_FILL_AREA ( #1685 ) ;
#504 = FILL_AREA_STYLE ('',( #264 ) ) ;
#505 = DIRECTION ( 'NONE',  ( 0.0000000000000000000, 0.0000000000000000000, -1.000000000000000000 ) ) ;
#506 = ORIENTED_EDGE ( 'NONE', *, *, #2861, .F. ) ;
#507 = DIRECTION ( 'NONE',  ( -1.000000000000000000, -0.0000000000000000000, 0.0000000000000000000 ) ) ;
#508 = ORIENTED_EDGE ( 'NONE', *, *, #110, .F. ) ;
#509 = CARTESIAN_POINT ( 'NONE',  ( -0.3000000000000000444, 0.5100000000000000089, 1.000000000000000000 ) ) ;
#510 = LINE ( 'NONE', #2570, #2882 ) ;
#511 = STYLED_ITEM ( 'NONE', ( #928 ), #1120 ) ;
#512 = ORIENTED_EDGE ( 'NONE', *, *, #1649, .F. ) ;
#513 = CARTESIAN_POINT ( 'NONE',  ( -0.1000000000000000056, 0.0000000000000000000, 0.0000000000000000000 ) ) ;
#514 = ADVANCED_FACE ( 'NONE', ( #2445 ), #2210, .T. ) ;
#515 = CARTESIAN_POINT ( 'NONE',  ( -0.1000000000000000056, 0.0000000000000000000, -0.4749999999999999778 ) ) ;
#516 = SURFACE_STYLE_FILL_AREA ( #1180 ) ;
#517 = ADVANCED_FACE ( 'NONE', ( #2405 ), #2847, .T. ) ;
#518 = DIRECTION ( 'NONE',  ( 0.0000000000000000000, 0.0000000000000000000, 1.000000000000000000 ) ) ;
#519 = PLANE ( 'NONE',  #2019 ) ;
#520 = VECTOR ( 'NONE', #1167, 1000.000000000000000 ) ;
#521 = DIRECTION ( 'NONE',  ( 0.0000000000000000000, 1.000000000000000000, 0.0000000000000000000 ) ) ;
#522 = VERTEX_POINT ( 'NONE', #115 ) ;
#523 = CARTESIAN_POINT ( 'NONE',  ( -0.5000000000000000000, 0.5100000000000000089, 1.600000000000000089 ) ) ;
#524 = ORIENTED_EDGE ( 'NONE', *, *, #2894, .T. ) ;
#525 = PRESENTATION_LAYER_ASSIGNMENT (  '', '', ( #1434 ) ) ;
#526 = COLOUR_RGB ( '',1.000000000000000000, 1.000000000000000000, 1.000000000000000000 ) ;
#527 = CARTESIAN_POINT ( 'NONE',  ( 0.1499999999999999667, 0.5100000000000000089, 1.406350832689814645 ) ) ;
#528 = SURFACE_STYLE_FILL_AREA ( #1463 ) ;
#529 = EDGE_CURVE ( 'NONE', #2554, #1235, #811, .T. ) ;
#530 = ORIENTED_EDGE ( 'NONE', *, *, #1955, .T. ) ;
#531 = VECTOR ( 'NONE', #1705, 1000.000000000000000 ) ;
#532 = LINE ( 'NONE', #2821, #42 ) ;
#533 = VECTOR ( 'NONE', #178, 1000.000000000000000 ) ;
#534 = CARTESIAN_POINT ( 'NONE',  ( 0.1000000000000000056, 0.0000000000000000000, -0.4749999999999999778 ) ) ;
#535 = AXIS2_PLACEMENT_3D ( 'NONE', #1642, #262, #1657 ) ;
#536 = PRESENTATION_LAYER_ASSIGNMENT (  '', '', ( #673 ) ) ;
#537 = CARTESIAN_POINT ( 'NONE',  ( 0.4749999999999999778, 0.5000000000000000000, 1.000000000000000000 ) ) ;
#538 = FILL_AREA_STYLE_COLOUR ( '', #477 ) ;
#539 = VECTOR ( 'NONE', #2306, 1000.000000000000000 ) ;
#540 = DIRECTION ( 'NONE',  ( -1.000000000000000000, 0.0000000000000000000, -0.0000000000000000000 ) ) ;
#541 = EDGE_CURVE ( 'NONE', #70, #1235, #1506, .T. ) ;
#542 = CIRCLE ( 'NONE', #2075, 0.2000000000000000944 ) ;
#543 = FACE_OUTER_BOUND ( 'NONE', #654, .T. ) ;
#544 = ORIENTED_EDGE ( 'NONE', *, *, #1666, .F. ) ;
#545 = LINE ( 'NONE', #1406, #1195 ) ;
#546 = ORIENTED_EDGE ( 'NONE', *, *, #163, .T. ) ;
#547 = PRESENTATION_STYLE_ASSIGNMENT (( #2607 ) ) ;
#548 = DIRECTION ( 'NONE',  ( 0.0000000000000000000, 0.0000000000000000000, 1.000000000000000000 ) ) ;
#549 = VERTEX_POINT ( 'NONE', #598 ) ;
#550 = CARTESIAN_POINT ( 'NONE',  ( -0.05000000000000000278, -0.01000000000000000021, 0.8699999999999999956 ) ) ;
#551 =( NAMED_UNIT ( * ) SI_UNIT ( $, .STERADIAN. ) SOLID_ANGLE_UNIT ( ) );
#552 = CARTESIAN_POINT ( 'NONE',  ( -0.1499999999999999667, 0.5100000000000000089, -1.406350832689814645 ) ) ;
#553 =( NAMED_UNIT ( * ) PLANE_ANGLE_UNIT ( ) SI_UNIT ( $, .RADIAN. ) );
#554 = FACE_OUTER_BOUND ( 'NONE', #2085, .T. ) ;
#555 = DIRECTION ( 'NONE',  ( 1.000000000000000000, 0.0000000000000000000, 0.0000000000000000000 ) ) ;
#556 = VERTEX_POINT ( 'NONE', #1519 ) ;
#557 = EDGE_CURVE ( 'NONE', #2245, #2957, #1289, .T. ) ;
#558 = CARTESIAN_POINT ( 'NONE',  ( 0.2500000000000000000, -0.01000000000000001235, 1.600000000000000089 ) ) ;
#559 = ORIENTED_EDGE ( 'NONE', *, *, #2563, .T. ) ;
#560 =( LENGTH_UNIT ( ) NAMED_UNIT ( * ) SI_UNIT ( .MILLI., .METRE. ) );
#561 = LINE ( 'NONE', #2822, #2496 ) ;
#562 =( GEOMETRIC_REPRESENTATION_CONTEXT ( 3 ) GLOBAL_UNCERTAINTY_ASSIGNED_CONTEXT ( ( #1350 ) ) GLOBAL_UNIT_ASSIGNED_CONTEXT ( ( #2208, #342, #355 ) ) REPRESENTATION_CONTEXT ( 'NONE', 'WORKASPACE' ) );
#563 =( NAMED_UNIT ( * ) SI_UNIT ( $, .STERADIAN. ) SOLID_ANGLE_UNIT ( ) );
#564 =( NAMED_UNIT ( * ) SI_UNIT ( $, .STERADIAN. ) SOLID_ANGLE_UNIT ( ) );
#565 = FACE_OUTER_BOUND ( 'NONE', #2860, .T. ) ;
#566 = DIRECTION ( 'NONE',  ( -1.000000000000000000, -0.0000000000000000000, -0.0000000000000000000 ) ) ;
#567 = COLOUR_RGB ( '',1.000000000000000000, 1.000000000000000000, 1.000000000000000000 ) ;
#568 = PRESENTATION_STYLE_ASSIGNMENT (( #1234 ) ) ;
#569 = AXIS2_PLACEMENT_3D ( 'NONE', #2236, #2252, #647 ) ;
#570 = ORIENTED_EDGE ( 'NONE', *, *, #427, .T. ) ;
#571 = CARTESIAN_POINT ( 'NONE',  ( 0.0000000000000000000, 0.5000000000000000000, -1.000000000000000000 ) ) ;
#572 = EDGE_CURVE ( 'NONE', #1192, #706, #895, .T. ) ;
#573 = FILL_AREA_STYLE ('',( #1708 ) ) ;
#574 = VERTEX_POINT ( 'NONE', #1771 ) ;
#575 = VECTOR ( 'NONE', #435, 1000.000000000000000 ) ;
#576 = CARTESIAN_POINT ( 'NONE',  ( 0.4749999999999999778, 0.5000000000000000000, 0.0000000000000000000 ) ) ;
#577 = PRESENTATION_STYLE_ASSIGNMENT (( #1450 ) ) ;
#578 = COLOUR_RGB ( '',1.000000000000000000, 1.000000000000000000, 1.000000000000000000 ) ;
#579 = EDGE_CURVE ( 'NONE', #620, #1746, #202, .T. ) ;
#580 = AXIS2_PLACEMENT_3D ( 'NONE', #1573, #2959, #1384 ) ;
#581 = VECTOR ( 'NONE', #874, 1000.000000000000000 ) ;
#582 = AXIS2_PLACEMENT_3D ( 'NONE', #152, #164, #1552 ) ;
#583 = DIRECTION ( 'NONE',  ( -0.0000000000000000000, 1.000000000000000000, 0.0000000000000000000 ) ) ;
#584 = PRESENTATION_LAYER_ASSIGNMENT (  '', '', ( #1105 ) ) ;
#585 = FILL_AREA_STYLE_COLOUR ( '', #1731 ) ;
#586 = ORIENTED_EDGE ( 'NONE', *, *, #384, .F. ) ;
#587 = DIRECTION ( 'NONE',  ( -0.0000000000000000000, 0.0000000000000000000, -1.000000000000000000 ) ) ;
#588 = PRESENTATION_LAYER_ASSIGNMENT (  '', '', ( #976 ) ) ;
#589 = CARTESIAN_POINT ( 'NONE',  ( 0.5000000000000000000, 0.5000000000000000000, 1.200000000000000178 ) ) ;
#590 = FILL_AREA_STYLE_COLOUR ( '', #1736 ) ;
#591 = LINE ( 'NONE', #1509, #1543 ) ;
#592 = ORIENTED_EDGE ( 'NONE', *, *, #1020, .F. ) ;
#593 = EDGE_CURVE ( 'NONE', #1043, #1613, #2470, .T. ) ;
#594 = PRESENTATION_STYLE_ASSIGNMENT (( #2654 ) ) ;
#595 = ORIENTED_EDGE ( 'NONE', *, *, #36, .F. ) ;
#596 = CARTESIAN_POINT ( 'NONE',  ( -0.1499999999999999944, 0.5000000000000000000, -1.406350832690000052 ) ) ;
#597 = ORIENTED_EDGE ( 'NONE', *, *, #1977, .F. ) ;
#598 = CARTESIAN_POINT ( 'NONE',  ( 0.1499999999999213907, 0.5100000000000000089, -1.406350832689771346 ) ) ;
#599 = LINE ( 'NONE', #131, #2587 ) ;
#600 = DIRECTION ( 'NONE',  ( -0.0000000000000000000, -1.000000000000000000, -0.0000000000000000000 ) ) ;
#601 = VERTEX_POINT ( 'NONE', #652 ) ;
#602 = FILL_AREA_STYLE ('',( #121 ) ) ;
#603 = CARTESIAN_POINT ( 'NONE',  ( -0.1000000000000000056, 0.0000000000000000000, 0.3250000000000000666 ) ) ;
#604 = EDGE_CURVE ( 'NONE', #135, #1551, #2914, .T. ) ;
#605 = UNCERTAINTY_MEASURE_WITH_UNIT (LENGTH_MEASURE( 1.000000000000000082E-05 ), #2608, 'distance_accuracy_value', 'NONE');
#606 = AXIS2_PLACEMENT_3D ( 'NONE', #2783, #1827, #451 ) ;
#607 = CARTESIAN_POINT ( 'NONE',  ( 0.5000000000000000000, 0.5100000000000000089, -1.600000000000000089 ) ) ;
#608 = EDGE_CURVE ( 'NONE', #690, #266, #2284, .T. ) ;
#609 = ORIENTED_EDGE ( 'NONE', *, *, #2572, .T. ) ;
#610 =( NAMED_UNIT ( * ) PLANE_ANGLE_UNIT ( ) SI_UNIT ( $, .RADIAN. ) );
#611 =( LENGTH_UNIT ( ) NAMED_UNIT ( * ) SI_UNIT ( .MILLI., .METRE. ) );
#612 = ORIENTED_EDGE ( 'NONE', *, *, #2742, .F. ) ;
#613 = STYLED_ITEM ( 'NONE', ( #1520 ), #1809 ) ;
#614 = SURFACE_STYLE_USAGE ( .BOTH. , #2841 ) ;
#615 = AXIS2_PLACEMENT_3D ( 'NONE', #1356, #2258, #1598 ) ;
#616 = STYLED_ITEM ( 'NONE', ( #2362 ), #204 ) ;
#617 = FILL_AREA_STYLE_COLOUR ( '', #1863 ) ;
#618 = COLOUR_RGB ( '',1.000000000000000000, 1.000000000000000000, 1.000000000000000000 ) ;
#619 = CIRCLE ( 'NONE', #2313, 1.000000000000000000 ) ;
#620 = VERTEX_POINT ( 'NONE', #215 ) ;
#621 = SURFACE_SIDE_STYLE ('',( #1787 ) ) ;
#622 = MECHANICAL_DESIGN_GEOMETRIC_PRESENTATION_REPRESENTATION (  '', ( #1210 ), #1498 ) ;
#623 = ADVANCED_FACE ( 'NONE', ( #637 ), #670, .T. ) ;
#624 = LINE ( 'NONE', #1343, #2058 ) ;
#625 = SURFACE_SIDE_STYLE ('',( #1997 ) ) ;
#626 = LINE ( 'NONE', #1893, #437 ) ;
#627 = VERTEX_POINT ( 'NONE', #2700 ) ;
#628 = CARTESIAN_POINT ( 'NONE',  ( -0.5000000000000000000, 0.5000000000000000000, -1.600000000000000089 ) ) ;
#629 = AXIS2_PLACEMENT_3D ( 'NONE', #644, #1632, #1564 ) ;
#630 = DIRECTION ( 'NONE',  ( 0.0000000000000000000, 0.0000000000000000000, 1.000000000000000000 ) ) ;
#631 = VECTOR ( 'NONE', #1367, 1000.000000000000000 ) ;
#632 = FILL_AREA_STYLE ('',( #2376 ) ) ;
#633 =( NAMED_UNIT ( * ) SI_UNIT ( $, .STERADIAN. ) SOLID_ANGLE_UNIT ( ) );
#634 =( NAMED_UNIT ( * ) PLANE_ANGLE_UNIT ( ) SI_UNIT ( $, .RADIAN. ) );
#635 = LINE ( 'NONE', #2024, #2435 ) ;
#636 = VERTEX_POINT ( 'NONE', #2900 ) ;
#637 = FACE_OUTER_BOUND ( 'NONE', #918, .T. ) ;
#638 = CARTESIAN_POINT ( 'NONE',  ( 0.1000000000000000194, 0.5100000000000000089, 1.600000000000000089 ) ) ;
#639 = EDGE_CURVE ( 'NONE', #1111, #478, #2685, .T. ) ;
#640 = CARTESIAN_POINT ( 'NONE',  ( -0.5000000000000000000, 0.5000000000000000000, 1.200000000000000178 ) ) ;
#641 = CARTESIAN_POINT ( 'NONE',  ( -0.5000000000000000000, 0.5100000000000000089, -1.200000000000000178 ) ) ;
#642 = VERTEX_POINT ( 'NONE', #1557 ) ;
#643 = FACE_OUTER_BOUND ( 'NONE', #842, .T. ) ;
#644 = CARTESIAN_POINT ( 'NONE',  ( -0.5000000000000000000, 0.0000000000000000000, -1.600000000000000089 ) ) ;
#645 = ORIENTED_EDGE ( 'NONE', *, *, #1767, .T. ) ;
#646 = ADVANCED_FACE ( 'NONE', ( #410 ), #2931, .T. ) ;
#647 = DIRECTION ( 'NONE',  ( -1.000000000000000000, 0.0000000000000000000, -0.0000000000000000000 ) ) ;
#648 = MECHANICAL_DESIGN_GEOMETRIC_PRESENTATION_REPRESENTATION (  '', ( #511 ), #126 ) ;
#649 = FILL_AREA_STYLE ('',( #1811 ) ) ;
#650 = VERTEX_POINT ( 'NONE', #2 ) ;
#651 = CARTESIAN_POINT ( 'NONE',  ( 0.0000000000000000000, 0.5000000000000000000, -1.600000000000000089 ) ) ;
#652 = CARTESIAN_POINT ( 'NONE',  ( 0.2500000000000000000, -0.01000000000000000021, -1.199999999999999956 ) ) ;
#653 = CARTESIAN_POINT ( 'NONE',  ( 0.2500000000000000000, 0.0000000000000000000, -1.600000000000000089 ) ) ;
#654 = EDGE_LOOP ( 'NONE', ( #281, #2534, #2925, #688, #2404 ) ) ;
#655 = DIRECTION ( 'NONE',  ( -0.0000000000000000000, -1.000000000000000000, -0.0000000000000000000 ) ) ;
#656 = EDGE_LOOP ( 'NONE', ( #1510, #2006, #1941, #2092 ) ) ;
#657 = EDGE_CURVE ( 'NONE', #447, #195, #2318, .T. ) ;
#658 = COLOUR_RGB ( '',1.000000000000000000, 1.000000000000000000, 1.000000000000000000 ) ;
#659 = DIRECTION ( 'NONE',  ( -0.0000000000000000000, 1.000000000000000000, 0.0000000000000000000 ) ) ;
#660 = STYLED_ITEM ( 'NONE', ( #2295 ), #2511 ) ;
#661 =( NAMED_UNIT ( * ) PLANE_ANGLE_UNIT ( ) SI_UNIT ( $, .RADIAN. ) );
#662 = ADVANCED_FACE ( 'NONE', ( #2344 ), #519, .F. ) ;
#663 = VECTOR ( 'NONE', #1361, 1000.000000000000000 ) ;
#664 = UNCERTAINTY_MEASURE_WITH_UNIT (LENGTH_MEASURE( 1.000000000000000082E-05 ), #1013, 'distance_accuracy_value', 'NONE');
#665 = PRESENTATION_LAYER_ASSIGNMENT (  '', '', ( #763 ) ) ;
#666 = VECTOR ( 'NONE', #1830, 1000.000000000000000 ) ;
#667 = STYLED_ITEM ( 'NONE', ( #1249 ), #2348 ) ;
#668 = ORIENTED_EDGE ( 'NONE', *, *, #31, .F. ) ;
#669 = LINE ( 'NONE', #2025, #2076 ) ;
#670 = PLANE ( 'NONE',  #2167 ) ;
#671 = AXIS2_PLACEMENT_3D ( 'NONE', #2498, #2093, #1128 ) ;
#672 = SURFACE_STYLE_FILL_AREA ( #2961 ) ;
#673 = STYLED_ITEM ( 'NONE', ( #577 ), #2881 ) ;
#674 = ORIENTED_EDGE ( 'NONE', *, *, #2292, .F. ) ;
#675 =( NAMED_UNIT ( * ) SI_UNIT ( $, .STERADIAN. ) SOLID_ANGLE_UNIT ( ) );
#676 = ORIENTED_EDGE ( 'NONE', *, *, #2792, .F. ) ;
#677 = COLOUR_RGB ( '',1.000000000000000000, 1.000000000000000000, 1.000000000000000000 ) ;
#678 = CARTESIAN_POINT ( 'NONE',  ( -0.5000000000000000000, 0.0000000000000000000, 0.6000000000000000888 ) ) ;
#679 = ORIENTED_EDGE ( 'NONE', *, *, #1020, .T. ) ;
#680 = FILL_AREA_STYLE_COLOUR ( '', #2536 ) ;
#681 = AXIS2_PLACEMENT_3D ( 'NONE', #24, #2585, #2372 ) ;
#682 = ADVANCED_FACE ( 'NONE', ( #1871 ), #2578, .T. ) ;
#683 = PRESENTATION_LAYER_ASSIGNMENT (  '', '', ( #1393 ) ) ;
#684 = ORIENTED_EDGE ( 'NONE', *, *, #1196, .T. ) ;
#685 = LINE ( 'NONE', #1622, #2556 ) ;
#686 = CARTESIAN_POINT ( 'NONE',  ( 0.0000000000000000000, -0.01000000000000000021, 1.199999999999999956 ) ) ;
#687 = LINE ( 'NONE', #2301, #666 ) ;
#688 = ORIENTED_EDGE ( 'NONE', *, *, #529, .F. ) ;
#689 = LINE ( 'NONE', #2948, #56 ) ;
#690 = VERTEX_POINT ( 'NONE', #1183 ) ;
#691 = CARTESIAN_POINT ( 'NONE',  ( 0.5000000000000000000, 0.5100000000000000089, 1.600000000000000089 ) ) ;
#692 = ORIENTED_EDGE ( 'NONE', *, *, #1445, .T. ) ;
#693 = SURFACE_STYLE_FILL_AREA ( #2328 ) ;
#694 = CYLINDRICAL_SURFACE ( 'NONE', #190, 0.3999999999999999667 ) ;
#695 = UNCERTAINTY_MEASURE_WITH_UNIT (LENGTH_MEASURE( 1.000000000000000082E-05 ), #1403, 'distance_accuracy_value', 'NONE');
#696 = EDGE_CURVE ( 'NONE', #1424, #386, #723, .T. ) ;
#697 = ORIENTED_EDGE ( 'NONE', *, *, #1777, .T. ) ;
#698 = CARTESIAN_POINT ( 'NONE',  ( -0.4749999999999999778, 0.5000000000000001110, 1.000000000000000000 ) ) ;
#699 =( NAMED_UNIT ( * ) PLANE_ANGLE_UNIT ( ) SI_UNIT ( $, .RADIAN. ) );
#700 = CYLINDRICAL_SURFACE ( 'NONE', #1918, 0.2000000000000000944 ) ;
#701 = ORIENTED_EDGE ( 'NONE', *, *, #1624, .F. ) ;
#702 = LINE ( 'NONE', #523, #2958 ) ;
#703 = VERTEX_POINT ( 'NONE', #1436 ) ;
#704 = PRODUCT_RELATED_PRODUCT_CATEGORY ( 'part', '', ( #758 ) ) ;
#705 = DIRECTION ( 'NONE',  ( 0.0000000000000000000, -0.0000000000000000000, -1.000000000000000000 ) ) ;
#706 = VERTEX_POINT ( 'NONE', #1903 ) ;
#707 = SURFACE_STYLE_USAGE ( .BOTH. , #954 ) ;
#708 =( GEOMETRIC_REPRESENTATION_CONTEXT ( 3 ) GLOBAL_UNCERTAINTY_ASSIGNED_CONTEXT ( ( #2679 ) ) GLOBAL_UNIT_ASSIGNED_CONTEXT ( ( #1686, #2830, #1063 ) ) REPRESENTATION_CONTEXT ( 'NONE', 'WORKASPACE' ) );
#709 = CARTESIAN_POINT ( 'NONE',  ( -0.5000000000000000000, 0.0000000000000000000, 1.199999999999999956 ) ) ;
#710 = PLANE ( 'NONE',  #606 ) ;
#711 = ORIENTED_EDGE ( 'NONE', *, *, #130, .T. ) ;
#712 = FACE_OUTER_BOUND ( 'NONE', #2072, .T. ) ;
#713 = DIRECTION ( 'NONE',  ( 0.0000000000000000000, -0.0000000000000000000, 1.000000000000000000 ) ) ;
#714 = CARTESIAN_POINT ( 'NONE',  ( -0.5000000000000000000, -0.01000000000000000021, 1.600000000000000089 ) ) ;
#715 = VECTOR ( 'NONE', #1625, 1000.000000000000000 ) ;
#716 = CARTESIAN_POINT ( 'NONE',  ( -0.1500000000000000222, 0.5000000000000000000, 1.000000000000000000 ) ) ;
#717 = ORIENTED_EDGE ( 'NONE', *, *, #1259, .F. ) ;
#718 = PRESENTATION_LAYER_ASSIGNMENT (  '', '', ( #616 ) ) ;
#719 = ORIENTED_EDGE ( 'NONE', *, *, #1142, .T. ) ;
#720 = EDGE_CURVE ( 'NONE', #1176, #1565, #2528, .T. ) ;
#721 = AXIS2_PLACEMENT_3D ( 'NONE', #1028, #840, #2182 ) ;
#722 = COLOUR_RGB ( '',1.000000000000000000, 1.000000000000000000, 1.000000000000000000 ) ;
#723 = CIRCLE ( 'NONE', #770, 0.1999999999999999833 ) ;
#724 = ORIENTED_EDGE ( 'NONE', *, *, #2463, .F. ) ;
#725 = DIRECTION ( 'NONE',  ( 0.0000000000000000000, 1.000000000000000000, -0.0000000000000000000 ) ) ;
#726 = UNCERTAINTY_MEASURE_WITH_UNIT (LENGTH_MEASURE( 1.000000000000000082E-05 ), #1516, 'distance_accuracy_value', 'NONE');
#727 = VECTOR ( 'NONE', #232, 1000.000000000000000 ) ;
#728 = DIRECTION ( 'NONE',  ( -1.000000000000000000, -0.0000000000000000000, 0.0000000000000000000 ) ) ;
#729 =( NAMED_UNIT ( * ) PLANE_ANGLE_UNIT ( ) SI_UNIT ( $, .RADIAN. ) );
#730 = DIRECTION ( 'NONE',  ( 1.000000000000000000, 0.0000000000000000000, 0.0000000000000000000 ) ) ;
#731 = ORIENTED_EDGE ( 'NONE', *, *, #1803, .T. ) ;
#732 = DIRECTION ( 'NONE',  ( -0.0000000000000000000, 0.0000000000000000000, -1.000000000000000000 ) ) ;
#733 = VERTEX_POINT ( 'NONE', #55 ) ;
#734 = EDGE_CURVE ( 'NONE', #2287, #1844, #2069, .T. ) ;
#735 = CARTESIAN_POINT ( 'NONE',  ( 0.3000000000000000444, 0.5100000000000000089, 1.000000000000000000 ) ) ;
#736 = CARTESIAN_POINT ( 'NONE',  ( -0.1000000000000000056, 0.0000000000000000000, -0.2000000000000000111 ) ) ;
#737 = VERTEX_POINT ( 'NONE', #2811 ) ;
#738 =( NAMED_UNIT ( * ) SI_UNIT ( $, .STERADIAN. ) SOLID_ANGLE_UNIT ( ) );
#739 = SURFACE_STYLE_USAGE ( .BOTH. , #2375 ) ;
#740 =( LENGTH_UNIT ( ) NAMED_UNIT ( * ) SI_UNIT ( .MILLI., .METRE. ) );
#741 = ADVANCED_FACE ( 'NONE', ( #34 ), #2564, .T. ) ;
#742 = CARTESIAN_POINT ( 'NONE',  ( 0.0000000000000000000, -0.01000000000000000021, 0.0000000000000000000 ) ) ;
#743 = CARTESIAN_POINT ( 'NONE',  ( 0.5000000000000000000, -0.01000000000000000021, -1.600000000000000089 ) ) ;
#744 = DIRECTION ( 'NONE',  ( 0.0000000000000000000, -1.000000000000000000, 0.0000000000000000000 ) ) ;
#745 = ORIENTED_EDGE ( 'NONE', *, *, #2162, .T. ) ;
#746 = VERTEX_POINT ( 'NONE', #1744 ) ;
#747 = DIRECTION ( 'NONE',  ( 0.0000000000000000000, 1.000000000000000000, 0.0000000000000000000 ) ) ;
#748 =( GEOMETRIC_REPRESENTATION_CONTEXT ( 3 ) GLOBAL_UNCERTAINTY_ASSIGNED_CONTEXT ( ( #1482 ) ) GLOBAL_UNIT_ASSIGNED_CONTEXT ( ( #1700, #391, #563 ) ) REPRESENTATION_CONTEXT ( 'NONE', 'WORKASPACE' ) );
#749 = ORIENTED_EDGE ( 'NONE', *, *, #1497, .T. ) ;
#750 = DIRECTION ( 'NONE',  ( 0.0000000000000000000, -0.0000000000000000000, 1.000000000000000000 ) ) ;
#751 = LINE ( 'NONE', #1466, #2020 ) ;
#752 = UNCERTAINTY_MEASURE_WITH_UNIT (LENGTH_MEASURE( 1.000000000000000082E-05 ), #2696, 'distance_accuracy_value', 'NONE');
#753 = ADVANCED_FACE ( 'NONE', ( #565 ), #2142, .T. ) ;
#754 = DIRECTION ( 'NONE',  ( -0.0000000000000000000, 0.0000000000000000000, -1.000000000000000000 ) ) ;
#755 = CARTESIAN_POINT ( 'NONE',  ( -0.1000000000000000056, 0.0000000000000000000, -0.2000000000000000111 ) ) ;
#756 = DIRECTION ( 'NONE',  ( 1.000000000000000000, 0.0000000000000000000, -0.0000000000000000000 ) ) ;
#757 = AXIS2_PLACEMENT_3D ( 'NONE', #407, #2885, #1755 ) ;
#758 = PRODUCT ( '7480F708-2373-4B4E-BA9C-91C847B2C895', '7480F708-2373-4B4E-BA9C-91C847B2C895', '', ( #2677 ) ) ;
#759 = FILL_AREA_STYLE ('',( #1502 ) ) ;
#760 = SURFACE_STYLE_USAGE ( .BOTH. , #947 ) ;
#761 = ORIENTED_EDGE ( 'NONE', *, *, #2397, .F. ) ;
#762 = ORIENTED_EDGE ( 'NONE', *, *, #1324, .T. ) ;
#763 = STYLED_ITEM ( 'NONE', ( #1658 ), #837 ) ;
#764 = VECTOR ( 'NONE', #1184, 1000.000000000000000 ) ;
#765 = PRESENTATION_LAYER_ASSIGNMENT (  '', '', ( #2061 ) ) ;
#766 = FACE_OUTER_BOUND ( 'NONE', #1877, .T. ) ;
#767 = SURFACE_STYLE_USAGE ( .BOTH. , #2794 ) ;
#768 = ORIENTED_EDGE ( 'NONE', *, *, #793, .F. ) ;
#769 =( LENGTH_UNIT ( ) NAMED_UNIT ( * ) SI_UNIT ( .MILLI., .METRE. ) );
#770 = AXIS2_PLACEMENT_3D ( 'NONE', #1200, #989, #295 ) ;
#771 = LINE ( 'NONE', #2612, #1094 ) ;
#772 = EDGE_CURVE ( 'NONE', #2850, #948, #1247, .T. ) ;
#773 = DIRECTION ( 'NONE',  ( 0.0000000000000000000, 0.0000000000000000000, 1.000000000000000000 ) ) ;
#774 = SURFACE_STYLE_FILL_AREA ( #2097 ) ;
#775 = STYLED_ITEM ( 'NONE', ( #458 ), #1538 ) ;
#776 =( NAMED_UNIT ( * ) PLANE_ANGLE_UNIT ( ) SI_UNIT ( $, .RADIAN. ) );
#777 = MECHANICAL_DESIGN_GEOMETRIC_PRESENTATION_REPRESENTATION (  '', ( #2370 ), #919 ) ;
#778 = CYLINDRICAL_SURFACE ( 'NONE', #82, 0.2500000000000000000 ) ;
#779 = ORIENTED_EDGE ( 'NONE', *, *, #61, .F. ) ;
#780 = FILL_AREA_STYLE_COLOUR ( '', #618 ) ;
#781 = ORIENTED_EDGE ( 'NONE', *, *, #973, .F. ) ;
#782 = VECTOR ( 'NONE', #1119, 1000.000000000000000 ) ;
#783 = VECTOR ( 'NONE', #265, 1000.000000000000000 ) ;
#784 = ADVANCED_FACE ( 'NONE', ( #805 ), #2641, .T. ) ;
#785 = CARTESIAN_POINT ( 'NONE',  ( -0.5000000000000000000, 0.0000000000000000000, 0.2000000000000000944 ) ) ;
#786 =( NAMED_UNIT ( * ) PLANE_ANGLE_UNIT ( ) SI_UNIT ( $, .RADIAN. ) );
#787 = VERTEX_POINT ( 'NONE', #2191 ) ;
#788 =( NAMED_UNIT ( * ) SI_UNIT ( $, .STERADIAN. ) SOLID_ANGLE_UNIT ( ) );
#789 = FILL_AREA_STYLE ('',( #2837 ) ) ;
#790 = LINE ( 'NONE', #2808, #1016 ) ;
#791 = CARTESIAN_POINT ( 'NONE',  ( -0.1000000000000000056, -0.01000000000000000021, -1.199999999999999956 ) ) ;
#792 = DIRECTION ( 'NONE',  ( 0.0000000000000000000, 0.0000000000000000000, 1.000000000000000000 ) ) ;
#793 = EDGE_CURVE ( 'NONE', #2382, #1648, #98, .T. ) ;
#794 = CARTESIAN_POINT ( 'NONE',  ( -0.1499999999999999944, 0.5100000000000000089, -1.000000000000000000 ) ) ;
#795 = DIRECTION ( 'NONE',  ( 0.0000000000000000000, 0.0000000000000000000, 1.000000000000000000 ) ) ;
#796 = ORIENTED_EDGE ( 'NONE', *, *, #65, .T. ) ;
#797 = EDGE_CURVE ( 'NONE', #1572, #467, #125, .T. ) ;
#798 = CARTESIAN_POINT ( 'NONE',  ( -0.1000000000000000056, 0.0000000000000000000, -0.3250000000000000666 ) ) ;
#799 = PRESENTATION_STYLE_ASSIGNMENT (( #1031 ) ) ;
#800 = ORIENTED_EDGE ( 'NONE', *, *, #2563, .F. ) ;
#801 = ADVANCED_FACE ( 'NONE', ( #554 ), #2827, .T. ) ;
#802 =( NAMED_UNIT ( * ) PLANE_ANGLE_UNIT ( ) SI_UNIT ( $, .RADIAN. ) );
#803 = VECTOR ( 'NONE', #988, 1000.000000000000000 ) ;
#804 = DIRECTION ( 'NONE',  ( -1.000000000000000000, -0.0000000000000000000, -0.0000000000000000000 ) ) ;
#805 = FACE_OUTER_BOUND ( 'NONE', #2558, .T. ) ;
#806 = DIRECTION ( 'NONE',  ( -0.0000000000000000000, -1.000000000000000000, 0.0000000000000000000 ) ) ;
#807 = VECTOR ( 'NONE', #2928, 1000.000000000000000 ) ;
#808 = CARTESIAN_POINT ( 'NONE',  ( -0.09999999999999999167, 0.5100000000000000089, 1.600000000000000089 ) ) ;
#809 = VECTOR ( 'NONE', #183, 1000.000000000000000 ) ;
#810 = ORIENTED_EDGE ( 'NONE', *, *, #1462, .F. ) ;
#811 = LINE ( 'NONE', #2644, #2737 ) ;
#812 = COLOUR_RGB ( '',1.000000000000000000, 1.000000000000000000, 1.000000000000000000 ) ;
#813 =( NAMED_UNIT ( * ) SI_UNIT ( $, .STERADIAN. ) SOLID_ANGLE_UNIT ( ) );
#814 = ADVANCED_FACE ( 'NONE', ( #2657 ), #1470, .T. ) ;
#815 = DIRECTION ( 'NONE',  ( 0.0000000000000000000, 0.0000000000000000000, 1.000000000000000000 ) ) ;
#816 = DIRECTION ( 'NONE',  ( -0.0000000000000000000, 0.0000000000000000000, -1.000000000000000000 ) ) ;
#817 = MECHANICAL_DESIGN_GEOMETRIC_PRESENTATION_REPRESENTATION (  '', ( #2486 ), #1968 ) ;
#818 = ORIENTED_EDGE ( 'NONE', *, *, #2572, .F. ) ;
#819 = VECTOR ( 'NONE', #1121, 1000.000000000000000 ) ;
#820 = MECHANICAL_DESIGN_GEOMETRIC_PRESENTATION_REPRESENTATION (  '', ( #667 ), #284 ) ;
#821 = AXIS2_PLACEMENT_3D ( 'NONE', #392, #2466, #405 ) ;
#822 = LINE ( 'NONE', #1035, #96 ) ;
#823 = AXIS2_PLACEMENT_3D ( 'NONE', #1270, #975, #290 ) ;
#824 = EDGE_CURVE ( 'NONE', #746, #430, #166, .T. ) ;
#825 = ORIENTED_EDGE ( 'NONE', *, *, #1445, .F. ) ;
#826 = FACE_OUTER_BOUND ( 'NONE', #150, .T. ) ;
#827 = LINE ( 'NONE', #2379, #1243 ) ;
#828 = EDGE_LOOP ( 'NONE', ( #1627, #2138, #1828, #1257 ) ) ;
#829 = CARTESIAN_POINT ( 'NONE',  ( 0.0000000000000000000, -0.01000000000000000021, 0.3250000000000000666 ) ) ;
#830 = AXIS2_PLACEMENT_3D ( 'NONE', #993, #2336, #59 ) ;
#831 = SURFACE_STYLE_USAGE ( .BOTH. , #1533 ) ;
#832 = DIRECTION ( 'NONE',  ( 0.0000000000000000000, 1.000000000000000000, 0.0000000000000000000 ) ) ;
#833 = FILL_AREA_STYLE ('',( #2423 ) ) ;
#834 = EDGE_LOOP ( 'NONE', ( #2714, #2519, #88, #2512 ) ) ;
#835 = ADVANCED_FACE ( 'NONE', ( #875 ), #2222, .T. ) ;
#836 = DIRECTION ( 'NONE',  ( -0.0000000000000000000, -1.000000000000000000, -0.0000000000000000000 ) ) ;
#837 = ADVANCED_FACE ( 'NONE', ( #2133 ), #2760, .T. ) ;
#838 = FILL_AREA_STYLE_COLOUR ( '', #1739 ) ;
#839 = VERTEX_POINT ( 'NONE', #963 ) ;
#840 = DIRECTION ( 'NONE',  ( 0.0000000000000000000, 0.0000000000000000000, 1.000000000000000000 ) ) ;
#841 = SURFACE_SIDE_STYLE ('',( #2647 ) ) ;
#842 = EDGE_LOOP ( 'NONE', ( #992, #674, #2704, #317 ) ) ;
#843 = UNCERTAINTY_MEASURE_WITH_UNIT (LENGTH_MEASURE( 1.000000000000000082E-05 ), #2118, 'distance_accuracy_value', 'NONE');
#844 = LINE ( 'NONE', #2247, #533 ) ;
#845 = DIRECTION ( 'NONE',  ( 1.000000000000000000, 0.0000000000000000000, -0.0000000000000000000 ) ) ;
#846 = PRESENTATION_STYLE_ASSIGNMENT (( #185 ) ) ;
#847 = LINE ( 'NONE', #2684, #1935 ) ;
#848 = DIRECTION ( 'NONE',  ( 1.000000000000000000, 0.0000000000000000000, -0.0000000000000000000 ) ) ;
#849 = STYLED_ITEM ( 'NONE', ( #2722 ), #1099 ) ;
#850 = CARTESIAN_POINT ( 'NONE',  ( -0.1499999999999999944, 0.5100000000000000089, 0.0000000000000000000 ) ) ;
#851 = FILL_AREA_STYLE ('',( #590 ) ) ;
#852 = ORIENTED_EDGE ( 'NONE', *, *, #296, .F. ) ;
#853 = STYLED_ITEM ( 'NONE', ( #1948 ), #2555 ) ;
#854 = PRESENTATION_LAYER_ASSIGNMENT (  '', '', ( #2639 ) ) ;
#855 = PLANE ( 'NONE',  #2672 ) ;
#856 = PRESENTATION_LAYER_ASSIGNMENT (  '', '', ( #2823 ) ) ;
#857 = VECTOR ( 'NONE', #2793, 1000.000000000000000 ) ;
#858 = AXIS2_PLACEMENT_3D ( 'NONE', #1492, #1944, #2185 ) ;
#859 = EDGE_CURVE ( 'NONE', #787, #1043, #2531, .T. ) ;
#860 = VECTOR ( 'NONE', #1107, 1000.000000000000000 ) ;
#861 = CARTESIAN_POINT ( 'NONE',  ( 0.1499999999999999944, 0.5000000000000000000, 0.0000000000000000000 ) ) ;
#862 = ORIENTED_EDGE ( 'NONE', *, *, #2340, .F. ) ;
#863 = CARTESIAN_POINT ( 'NONE',  ( 0.0000000000000000000, 0.0000000000000000000, 1.199999999999999956 ) ) ;
#864 = PLANE ( 'NONE',  #615 ) ;
#865 = EDGE_CURVE ( 'NONE', #2089, #636, #2787, .T. ) ;
#866 = CARTESIAN_POINT ( 'NONE',  ( 0.2500000000000000000, -0.01000000000000000021, 0.0000000000000000000 ) ) ;
#867 = CARTESIAN_POINT ( 'NONE',  ( 0.5000000000000000000, 0.0000000000000000000, 1.199999999999999956 ) ) ;
#868 = VERTEX_POINT ( 'NONE', #2772 ) ;
#869 = VECTOR ( 'NONE', #2411, 1000.000000000000000 ) ;
#870 = APPLICATION_PROTOCOL_DEFINITION ( 'draft international standard', 'automotive_design', 1998, #2156 ) ;
#871 = FACE_OUTER_BOUND ( 'NONE', #1971, .T. ) ;
#872 = EDGE_LOOP ( 'NONE', ( #1401, #2164, #1122, #1609, #1448, #2102 ) ) ;
#873 = VECTOR ( 'NONE', #2484, 1000.000000000000000 ) ;
#874 = DIRECTION ( 'NONE',  ( -0.0000000000000000000, -1.000000000000000000, 0.0000000000000000000 ) ) ;
#875 = FACE_OUTER_BOUND ( 'NONE', #2745, .T. ) ;
#876 = CARTESIAN_POINT ( 'NONE',  ( 0.2500000000000000000, 0.0000000000000000000, 1.600000000000000089 ) ) ;
#877 = CARTESIAN_POINT ( 'NONE',  ( 0.2500000000000000000, 0.0000000000000000000, -1.199999999999999956 ) ) ;
#878 = EDGE_LOOP ( 'NONE', ( #1373, #1093, #810, #2913 ) ) ;
#879 = AXIS2_PLACEMENT_3D ( 'NONE', #2204, #1713, #1950 ) ;
#880 = EDGE_CURVE ( 'NONE', #1641, #1844, #2458, .T. ) ;
#881 =( LENGTH_UNIT ( ) NAMED_UNIT ( * ) SI_UNIT ( .MILLI., .METRE. ) );
#882 = ORIENTED_EDGE ( 'NONE', *, *, #2292, .T. ) ;
#883 = CARTESIAN_POINT ( 'NONE',  ( 0.1000000000000000056, 0.0000000000000000000, 0.4749999999999999778 ) ) ;
#884 = ORIENTED_EDGE ( 'NONE', *, *, #1939, .F. ) ;
#885 = ADVANCED_FACE ( 'NONE', ( #20 ), #57, .T. ) ;
#886 = FACE_OUTER_BOUND ( 'NONE', #1439, .T. ) ;
#887 = ORIENTED_EDGE ( 'NONE', *, *, #2659, .F. ) ;
#888 = DIRECTION ( 'NONE',  ( 0.0000000000000000000, 1.000000000000000000, 0.0000000000000000000 ) ) ;
#889 = SURFACE_STYLE_FILL_AREA ( #1285 ) ;
#890 = CARTESIAN_POINT ( 'NONE',  ( -0.5000000000000000000, 0.0000000000000000000, 0.2000000000000000666 ) ) ;
#891 = STYLED_ITEM ( 'NONE', ( #309 ), #1136 ) ;
#892 = DIRECTION ( 'NONE',  ( 0.0000000000000000000, 1.000000000000000000, 0.0000000000000000000 ) ) ;
#893 = VERTEX_POINT ( 'NONE', #1671 ) ;
#894 = FILL_AREA_STYLE ('',( #246 ) ) ;
#895 = LINE ( 'NONE', #863, #1385 ) ;
#896 = DIRECTION ( 'NONE',  ( 1.000000000000000000, -0.0000000000000000000, 0.0000000000000000000 ) ) ;
#897 = VERTEX_POINT ( 'NONE', #716 ) ;
#898 = DIRECTION ( 'NONE',  ( 0.0000000000000000000, 0.0000000000000000000, 1.000000000000000000 ) ) ;
#899 = ORIENTED_EDGE ( 'NONE', *, *, #1410, .T. ) ;
#900 = EDGE_CURVE ( 'NONE', #1617, #1561, #38, .T. ) ;
#901 = CARTESIAN_POINT ( 'NONE',  ( -0.2500000000000000000, 0.0000000000000000000, 1.600000000000000089 ) ) ;
#902 = ORIENTED_EDGE ( 'NONE', *, *, #2792, .T. ) ;
#903 = CARTESIAN_POINT ( 'NONE',  ( 0.2999999999999999889, 0.5000000000000000000, -1.000000000000000000 ) ) ;
#904 = MECHANICAL_DESIGN_GEOMETRIC_PRESENTATION_REPRESENTATION (  '', ( #613 ), #468 ) ;
#905 = UNCERTAINTY_MEASURE_WITH_UNIT (LENGTH_MEASURE( 1.000000000000000082E-05 ), #1593, 'distance_accuracy_value', 'NONE');
#906 = VECTOR ( 'NONE', #1890, 1000.000000000000000 ) ;
#907 = CARTESIAN_POINT ( 'NONE',  ( -0.3000000000000000444, 0.5000000000000000000, -1.000000000000000000 ) ) ;
#908 = MECHANICAL_DESIGN_GEOMETRIC_PRESENTATION_REPRESENTATION (  '', ( #616 ), #92 ) ;
#909 = ADVANCED_FACE ( 'NONE', ( #1688 ), #2321, .T. ) ;
#910 = ORIENTED_EDGE ( 'NONE', *, *, #65, .F. ) ;
#911 = DIRECTION ( 'NONE',  ( -1.000000000000000000, -0.0000000000000000000, -0.0000000000000000000 ) ) ;
#912 = FILL_AREA_STYLE_COLOUR ( '', #148 ) ;
#913 = STYLED_ITEM ( 'NONE', ( #1069 ), #455 ) ;
#914 = AXIS2_PLACEMENT_3D ( 'NONE', #1098, #2436, #1312 ) ;
#915 = CARTESIAN_POINT ( 'NONE',  ( -0.1000000000000000056, 0.0000000000000000000, -1.199999999999999956 ) ) ;
#916 = ORIENTED_EDGE ( 'NONE', *, *, #481, .T. ) ;
#917 = LINE ( 'NONE', #400, #1261 ) ;
#918 = EDGE_LOOP ( 'NONE', ( #570, #200, #2752, #668, #2899, #2833, #356 ) ) ;
#919 =( GEOMETRIC_REPRESENTATION_CONTEXT ( 3 ) GLOBAL_UNCERTAINTY_ASSIGNED_CONTEXT ( ( #2177 ) ) GLOBAL_UNIT_ASSIGNED_CONTEXT ( ( #2621, #2352, #1239 ) ) REPRESENTATION_CONTEXT ( 'NONE', 'WORKASPACE' ) );
#920 = CARTESIAN_POINT ( 'NONE',  ( 0.0000000000000000000, -0.01000000000000000021, -0.4749999999999999778 ) ) ;
#921 = ORIENTED_EDGE ( 'NONE', *, *, #198, .T. ) ;
#922 = EDGE_CURVE ( 'NONE', #1949, #2055, #142, .T. ) ;
#923 = FACE_OUTER_BOUND ( 'NONE', #2903, .T. ) ;
#924 = CARTESIAN_POINT ( 'NONE',  ( -0.5000000000000000000, 0.5100000000000000089, 1.600000000000000089 ) ) ;
#925 = AXIS2_PLACEMENT_3D ( 'NONE', #433, #2059, #194 ) ;
#926 = ADVANCED_FACE ( 'NONE', ( #543 ), #2628, .T. ) ;
#927 = LINE ( 'NONE', #52, #520 ) ;
#928 = PRESENTATION_STYLE_ASSIGNMENT (( #1640 ) ) ;
#929 = ORIENTED_EDGE ( 'NONE', *, *, #1189, .F. ) ;
#930 = DIRECTION ( 'NONE',  ( -0.0000000000000000000, 1.000000000000000000, 0.0000000000000000000 ) ) ;
#931 = PRESENTATION_STYLE_ASSIGNMENT (( #1889 ) ) ;
#932 = LINE ( 'NONE', #743, #906 ) ;
#933 = VERTEX_POINT ( 'NONE', #808 ) ;
#934 = DIRECTION ( 'NONE',  ( 0.0000000000000000000, 1.000000000000000000, 0.0000000000000000000 ) ) ;
#935 = ORIENTED_EDGE ( 'NONE', *, *, #2095, .T. ) ;
#936 =( LENGTH_UNIT ( ) NAMED_UNIT ( * ) SI_UNIT ( .MILLI., .METRE. ) );
#937 = ORIENTED_EDGE ( 'NONE', *, *, #2285, .T. ) ;
#938 =( NAMED_UNIT ( * ) PLANE_ANGLE_UNIT ( ) SI_UNIT ( $, .RADIAN. ) );
#939 = UNCERTAINTY_MEASURE_WITH_UNIT (LENGTH_MEASURE( 1.000000000000000082E-05 ), #1073, 'distance_accuracy_value', 'NONE');
#940 = SURFACE_STYLE_USAGE ( .BOTH. , #2331 ) ;
#941 = EDGE_CURVE ( 'NONE', #2279, #445, #1940, .T. ) ;
#942 = ORIENTED_EDGE ( 'NONE', *, *, #350, .F. ) ;
#943 = CARTESIAN_POINT ( 'NONE',  ( -0.5000000000000000000, -0.01000000000000000021, 1.199999999999999956 ) ) ;
#944 = CARTESIAN_POINT ( 'NONE',  ( 0.0000000000000000000, 0.0000000000000000000, 0.0000000000000000000 ) ) ;
#945 = LINE ( 'NONE', #714, #2729 ) ;
#946 = VECTOR ( 'NONE', #1326, 1000.000000000000000 ) ;
#947 = SURFACE_SIDE_STYLE ('',( #1876 ) ) ;
#948 = VERTEX_POINT ( 'NONE', #2163 ) ;
#949 = DIRECTION ( 'NONE',  ( 0.0000000000000000000, 0.0000000000000000000, 1.000000000000000000 ) ) ;
#950 = ORIENTED_EDGE ( 'NONE', *, *, #541, .F. ) ;
#951 = ORIENTED_EDGE ( 'NONE', *, *, #880, .F. ) ;
#952 = SURFACE_SIDE_STYLE ('',( #693 ) ) ;
#953 =( GEOMETRIC_REPRESENTATION_CONTEXT ( 3 ) GLOBAL_UNCERTAINTY_ASSIGNED_CONTEXT ( ( #212 ) ) GLOBAL_UNIT_ASSIGNED_CONTEXT ( ( #1728, #2871, #2600 ) ) REPRESENTATION_CONTEXT ( 'NONE', 'WORKASPACE' ) );
#954 = SURFACE_SIDE_STYLE ('',( #2973 ) ) ;
#955 = MECHANICAL_DESIGN_GEOMETRIC_PRESENTATION_REPRESENTATION (  '', ( #1486 ), #2439 ) ;
#956 = DIRECTION ( 'NONE',  ( 0.0000000000000000000, 1.000000000000000000, 0.0000000000000000000 ) ) ;
#957 = FACE_OUTER_BOUND ( 'NONE', #2147, .T. ) ;
#958 = STYLED_ITEM ( 'NONE', ( #1391 ), #1765 ) ;
#959 = SURFACE_STYLE_FILL_AREA ( #2343 ) ;
#960 = DIRECTION ( 'NONE',  ( -1.000000000000000000, -0.0000000000000000000, 0.0000000000000000000 ) ) ;
#961 = DIRECTION ( 'NONE',  ( 0.0000000000000000000, 0.0000000000000000000, 1.000000000000000000 ) ) ;
#962 = AXIS2_PLACEMENT_3D ( 'NONE', #1745, #1904, #2391 ) ;
#963 = CARTESIAN_POINT ( 'NONE',  ( -0.5000000000000000000, 0.5100000000000000089, -1.350000000000000089 ) ) ;
#964 = ORIENTED_EDGE ( 'NONE', *, *, #1645, .F. ) ;
#965 = DIRECTION ( 'NONE',  ( 0.0000000000000000000, 1.000000000000000000, 0.0000000000000000000 ) ) ;
#966 = VECTOR ( 'NONE', #304, 1000.000000000000000 ) ;
#967 = EDGE_LOOP ( 'NONE', ( #2603, #255, #884, #1488 ) ) ;
#968 = VECTOR ( 'NONE', #211, 1000.000000000000000 ) ;
#969 = EDGE_CURVE ( 'NONE', #214, #2279, #100, .T. ) ;
#970 = PRESENTATION_LAYER_ASSIGNMENT (  '', '', ( #1823 ) ) ;
#971 = DIRECTION ( 'NONE',  ( -0.0000000000000000000, -0.0000000000000000000, -1.000000000000000000 ) ) ;
#972 = ORIENTED_EDGE ( 'NONE', *, *, #1645, .T. ) ;
#973 = EDGE_CURVE ( 'NONE', #2338, #2245, #827, .T. ) ;
#974 = SURFACE_SIDE_STYLE ('',( #2139 ) ) ;
#975 = DIRECTION ( 'NONE',  ( 1.000000000000000000, 0.0000000000000000000, -0.0000000000000000000 ) ) ;
#976 = STYLED_ITEM ( 'NONE', ( #1958 ), #1514 ) ;
#977 =( NAMED_UNIT ( * ) SI_UNIT ( $, .STERADIAN. ) SOLID_ANGLE_UNIT ( ) );
#978 = CARTESIAN_POINT ( 'NONE',  ( -0.2999999999999999889, 0.5100000000000000089, -1.000000000000000000 ) ) ;
#979 =( NAMED_UNIT ( * ) PLANE_ANGLE_UNIT ( ) SI_UNIT ( $, .RADIAN. ) );
#980 = ORIENTED_EDGE ( 'NONE', *, *, #1051, .T. ) ;
#981 = DIRECTION ( 'NONE',  ( 0.0000000000000000000, 0.0000000000000000000, -1.000000000000000000 ) ) ;
#982 = ORIENTED_EDGE ( 'NONE', *, *, #1679, .T. ) ;
#983 = EDGE_CURVE ( 'NONE', #2488, #366, #2418, .T. ) ;
#984 = FILL_AREA_STYLE_COLOUR ( '', #2071 ) ;
#985 = ORIENTED_EDGE ( 'NONE', *, *, #93, .F. ) ;
#986 = DIRECTION ( 'NONE',  ( -0.0000000000000000000, -1.000000000000000000, -0.0000000000000000000 ) ) ;
#987 = CARTESIAN_POINT ( 'NONE',  ( -0.09999999999999999167, -0.01000000000000000021, 1.600000000000000089 ) ) ;
#988 = DIRECTION ( 'NONE',  ( 0.0000000000000000000, 1.000000000000000000, 0.0000000000000000000 ) ) ;
#989 = DIRECTION ( 'NONE',  ( 0.0000000000000000000, 1.000000000000000000, 0.0000000000000000000 ) ) ;
#990 = CARTESIAN_POINT ( 'NONE',  ( -0.5000000000000000000, -0.01000000000000000021, 0.5999999999999999778 ) ) ;
#991 = SURFACE_STYLE_USAGE ( .BOTH. , #299 ) ;
#992 = ORIENTED_EDGE ( 'NONE', *, *, #316, .T. ) ;
#993 = CARTESIAN_POINT ( 'NONE',  ( 0.5000000000000000000, -0.01000000000000002623, 1.600000000000000089 ) ) ;
#994 = ORIENTED_EDGE ( 'NONE', *, *, #941, .F. ) ;
#995 = LINE ( 'NONE', #1041, #1059 ) ;
#996 = PLANE ( 'NONE',  #2023 ) ;
#997 = PRESENTATION_LAYER_ASSIGNMENT (  '', '', ( #891 ) ) ;
#998 = ORIENTED_EDGE ( 'NONE', *, *, #207, .T. ) ;
#999 = EDGE_CURVE ( 'NONE', #2554, #620, #2194, .T. ) ;
#1000 =( NAMED_UNIT ( * ) SI_UNIT ( $, .STERADIAN. ) SOLID_ANGLE_UNIT ( ) );
#1001 = PLANE ( 'NONE',  #1443 ) ;
#1002 =( NAMED_UNIT ( * ) PLANE_ANGLE_UNIT ( ) SI_UNIT ( $, .RADIAN. ) );
#1003 = LINE ( 'NONE', #1656, #1776 ) ;
#1004 = CARTESIAN_POINT ( 'NONE',  ( 0.0000000000000000000, 0.5000000000000000000, 0.0000000000000000000 ) ) ;
#1005 = MECHANICAL_DESIGN_GEOMETRIC_PRESENTATION_REPRESENTATION (  '', ( #660 ), #2203 ) ;
#1006 = SURFACE_STYLE_FILL_AREA ( #324 ) ;
#1007 = ADVANCED_FACE ( 'NONE', ( #1026 ), #778, .F. ) ;
#1008 = VECTOR ( 'NONE', #1423, 1000.000000000000000 ) ;
#1009 = ORIENTED_EDGE ( 'NONE', *, *, #1741, .F. ) ;
#1010 = CARTESIAN_POINT ( 'NONE',  ( -0.2999999999999999889, 0.5000000000000000000, -1.000000000000000000 ) ) ;
#1011 = ORIENTED_EDGE ( 'NONE', *, *, #61, .T. ) ;
#1012 = VECTOR ( 'NONE', #806, 1000.000000000000000 ) ;
#1013 =( LENGTH_UNIT ( ) NAMED_UNIT ( * ) SI_UNIT ( .MILLI., .METRE. ) );
#1014 = EDGE_LOOP ( 'NONE', ( #268, #1804, #1295, #994 ) ) ;
#1015 = VECTOR ( 'NONE', #2702, 1000.000000000000000 ) ;
#1016 = VECTOR ( 'NONE', #1916, 1000.000000000000000 ) ;
#1017 = DIRECTION ( 'NONE',  ( -0.0000000000000000000, -1.000000000000000000, -0.0000000000000000000 ) ) ;
#1018 = EDGE_CURVE ( 'NONE', #1077, #1617, #1314, .T. ) ;
#1019 =( NAMED_UNIT ( * ) PLANE_ANGLE_UNIT ( ) SI_UNIT ( $, .RADIAN. ) );
#1020 = EDGE_CURVE ( 'NONE', #1953, #2488, #2443, .T. ) ;
#1021 = FACE_OUTER_BOUND ( 'NONE', #1341, .T. ) ;
#1022 = PRESENTATION_LAYER_ASSIGNMENT (  '', '', ( #2121 ) ) ;
#1023 = CARTESIAN_POINT ( 'NONE',  ( 0.0000000000000000000, -0.01000000000000000021, 0.2000000000000000111 ) ) ;
#1024 = LINE ( 'NONE', #2843, #2109 ) ;
#1025 = AXIS2_PLACEMENT_3D ( 'NONE', #2290, #176, #417 ) ;
#1026 = FACE_OUTER_BOUND ( 'NONE', #2618, .T. ) ;
#1027 = EDGE_LOOP ( 'NONE', ( #2891, #2767, #7, #1691 ) ) ;
#1028 = CARTESIAN_POINT ( 'NONE',  ( -0.1000000000000000056, 0.0000000000000000000, 0.5999999999999999778 ) ) ;
#1029 = VECTOR ( 'NONE', #2068, 1000.000000000000000 ) ;
#1030 = DIRECTION ( 'NONE',  ( 0.0000000000000000000, 1.000000000000000000, -0.0000000000000000000 ) ) ;
#1031 = SURFACE_STYLE_USAGE ( .BOTH. , #841 ) ;
#1032 = EDGE_LOOP ( 'NONE', ( #1405, #1601, #597, #1998 ) ) ;
#1033 = CYLINDRICAL_SURFACE ( 'NONE', #1332, 0.3999999999999999667 ) ;
#1034 = UNCERTAINTY_MEASURE_WITH_UNIT (LENGTH_MEASURE( 1.000000000000000082E-05 ), #1283, 'distance_accuracy_value', 'NONE');
#1035 = CARTESIAN_POINT ( 'NONE',  ( 0.0000000000000000000, -0.01000000000000000021, -0.2000000000000000111 ) ) ;
#1036 = DIRECTION ( 'NONE',  ( -0.0000000000000000000, 0.0000000000000000000, -1.000000000000000000 ) ) ;
#1037 = FACE_OUTER_BOUND ( 'NONE', #828, .T. ) ;
#1038 = EDGE_CURVE ( 'NONE', #1390, #1928, #1571, .T. ) ;
#1039 = VERTEX_POINT ( 'NONE', #2956 ) ;
#1040 = CARTESIAN_POINT ( 'NONE',  ( 0.0000000000000000000, -0.01000000000000000021, 0.5999999999999999778 ) ) ;
#1041 = CARTESIAN_POINT ( 'NONE',  ( 0.1499999999999999944, 0.5000000000000000000, -1.000000000000000000 ) ) ;
#1042 = PLANE ( 'NONE',  #2974 ) ;
#1043 = VERTEX_POINT ( 'NONE', #2224 ) ;
#1044 = STYLED_ITEM ( 'NONE', ( #2389 ), #1163 ) ;
#1045 = DIRECTION ( 'NONE',  ( -1.000000000000000000, -0.0000000000000000000, -0.0000000000000000000 ) ) ;
#1046 =( LENGTH_UNIT ( ) NAMED_UNIT ( * ) SI_UNIT ( .MILLI., .METRE. ) );
#1047 = FILL_AREA_STYLE ('',( #365 ) ) ;
#1048 =( GEOMETRIC_REPRESENTATION_CONTEXT ( 3 ) GLOBAL_UNCERTAINTY_ASSIGNED_CONTEXT ( ( #752 ) ) GLOBAL_UNIT_ASSIGNED_CONTEXT ( ( #2696, #634, #2499 ) ) REPRESENTATION_CONTEXT ( 'NONE', 'WORKASPACE' ) );
#1049 = ORIENTED_EDGE ( 'NONE', *, *, #2894, .F. ) ;
#1050 =( NAMED_UNIT ( * ) SI_UNIT ( $, .STERADIAN. ) SOLID_ANGLE_UNIT ( ) );
#1051 = EDGE_CURVE ( 'NONE', #2656, #1077, #635, .T. ) ;
#1052 = FACE_OUTER_BOUND ( 'NONE', #1151, .T. ) ;
#1053 =( NAMED_UNIT ( * ) SI_UNIT ( $, .STERADIAN. ) SOLID_ANGLE_UNIT ( ) );
#1054 = DIRECTION ( 'NONE',  ( 1.000000000000000000, 0.0000000000000000000, -0.0000000000000000000 ) ) ;
#1055 = VERTEX_POINT ( 'NONE', #877 ) ;
#1056 = VECTOR ( 'NONE', #1843, 1000.000000000000000 ) ;
#1057 =( NAMED_UNIT ( * ) PLANE_ANGLE_UNIT ( ) SI_UNIT ( $, .RADIAN. ) );
#1058 = AXIS2_PLACEMENT_3D ( 'NONE', #2577, #518, #756 ) ;
#1059 = VECTOR ( 'NONE', #1211, 1000.000000000000000 ) ;
#1060 = MECHANICAL_DESIGN_GEOMETRIC_PRESENTATION_REPRESENTATION (  '', ( #1824 ), #289 ) ;
#1061 =( GEOMETRIC_REPRESENTATION_CONTEXT ( 3 ) GLOBAL_UNCERTAINTY_ASSIGNED_CONTEXT ( ( #1116 ) ) GLOBAL_UNIT_ASSIGNED_CONTEXT ( ( #2226, #367, #2887 ) ) REPRESENTATION_CONTEXT ( 'NONE', 'WORKASPACE' ) );
#1062 = DIRECTION ( 'NONE',  ( -0.0000000000000000000, 0.0000000000000000000, -1.000000000000000000 ) ) ;
#1063 =( NAMED_UNIT ( * ) SI_UNIT ( $, .STERADIAN. ) SOLID_ANGLE_UNIT ( ) );
#1064 = VECTOR ( 'NONE', #965, 1000.000000000000000 ) ;
#1065 = CARTESIAN_POINT ( 'NONE',  ( -0.05000000000000000278, 0.0000000000000000000, 0.0000000000000000000 ) ) ;
#1066 = ORIENTED_EDGE ( 'NONE', *, *, #2667, .T. ) ;
#1067 = DIRECTION ( 'NONE',  ( 1.000000000000000000, 0.0000000000000000000, 0.0000000000000000000 ) ) ;
#1068 = DIRECTION ( 'NONE',  ( 0.0000000000000000000, 0.0000000000000000000, 1.000000000000000000 ) ) ;
#1069 = PRESENTATION_STYLE_ASSIGNMENT (( #2422 ) ) ;
#1070 = EDGE_LOOP ( 'NONE', ( #2520, #2298, #1494, #2501, #2134, #1862, #192 ) ) ;
#1071 = DIRECTION ( 'NONE',  ( 1.000000000000000000, 0.0000000000000000000, 0.0000000000000000000 ) ) ;
#1072 = EDGE_CURVE ( 'NONE', #1252, #2921, #1861, .T. ) ;
#1073 =( LENGTH_UNIT ( ) NAMED_UNIT ( * ) SI_UNIT ( .MILLI., .METRE. ) );
#1074 = CARTESIAN_POINT ( 'NONE',  ( 0.2500000000000000000, 0.0000000000000000000, 0.3250000000000000666 ) ) ;
#1075 =( LENGTH_UNIT ( ) NAMED_UNIT ( * ) SI_UNIT ( .MILLI., .METRE. ) );
#1076 = DIRECTION ( 'NONE',  ( -1.000000000000000000, -0.0000000000000000000, -0.0000000000000000000 ) ) ;
#1077 = VERTEX_POINT ( 'NONE', #2237 ) ;
#1078 =( NAMED_UNIT ( * ) SI_UNIT ( $, .STERADIAN. ) SOLID_ANGLE_UNIT ( ) );
#1079 = LINE ( 'NONE', #1773, #378 ) ;
#1080 = SURFACE_STYLE_FILL_AREA ( #833 ) ;
#1081 = ORIENTED_EDGE ( 'NONE', *, *, #639, .T. ) ;
#1082 = MANIFOLD_SOLID_BREP ( 'Imported1', #1654 ) ;
#1083 =( NAMED_UNIT ( * ) SI_UNIT ( $, .STERADIAN. ) SOLID_ANGLE_UNIT ( ) );
#1084 = EDGE_CURVE ( 'NONE', #2488, #2816, #1556, .T. ) ;
#1085 = CARTESIAN_POINT ( 'NONE',  ( -0.5000000000000000000, 0.5000000000000000000, 1.600000000000000089 ) ) ;
#1086 = LINE ( 'NONE', #1590, #2054 ) ;
#1087 = ORIENTED_EDGE ( 'NONE', *, *, #557, .T. ) ;
#1088 = DIRECTION ( 'NONE',  ( 1.000000000000000000, 0.0000000000000000000, 0.0000000000000000000 ) ) ;
#1089 = EDGE_CURVE ( 'NONE', #2079, #1818, #1756, .T. ) ;
#1090 = AXIS2_PLACEMENT_3D ( 'NONE', #2855, #1458, #795 ) ;
#1091 = LINE ( 'NONE', #576, #2537 ) ;
#1092 = DIRECTION ( 'NONE',  ( 8.131516293641284241E-16, 0.0000000000000000000, 1.000000000000000000 ) ) ;
#1093 = ORIENTED_EDGE ( 'NONE', *, *, #2705, .F. ) ;
#1094 = VECTOR ( 'NONE', #308, 1000.000000000000000 ) ;
#1095 = VECTOR ( 'NONE', #2663, 1000.000000000000000 ) ;
#1096 = CARTESIAN_POINT ( 'NONE',  ( -0.2500000000000000000, -0.01000000000000000021, 0.8699999999999999956 ) ) ;
#1097 = VECTOR ( 'NONE', #2616, 1000.000000000000000 ) ;
#1098 = CARTESIAN_POINT ( 'NONE',  ( -0.5000000000000000000, -0.01000000000000002623, -1.600000000000000089 ) ) ;
#1099 = ADVANCED_FACE ( 'NONE', ( #1544 ), #2459, .T. ) ;
#1100 = FILL_AREA_STYLE_COLOUR ( '', #2441 ) ;
#1101 = PLANE ( 'NONE',  #223 ) ;
#1102 = VECTOR ( 'NONE', #2726, 1000.000000000000000 ) ;
#1103 = MECHANICAL_DESIGN_GEOMETRIC_PRESENTATION_REPRESENTATION (  '', ( #2407 ), #188 ) ;
#1104 = ADVANCED_FACE ( 'NONE', ( #957 ), #2576, .T. ) ;
#1105 = STYLED_ITEM ( 'NONE', ( #931 ), #741 ) ;
#1106 = CARTESIAN_POINT ( 'NONE',  ( -0.5000000000000000000, 0.0000000000000000000, -0.2000000000000000666 ) ) ;
#1107 = DIRECTION ( 'NONE',  ( 1.000000000000000000, 0.0000000000000000000, 0.0000000000000000000 ) ) ;
#1108 = LINE ( 'NONE', #653, #819 ) ;
#1109 = ORIENTED_EDGE ( 'NONE', *, *, #2250, .T. ) ;
#1110 = SURFACE_STYLE_USAGE ( .BOTH. , #1123 ) ;
#1111 = VERTEX_POINT ( 'NONE', #33 ) ;
#1112 = VECTOR ( 'NONE', #1318, 1000.000000000000000 ) ;
#1113 = LINE ( 'NONE', #678, #2976 ) ;
#1114 = CARTESIAN_POINT ( 'NONE',  ( 0.1000000000000000056, 0.0000000000000000000, -0.4749999999999999778 ) ) ;
#1115 = CARTESIAN_POINT ( 'NONE',  ( -0.1499999999999214462, 0.5000000000000000000, 1.406350832689771124 ) ) ;
#1116 = UNCERTAINTY_MEASURE_WITH_UNIT (LENGTH_MEASURE( 1.000000000000000082E-05 ), #2226, 'distance_accuracy_value', 'NONE');
#1117 = CARTESIAN_POINT ( 'NONE',  ( -0.05000000000000000278, -0.01000000000000000021, 0.7500000000000000000 ) ) ;
#1118 = VERTEX_POINT ( 'NONE', #15 ) ;
#1119 = DIRECTION ( 'NONE',  ( 0.0000000000000000000, 1.000000000000000000, 0.0000000000000000000 ) ) ;
#1120 = ADVANCED_FACE ( 'NONE', ( #224 ), #710, .T. ) ;
#1121 = DIRECTION ( 'NONE',  ( -0.0000000000000000000, -1.000000000000000000, -0.0000000000000000000 ) ) ;
#1122 = ORIENTED_EDGE ( 'NONE', *, *, #2972, .T. ) ;
#1123 = SURFACE_SIDE_STYLE ('',( #2261 ) ) ;
#1124 = EDGE_LOOP ( 'NONE', ( #1729, #2952, #2041, #2934, #1087, #2571, #5, #371, #1584, #1109, #1695, #1376 ) ) ;
#1125 = ORIENTED_EDGE ( 'NONE', *, *, #824, .T. ) ;
#1126 = EDGE_CURVE ( 'NONE', #2622, #574, #1150, .T. ) ;
#1127 = FILL_AREA_STYLE ('',( #1377 ) ) ;
#1128 = DIRECTION ( 'NONE',  ( 0.0000000000000000000, -0.0000000000000000000, 1.000000000000000000 ) ) ;
#1129 = APPLICATION_CONTEXT ( 'automotive_design' ) ;
#1130 = AXIS2_PLACEMENT_3D ( 'NONE', #2595, #1992, #773 ) ;
#1131 = SURFACE_SIDE_STYLE ('',( #2898 ) ) ;
#1132 = ORIENTED_EDGE ( 'NONE', *, *, #865, .F. ) ;
#1133 = DIRECTION ( 'NONE',  ( -0.0000000000000000000, 1.000000000000000000, 0.0000000000000000000 ) ) ;
#1134 = CARTESIAN_POINT ( 'NONE',  ( -0.1000000000000000056, -0.01000000000000000021, 0.0000000000000000000 ) ) ;
#1135 = CARTESIAN_POINT ( 'NONE',  ( 0.5000000000000000000, 0.0000000000000000000, -1.199999999999999956 ) ) ;
#1136 = ADVANCED_FACE ( 'NONE', ( #2342 ), #273, .F. ) ;
#1137 = ORIENTED_EDGE ( 'NONE', *, *, #2594, .F. ) ;
#1138 = CARTESIAN_POINT ( 'NONE',  ( 0.5000000000000000000, 0.5100000000000000089, 1.000000000000000000 ) ) ;
#1139 = VECTOR ( 'NONE', #1340, 1000.000000000000000 ) ;
#1140 = VERTEX_POINT ( 'NONE', #339 ) ;
#1141 = FILL_AREA_STYLE ('',( #220 ) ) ;
#1142 = EDGE_CURVE ( 'NONE', #737, #58, #2232, .T. ) ;
#1143 = ORIENTED_EDGE ( 'NONE', *, *, #2861, .T. ) ;
#1144 = MECHANICAL_DESIGN_GEOMETRIC_PRESENTATION_REPRESENTATION (  '', ( #2954 ), #2680 ) ;
#1145 = CARTESIAN_POINT ( 'NONE',  ( 0.0000000000000000000, 0.0000000000000000000, 0.8699999999999999956 ) ) ;
#1146 =( LENGTH_UNIT ( ) NAMED_UNIT ( * ) SI_UNIT ( .MILLI., .METRE. ) );
#1147 = ADVANCED_BREP_SHAPE_REPRESENTATION ( '7480F708-2373-4B4E-BA9C-91C847B2C895', ( #1082, #292 ), #1542 ) ;
#1148 = VECTOR ( 'NONE', #2610, 1000.000000000000000 ) ;
#1149 = LINE ( 'NONE', #2782, #1815 ) ;
#1150 = LINE ( 'NONE', #1416, #1284 ) ;
#1151 = EDGE_LOOP ( 'NONE', ( #2582, #887, #461, #2368 ) ) ;
#1152 = CARTESIAN_POINT ( 'NONE',  ( -0.1000000000000000056, 0.0000000000000000000, 0.0000000000000000000 ) ) ;
#1153 = AXIS2_PLACEMENT_3D ( 'NONE', #2671, #2420, #1758 ) ;
#1154 = PRESENTATION_LAYER_ASSIGNMENT (  '', '', ( #1824 ) ) ;
#1155 = LINE ( 'NONE', #2319, #764 ) ;
#1156 = COLOUR_RGB ( '',1.000000000000000000, 1.000000000000000000, 1.000000000000000000 ) ;
#1157 = VECTOR ( 'NONE', #1071, 1000.000000000000000 ) ;
#1158 = ORIENTED_EDGE ( 'NONE', *, *, #130, .F. ) ;
#1159 = CARTESIAN_POINT ( 'NONE',  ( 0.2500000000000000000, 0.0000000000000000000, -1.199999999999999956 ) ) ;
#1160 = ORIENTED_EDGE ( 'NONE', *, *, #2415, .T. ) ;
#1161 = CARTESIAN_POINT ( 'NONE',  ( 0.1499999999999999667, 0.5000000000000000000, 1.406350832689814645 ) ) ;
#1162 = ORIENTED_EDGE ( 'NONE', *, *, #2285, .F. ) ;
#1163 = ADVANCED_FACE ( 'NONE', ( #2377 ), #855, .T. ) ;
#1164 = DIRECTION ( 'NONE',  ( -0.0000000000000000000, 1.000000000000000000, 0.0000000000000000000 ) ) ;
#1165 = VECTOR ( 'NONE', #2943, 1000.000000000000000 ) ;
#1166 = AXIS2_PLACEMENT_3D ( 'NONE', #1438, #1858, #2551 ) ;
#1167 = DIRECTION ( 'NONE',  ( 0.0000000000000000000, -0.0000000000000000000, -1.000000000000000000 ) ) ;
#1168 = CARTESIAN_POINT ( 'NONE',  ( -0.5000000000000000000, 0.0000000000000000000, -0.5999999999999999778 ) ) ;
#1169 = ORIENTED_EDGE ( 'NONE', *, *, #2153, .T. ) ;
#1170 = CARTESIAN_POINT ( 'NONE',  ( -0.1000000000000000194, 0.5000000000000000000, -1.600000000000000089 ) ) ;
#1171 = CARTESIAN_POINT ( 'NONE',  ( -0.1499999999998429256, 0.5000000000000000000, 1.406350832689913011 ) ) ;
#1172 = SURFACE_STYLE_FILL_AREA ( #250 ) ;
#1173 = EDGE_LOOP ( 'NONE', ( #951, #2242, #2761, #1908 ) ) ;
#1174 = ORIENTED_EDGE ( 'NONE', *, *, #2178, .F. ) ;
#1175 = PRESENTATION_STYLE_ASSIGNMENT (( #1663 ) ) ;
#1176 = VERTEX_POINT ( 'NONE', #66 ) ;
#1177 =( NAMED_UNIT ( * ) PLANE_ANGLE_UNIT ( ) SI_UNIT ( $, .RADIAN. ) );
#1178 = EDGE_CURVE ( 'NONE', #1205, #490, #1364, .T. ) ;
#1179 = FILL_AREA_STYLE_COLOUR ( '', #372 ) ;
#1180 = FILL_AREA_STYLE ('',( #1853 ) ) ;
#1181 = VERTEX_POINT ( 'NONE', #1553 ) ;
#1182 = SURFACE_SIDE_STYLE ('',( #774 ) ) ;
#1183 = CARTESIAN_POINT ( 'NONE',  ( 0.1499999999999999944, 0.5100000000000000089, 1.000000000000000000 ) ) ;
#1184 = DIRECTION ( 'NONE',  ( 0.0000000000000000000, 1.000000000000000000, 0.0000000000000000000 ) ) ;
#1185 = VECTOR ( 'NONE', #2809, 1000.000000000000000 ) ;
#1186 = DIRECTION ( 'NONE',  ( -0.0000000000000000000, 0.0000000000000000000, -1.000000000000000000 ) ) ;
#1187 = VERTEX_POINT ( 'NONE', #791 ) ;
#1188 = PLANE ( 'NONE',  #1967 ) ;
#1189 = EDGE_CURVE ( 'NONE', #2216, #549, #403, .T. ) ;
#1190 = ORIENTED_EDGE ( 'NONE', *, *, #1703, .T. ) ;
#1191 = DIRECTION ( 'NONE',  ( 1.000000000000000000, -0.0000000000000000000, 0.0000000000000000000 ) ) ;
#1192 = VERTEX_POINT ( 'NONE', #1712 ) ;
#1193 = LINE ( 'NONE', #2374, #1726 ) ;
#1194 = AXIS2_PLACEMENT_3D ( 'NONE', #1325, #2911, #2897 ) ;
#1195 = VECTOR ( 'NONE', #2533, 1000.000000000000000 ) ;
#1196 = EDGE_CURVE ( 'NONE', #2366, #119, #1902, .T. ) ;
#1197 = PRESENTATION_LAYER_ASSIGNMENT (  '', '', ( #2486 ) ) ;
#1198 = SURFACE_STYLE_FILL_AREA ( #2525 ) ;
#1199 = PRESENTATION_LAYER_ASSIGNMENT (  '', '', ( #230 ) ) ;
#1200 = CARTESIAN_POINT ( 'NONE',  ( 0.5000000000000000000, 0.5000000000000000000, -1.000000000000000000 ) ) ;
#1201 = DIRECTION ( 'NONE',  ( 0.0000000000000000000, -0.0000000000000000000, 1.000000000000000000 ) ) ;
#1202 = PRESENTATION_LAYER_ASSIGNMENT (  '', '', ( #667 ) ) ;
#1203 = EDGE_CURVE ( 'NONE', #366, #893, #2399, .T. ) ;
#1204 = DIRECTION ( 'NONE',  ( 0.0000000000000000000, -0.0000000000000000000, -1.000000000000000000 ) ) ;
#1205 = VERTEX_POINT ( 'NONE', #552 ) ;
#1206 = FILL_AREA_STYLE_COLOUR ( '', #812 ) ;
#1207 = PRESENTATION_LAYER_ASSIGNMENT (  '', '', ( #1639 ) ) ;
#1208 = EDGE_LOOP ( 'NONE', ( #2028, #2429, #2305, #45 ) ) ;
#1209 = MECHANICAL_DESIGN_GEOMETRIC_PRESENTATION_REPRESENTATION (  '', ( #1589 ), #1924 ) ;
#1210 = STYLED_ITEM ( 'NONE', ( #2396 ), #2826 ) ;
#1211 = DIRECTION ( 'NONE',  ( 0.0000000000000000000, -1.000000000000000000, -0.0000000000000000000 ) ) ;
#1212 = EDGE_LOOP ( 'NONE', ( #676, #2307, #2730, #2482 ) ) ;
#1213 = SURFACE_STYLE_USAGE ( .BOTH. , #974 ) ;
#1214 = DIRECTION ( 'NONE',  ( -0.0000000000000000000, 1.000000000000000000, 0.0000000000000000000 ) ) ;
#1215 = PRESENTATION_LAYER_ASSIGNMENT (  '', '', ( #2325 ) ) ;
#1216 =( NAMED_UNIT ( * ) SI_UNIT ( $, .STERADIAN. ) SOLID_ANGLE_UNIT ( ) );
#1217 = DIRECTION ( 'NONE',  ( -0.0000000000000000000, -1.000000000000000000, -0.0000000000000000000 ) ) ;
#1218 = CARTESIAN_POINT ( 'NONE',  ( 0.1000000000000000056, -0.01000000000000000021, -0.4749999999999999778 ) ) ;
#1219 = EDGE_LOOP ( 'NONE', ( #929, #2117, #2135, #2942 ) ) ;
#1220 = DIRECTION ( 'NONE',  ( -0.0000000000000000000, -1.000000000000000000, 0.0000000000000000000 ) ) ;
#1221 = ORIENTED_EDGE ( 'NONE', *, *, #31, .T. ) ;
#1222 = EDGE_CURVE ( 'NONE', #286, #2279, #542, .T. ) ;
#1223 = CARTESIAN_POINT ( 'NONE',  ( -0.1000000000000000056, 0.0000000000000000000, -0.2000000000000000111 ) ) ;
#1224 = PRESENTATION_STYLE_ASSIGNMENT (( #767 ) ) ;
#1225 = ORIENTED_EDGE ( 'NONE', *, *, #1051, .F. ) ;
#1226 = CARTESIAN_POINT ( 'NONE',  ( -0.04999999999999999584, 0.0000000000000000000, 0.7500000000000000000 ) ) ;
#1227 = DIRECTION ( 'NONE',  ( 0.0000000000000000000, 0.0000000000000000000, 1.000000000000000000 ) ) ;
#1228 = EDGE_CURVE ( 'NONE', #642, #897, #2045, .T. ) ;
#1229 =( NAMED_UNIT ( * ) SI_UNIT ( $, .STERADIAN. ) SOLID_ANGLE_UNIT ( ) );
#1230 = SURFACE_STYLE_FILL_AREA ( #1468 ) ;
#1231 = PRESENTATION_STYLE_ASSIGNMENT (( #2378 ) ) ;
#1232 =( NAMED_UNIT ( * ) PLANE_ANGLE_UNIT ( ) SI_UNIT ( $, .RADIAN. ) );
#1233 = CARTESIAN_POINT ( 'NONE',  ( -0.5000000000000000000, 0.0000000000000000000, -0.6000000000000000888 ) ) ;
#1234 = SURFACE_STYLE_USAGE ( .BOTH. , #1970 ) ;
#1235 = VERTEX_POINT ( 'NONE', #1333 ) ;
#1236 = CARTESIAN_POINT ( 'NONE',  ( -0.5000000000000000000, 0.5000000000000000000, -1.000000000000000000 ) ) ;
#1237 = VERTEX_POINT ( 'NONE', #1096 ) ;
#1238 = ADVANCED_FACE ( 'NONE', ( #1603 ), #2506, .T. ) ;
#1239 =( NAMED_UNIT ( * ) SI_UNIT ( $, .STERADIAN. ) SOLID_ANGLE_UNIT ( ) );
#1240 = ORIENTED_EDGE ( 'NONE', *, *, #2193, .F. ) ;
#1241 = LINE ( 'NONE', #1665, #1148 ) ;
#1242 = FILL_AREA_STYLE_COLOUR ( '', #1444 ) ;
#1243 = VECTOR ( 'NONE', #113, 1000.000000000000000 ) ;
#1244 = CARTESIAN_POINT ( 'NONE',  ( -0.1000000000000000056, 0.0000000000000000000, -1.600000000000000089 ) ) ;
#1245 = CARTESIAN_POINT ( 'NONE',  ( -0.5000000000000000000, 0.5100000000000000089, 1.000000000000000000 ) ) ;
#1246 = PLANE ( 'NONE',  #1537 ) ;
#1247 = LINE ( 'NONE', #1920, #2562 ) ;
#1248 = STYLED_ITEM ( 'NONE', ( #1415 ), #2516 ) ;
#1249 = PRESENTATION_STYLE_ASSIGNMENT (( #2402 ) ) ;
#1250 = PRESENTATION_LAYER_ASSIGNMENT (  '', '', ( #1915 ) ) ;
#1251 = DIRECTION ( 'NONE',  ( 0.0000000000000000000, -0.0000000000000000000, -1.000000000000000000 ) ) ;
#1252 = VERTEX_POINT ( 'NONE', #2735 ) ;
#1253 = CARTESIAN_POINT ( 'NONE',  ( 0.2500000000000000000, 0.0000000000000000000, -0.3250000000000000111 ) ) ;
#1254 = MECHANICAL_DESIGN_GEOMETRIC_PRESENTATION_REPRESENTATION (  '', ( #349 ), #1381 ) ;
#1255 = CARTESIAN_POINT ( 'NONE',  ( 0.0000000000000000000, 0.0000000000000000000, 0.0000000000000000000 ) ) ;
#1256 = DIRECTION ( 'NONE',  ( -1.000000000000000000, 0.0000000000000000000, 0.0000000000000000000 ) ) ;
#1257 = ORIENTED_EDGE ( 'NONE', *, *, #1759, .T. ) ;
#1258 = MECHANICAL_DESIGN_GEOMETRIC_PRESENTATION_REPRESENTATION (  '', ( #913 ), #2966 ) ;
#1259 = EDGE_CURVE ( 'NONE', #1039, #1800, #2455, .T. ) ;
#1260 = ORIENTED_EDGE ( 'NONE', *, *, #1752, .T. ) ;
#1261 = VECTOR ( 'NONE', #1345, 1000.000000000000000 ) ;
#1262 = LINE ( 'NONE', #2854, #1097 ) ;
#1263 = DIRECTION ( 'NONE',  ( -0.0000000000000000000, -0.0000000000000000000, -1.000000000000000000 ) ) ;
#1264 = ORIENTED_EDGE ( 'NONE', *, *, #1717, .T. ) ;
#1265 = SURFACE_STYLE_USAGE ( .BOTH. , #382 ) ;
#1266 = VECTOR ( 'NONE', #911, 1000.000000000000000 ) ;
#1267 = DIRECTION ( 'NONE',  ( 0.0000000000000000000, 1.000000000000000000, -0.0000000000000000000 ) ) ;
#1268 = PLANE ( 'NONE',  #858 ) ;
#1269 = ORIENTED_EDGE ( 'NONE', *, *, #1846, .T. ) ;
#1270 = CARTESIAN_POINT ( 'NONE',  ( -0.05000000000000000278, 0.0000000000000000000, 0.7500000000000000000 ) ) ;
#1271 = VECTOR ( 'NONE', #138, 1000.000000000000000 ) ;
#1272 = SURFACE_STYLE_FILL_AREA ( #2388 ) ;
#1273 = ADVANCED_FACE ( 'NONE', ( #2244 ), #2264, .T. ) ;
#1274 = UNCERTAINTY_MEASURE_WITH_UNIT (LENGTH_MEASURE( 1.000000000000000082E-05 ), #1623, 'distance_accuracy_value', 'NONE');
#1275 = DIRECTION ( 'NONE',  ( 0.0000000000000000000, -0.0000000000000000000, 1.000000000000000000 ) ) ;
#1276 = SURFACE_SIDE_STYLE ('',( #354 ) ) ;
#1277 = ORIENTED_EDGE ( 'NONE', *, *, #2397, .T. ) ;
#1278 = CARTESIAN_POINT ( 'NONE',  ( 0.2500000000000000000, 0.0000000000000000000, -1.199999999999999956 ) ) ;
#1279 = CARTESIAN_POINT ( 'NONE',  ( -0.5000000000000000000, 0.5000000000000000000, 1.000000000000000000 ) ) ;
#1280 = EDGE_CURVE ( 'NONE', #1613, #1565, #2968, .T. ) ;
#1281 = CYLINDRICAL_SURFACE ( 'NONE', #2542, 0.1999999999999999833 ) ;
#1282 = ORIENTED_EDGE ( 'NONE', *, *, #1951, .F. ) ;
#1283 =( LENGTH_UNIT ( ) NAMED_UNIT ( * ) SI_UNIT ( .MILLI., .METRE. ) );
#1284 = VECTOR ( 'NONE', #2756, 1000.000000000000000 ) ;
#1285 = FILL_AREA_STYLE ('',( #2939 ) ) ;
#1286 = CARTESIAN_POINT ( 'NONE',  ( 0.5000000000000000000, 0.0000000000000000000, -1.199999999999999956 ) ) ;
#1287 = CARTESIAN_POINT ( 'NONE',  ( -0.5000000000000000000, 0.5100000000000000089, -1.600000000000000089 ) ) ;
#1288 = ORIENTED_EDGE ( 'NONE', *, *, #1546, .T. ) ;
#1289 = LINE ( 'NONE', #2502, #1441 ) ;
#1290 = EDGE_CURVE ( 'NONE', #636, #1390, #1602, .T. ) ;
#1291 = VECTOR ( 'NONE', #2197, 1000.000000000000000 ) ;
#1292 = LINE ( 'NONE', #1040, #1291 ) ;
#1293 = CARTESIAN_POINT ( 'NONE',  ( 0.0000000000000000000, 0.0000000000000000000, 0.0000000000000000000 ) ) ;
#1294 =( NAMED_UNIT ( * ) PLANE_ANGLE_UNIT ( ) SI_UNIT ( $, .RADIAN. ) );
#1295 = ORIENTED_EDGE ( 'NONE', *, *, #2426, .F. ) ;
#1296 = UNCERTAINTY_MEASURE_WITH_UNIT (LENGTH_MEASURE( 1.000000000000000082E-05 ), #740, 'distance_accuracy_value', 'NONE');
#1297 = PRESENTATION_LAYER_ASSIGNMENT (  '', '', ( #913 ) ) ;
#1298 = AXIS2_PLACEMENT_3D ( 'NONE', #153, #2000, #1764 ) ;
#1299 = PLANE ( 'NONE',  #671 ) ;
#1300 = PRESENTATION_LAYER_ASSIGNMENT (  '', '', ( #2544 ) ) ;
#1301 = UNCERTAINTY_MEASURE_WITH_UNIT (LENGTH_MEASURE( 1.000000000000000082E-05 ), #278, 'distance_accuracy_value', 'NONE');
#1302 = FILL_AREA_STYLE_COLOUR ( '', #2302 ) ;
#1303 = CARTESIAN_POINT ( 'NONE',  ( 0.0000000000000000000, -0.01000000000000000021, -0.3250000000000000666 ) ) ;
#1304 = EDGE_LOOP ( 'NONE', ( #1985, #2170, #2238, #360 ) ) ;
#1305 = VECTOR ( 'NONE', #971, 1000.000000000000000 ) ;
#1306 = ADVANCED_FACE ( 'NONE', ( #871 ), #1348, .T. ) ;
#1307 = FACE_BOUND ( 'NONE', #2814, .T. ) ;
#1308 = LINE ( 'NONE', #134, #1785 ) ;
#1309 = ORIENTED_EDGE ( 'NONE', *, *, #438, .F. ) ;
#1310 = CARTESIAN_POINT ( 'NONE',  ( -0.4749999999999999778, 0.5000000000000001110, 1.000000000000000000 ) ) ;
#1311 = DIRECTION ( 'NONE',  ( -0.0000000000000000000, 0.0000000000000000000, 1.000000000000000000 ) ) ;
#1312 = DIRECTION ( 'NONE',  ( 0.0000000000000000000, 0.0000000000000000000, 1.000000000000000000 ) ) ;
#1313 = SURFACE_SIDE_STYLE ('',( #1797 ) ) ;
#1314 = LINE ( 'NONE', #1529, #946 ) ;
#1315 = CARTESIAN_POINT ( 'NONE',  ( 0.2500000000000000000, 0.0000000000000000000, 1.199999999999999956 ) ) ;
#1316 =( NAMED_UNIT ( * ) PLANE_ANGLE_UNIT ( ) SI_UNIT ( $, .RADIAN. ) );
#1317 = DIRECTION ( 'NONE',  ( 1.000000000000000000, 0.0000000000000000000, -0.0000000000000000000 ) ) ;
#1318 = DIRECTION ( 'NONE',  ( -0.0000000000000000000, 0.0000000000000000000, -1.000000000000000000 ) ) ;
#1319 = ORIENTED_EDGE ( 'NONE', *, *, #983, .T. ) ;
#1320 = EDGE_CURVE ( 'NONE', #2566, #1252, #2476, .T. ) ;
#1321 = SURFACE_STYLE_FILL_AREA ( #602 ) ;
#1322 = CARTESIAN_POINT ( 'NONE',  ( 0.1499999999998428146, 0.5000000000000000000, -1.406350832689913233 ) ) ;
#1323 = VERTEX_POINT ( 'NONE', #446 ) ;
#1324 = EDGE_CURVE ( 'NONE', #300, #26, #2937, .T. ) ;
#1325 = CARTESIAN_POINT ( 'NONE',  ( -0.5000000000000000000, 0.5000000000000000000, 1.000000000000000000 ) ) ;
#1326 = DIRECTION ( 'NONE',  ( 1.000000000000000000, 0.0000000000000000000, 0.0000000000000000000 ) ) ;
#1327 = CARTESIAN_POINT ( 'NONE',  ( -0.1000000000000000056, 0.0000000000000000000, -0.4749999999999999778 ) ) ;
#1328 = SURFACE_STYLE_FILL_AREA ( #1574 ) ;
#1329 = DIRECTION ( 'NONE',  ( 0.0000000000000000000, -0.0000000000000000000, 1.000000000000000000 ) ) ;
#1330 = DIRECTION ( 'NONE',  ( -0.0000000000000000000, 1.000000000000000000, 0.0000000000000000000 ) ) ;
#1331 = ORIENTED_EDGE ( 'NONE', *, *, #296, .T. ) ;
#1332 = AXIS2_PLACEMENT_3D ( 'NONE', #1428, #77, #1946 ) ;
#1333 = CARTESIAN_POINT ( 'NONE',  ( -0.1000000000000000056, -0.01000000000000000021, 1.199999999999999956 ) ) ;
#1334 = CARTESIAN_POINT ( 'NONE',  ( -0.3000000000000000444, 0.5100000000000000089, -1.000000000000000000 ) ) ;
#1335 = VECTOR ( 'NONE', #1547, 1000.000000000000000 ) ;
#1336 = DIRECTION ( 'NONE',  ( 0.0000000000000000000, 1.000000000000000000, 0.0000000000000000000 ) ) ;
#1337 = VECTOR ( 'NONE', #1425, 1000.000000000000000 ) ;
#1338 = EDGE_CURVE ( 'NONE', #2327, #1478, #1113, .T. ) ;
#1339 = AXIS2_PLACEMENT_3D ( 'NONE', #1978, #2009, #2859 ) ;
#1340 = DIRECTION ( 'NONE',  ( 0.0000000000000000000, 1.000000000000000000, 0.0000000000000000000 ) ) ;
#1341 = EDGE_LOOP ( 'NONE', ( #9, #998, #1409, #592 ) ) ;
#1342 = SURFACE_STYLE_USAGE ( .BOTH. , #454 ) ;
#1343 = CARTESIAN_POINT ( 'NONE',  ( -0.5000000000000000000, -0.01000000000000000021, 0.0000000000000000000 ) ) ;
#1344 = ORIENTED_EDGE ( 'NONE', *, *, #2446, .F. ) ;
#1345 = DIRECTION ( 'NONE',  ( -1.000000000000000000, -0.0000000000000000000, -0.0000000000000000000 ) ) ;
#1346 = VERTEX_POINT ( 'NONE', #1583 ) ;
#1347 = CIRCLE ( 'NONE', #830, 0.2500000000000000000 ) ;
#1348 = PLANE ( 'NONE',  #629 ) ;
#1349 = FACE_OUTER_BOUND ( 'NONE', #834, .T. ) ;
#1350 = UNCERTAINTY_MEASURE_WITH_UNIT (LENGTH_MEASURE( 1.000000000000000082E-05 ), #2208, 'distance_accuracy_value', 'NONE');
#1351 =( NAMED_UNIT ( * ) PLANE_ANGLE_UNIT ( ) SI_UNIT ( $, .RADIAN. ) );
#1352 = DIRECTION ( 'NONE',  ( 0.0000000000000000000, 0.0000000000000000000, 1.000000000000000000 ) ) ;
#1353 = ORIENTED_EDGE ( 'NONE', *, *, #2475, .F. ) ;
#1354 = LINE ( 'NONE', #1152, #1029 ) ;
#1355 = FILL_AREA_STYLE ('',( #912 ) ) ;
#1356 = CARTESIAN_POINT ( 'NONE',  ( 0.5000000000000000000, 0.0000000000000000000, 1.600000000000000089 ) ) ;
#1357 = ORIENTED_EDGE ( 'NONE', *, *, #334, .F. ) ;
#1358 = ORIENTED_EDGE ( 'NONE', *, *, #2574, .T. ) ;
#1359 = DIRECTION ( 'NONE',  ( 0.0000000000000000000, 1.000000000000000000, -0.0000000000000000000 ) ) ;
#1360 = ORIENTED_EDGE ( 'NONE', *, *, #1038, .T. ) ;
#1361 = DIRECTION ( 'NONE',  ( 0.0000000000000000000, -0.0000000000000000000, 1.000000000000000000 ) ) ;
#1362 = FACE_OUTER_BOUND ( 'NONE', #2795, .T. ) ;
#1363 = SURFACE_STYLE_FILL_AREA ( #466 ) ;
#1364 = CIRCLE ( 'NONE', #1763, 0.3999999999999999667 ) ;
#1365 = DIRECTION ( 'NONE',  ( 0.0000000000000000000, 0.0000000000000000000, -1.000000000000000000 ) ) ;
#1366 = ORIENTED_EDGE ( 'NONE', *, *, #1324, .F. ) ;
#1367 = DIRECTION ( 'NONE',  ( 1.000000000000000000, 0.0000000000000000000, 0.0000000000000000000 ) ) ;
#1368 = DIRECTION ( 'NONE',  ( 0.0000000000000000000, 1.000000000000000000, 0.0000000000000000000 ) ) ;
#1369 = SURFACE_SIDE_STYLE ('',( #19 ) ) ;
#1370 =( NAMED_UNIT ( * ) SI_UNIT ( $, .STERADIAN. ) SOLID_ANGLE_UNIT ( ) );
#1371 = ORIENTED_EDGE ( 'NONE', *, *, #1741, .T. ) ;
#1372 = FILL_AREA_STYLE ('',( #2241 ) ) ;
#1373 = ORIENTED_EDGE ( 'NONE', *, *, #557, .F. ) ;
#1374 = EDGE_CURVE ( 'NONE', #746, #556, #2078, .T. ) ;
#1375 = SURFACE_STYLE_FILL_AREA ( #1141 ) ;
#1376 = ORIENTED_EDGE ( 'NONE', *, *, #2178, .T. ) ;
#1377 = FILL_AREA_STYLE_COLOUR ( '', #1532 ) ;
#1378 = LINE ( 'NONE', #28, #968 ) ;
#1379 = UNCERTAINTY_MEASURE_WITH_UNIT (LENGTH_MEASURE( 1.000000000000000082E-05 ), #1840, 'distance_accuracy_value', 'NONE');
#1380 = DIRECTION ( 'NONE',  ( 1.000000000000000000, 0.0000000000000000000, 0.0000000000000000000 ) ) ;
#1381 =( GEOMETRIC_REPRESENTATION_CONTEXT ( 3 ) GLOBAL_UNCERTAINTY_ASSIGNED_CONTEXT ( ( #1782 ) ) GLOBAL_UNIT_ASSIGNED_CONTEXT ( ( #1855, #2930, #2469 ) ) REPRESENTATION_CONTEXT ( 'NONE', 'WORKASPACE' ) );
#1382 = FILL_AREA_STYLE_COLOUR ( '', #2807 ) ;
#1383 = ORIENTED_EDGE ( 'NONE', *, *, #1374, .T. ) ;
#1384 = DIRECTION ( 'NONE',  ( -0.0000000000000000000, 0.0000000000000000000, -1.000000000000000000 ) ) ;
#1385 = VECTOR ( 'NONE', #1088, 1000.000000000000000 ) ;
#1386 = AXIS2_PLACEMENT_3D ( 'NONE', #1085, #2219, #1541 ) ;
#1387 = CARTESIAN_POINT ( 'NONE',  ( -0.2500000000000000000, -0.01000000000000001235, -1.600000000000000089 ) ) ;
#1388 = FILL_AREA_STYLE_COLOUR ( '', #375 ) ;
#1389 = VECTOR ( 'NONE', #2200, 1000.000000000000000 ) ;
#1390 = VERTEX_POINT ( 'NONE', #1161 ) ;
#1391 = PRESENTATION_STYLE_ASSIGNMENT (( #476 ) ) ;
#1392 = ORIENTED_EDGE ( 'NONE', *, *, #2039, .F. ) ;
#1393 = STYLED_ITEM ( 'NONE', ( #2960 ), #623 ) ;
#1394 = ADVANCED_FACE ( 'NONE', ( #886 ), #2014, .T. ) ;
#1395 = VERTEX_POINT ( 'NONE', #1651 ) ;
#1396 = DIRECTION ( 'NONE',  ( 0.0000000000000000000, 0.0000000000000000000, 1.000000000000000000 ) ) ;
#1397 = VECTOR ( 'NONE', #1682, 1000.000000000000000 ) ;
#1398 = EDGE_CURVE ( 'NONE', #2505, #1816, #510, .T. ) ;
#1399 = SURFACE_STYLE_USAGE ( .BOTH. , #487 ) ;
#1400 = EDGE_CURVE ( 'NONE', #111, #549, #2557, .T. ) ;
#1401 = ORIENTED_EDGE ( 'NONE', *, *, #1586, .T. ) ;
#1402 =( NAMED_UNIT ( * ) SI_UNIT ( $, .STERADIAN. ) SOLID_ANGLE_UNIT ( ) );
#1403 =( LENGTH_UNIT ( ) NAMED_UNIT ( * ) SI_UNIT ( .MILLI., .METRE. ) );
#1404 =( GEOMETRIC_REPRESENTATION_CONTEXT ( 3 ) GLOBAL_UNCERTAINTY_ASSIGNED_CONTEXT ( ( #2081 ) ) GLOBAL_UNIT_ASSIGNED_CONTEXT ( ( #1046, #1232, #353 ) ) REPRESENTATION_CONTEXT ( 'NONE', 'WORKASPACE' ) );
#1405 = ORIENTED_EDGE ( 'NONE', *, *, #2415, .F. ) ;
#1406 = CARTESIAN_POINT ( 'NONE',  ( 0.0000000000000000000, 0.0000000000000000000, -0.5999999999999999778 ) ) ;
#1407 = ORIENTED_EDGE ( 'NONE', *, *, #922, .T. ) ;
#1408 = FACE_OUTER_BOUND ( 'NONE', #2477, .T. ) ;
#1409 = ORIENTED_EDGE ( 'NONE', *, *, #1084, .F. ) ;
#1410 = EDGE_CURVE ( 'NONE', #1551, #703, #1910, .T. ) ;
#1411 = CARTESIAN_POINT ( 'NONE',  ( -0.1000000000000000472, 0.0000000000000000000, -1.600000000000000089 ) ) ;
#1412 = PRESENTATION_STYLE_ASSIGNMENT (( #2339 ) ) ;
#1413 = UNCERTAINTY_MEASURE_WITH_UNIT (LENGTH_MEASURE( 1.000000000000000082E-05 ), #2230, 'distance_accuracy_value', 'NONE');
#1414 = EDGE_CURVE ( 'NONE', #2105, #737, #1452, .T. ) ;
#1415 = PRESENTATION_STYLE_ASSIGNMENT (( #1399 ) ) ;
#1416 = CARTESIAN_POINT ( 'NONE',  ( 0.5000000000000000000, 0.0000000000000000000, -1.600000000000000089 ) ) ;
#1417 = DIRECTION ( 'NONE',  ( 0.0000000000000000000, 1.000000000000000000, 0.0000000000000000000 ) ) ;
#1418 = SURFACE_STYLE_USAGE ( .BOTH. , #2768 ) ;
#1419 = LINE ( 'NONE', #1171, #2012 ) ;
#1420 =( GEOMETRIC_REPRESENTATION_CONTEXT ( 3 ) GLOBAL_UNCERTAINTY_ASSIGNED_CONTEXT ( ( #2741 ) ) GLOBAL_UNIT_ASSIGNED_CONTEXT ( ( #2096, #2546, #1216 ) ) REPRESENTATION_CONTEXT ( 'NONE', 'WORKASPACE' ) );
#1421 = PRESENTATION_STYLE_ASSIGNMENT (( #991 ) ) ;
#1422 = ORIENTED_EDGE ( 'NONE', *, *, #1846, .F. ) ;
#1423 = DIRECTION ( 'NONE',  ( 0.0000000000000000000, -1.000000000000000000, -0.0000000000000000000 ) ) ;
#1424 = VERTEX_POINT ( 'NONE', #1676 ) ;
#1425 = DIRECTION ( 'NONE',  ( -1.000000000000000000, -0.0000000000000000000, 0.0000000000000000000 ) ) ;
#1426 = DIRECTION ( 'NONE',  ( 0.0000000000000000000, 1.000000000000000000, 0.0000000000000000000 ) ) ;
#1427 = EDGE_LOOP ( 'NONE', ( #1775, #260, #2380, #459 ) ) ;
#1428 = CARTESIAN_POINT ( 'NONE',  ( 0.5000000000000000000, 0.5000000000000000000, -1.600000000000000089 ) ) ;
#1429 = PRESENTATION_LAYER_ASSIGNMENT (  '', '', ( #849 ) ) ;
#1430 = PRESENTATION_LAYER_ASSIGNMENT (  '', '', ( #2005 ) ) ;
#1431 = MECHANICAL_DESIGN_GEOMETRIC_PRESENTATION_REPRESENTATION (  '', ( #958 ), #226 ) ;
#1432 = ADVANCED_FACE ( 'NONE', ( #1408 ), #75, .T. ) ;
#1433 =( GEOMETRIC_REPRESENTATION_CONTEXT ( 3 ) GLOBAL_UNCERTAINTY_ASSIGNED_CONTEXT ( ( #2655 ) ) GLOBAL_UNIT_ASSIGNED_CONTEXT ( ( #2896, #1783, #633 ) ) REPRESENTATION_CONTEXT ( 'NONE', 'WORKASPACE' ) );
#1434 = STYLED_ITEM ( 'NONE', ( #2485 ), #2080 ) ;
#1435 = PRESENTATION_STYLE_ASSIGNMENT (( #1937 ) ) ;
#1436 = CARTESIAN_POINT ( 'NONE',  ( -0.1000000000000000056, 0.0000000000000000000, 0.5999999999999999778 ) ) ;
#1437 = FACE_OUTER_BOUND ( 'NONE', #315, .T. ) ;
#1438 = CARTESIAN_POINT ( 'NONE',  ( -0.5000000000000000000, 0.5100000000000000089, -1.000000000000000000 ) ) ;
#1439 = EDGE_LOOP ( 'NONE', ( #2733, #1331, #2124, #2316 ) ) ;
#1440 = CARTESIAN_POINT ( 'NONE',  ( -0.5000000000000000000, 0.5000000000000000000, -1.000000000000000000 ) ) ;
#1441 = VECTOR ( 'NONE', #1368, 1000.000000000000000 ) ;
#1442 = ORIENTED_EDGE ( 'NONE', *, *, #1503, .T. ) ;
#1443 = AXIS2_PLACEMENT_3D ( 'NONE', #2190, #1467, #320 ) ;
#1444 = COLOUR_RGB ( '',1.000000000000000000, 1.000000000000000000, 1.000000000000000000 ) ;
#1445 = EDGE_CURVE ( 'NONE', #119, #2708, #2384, .T. ) ;
#1446 = LINE ( 'NONE', #1223, #1337 ) ;
#1447 = CARTESIAN_POINT ( 'NONE',  ( 0.1499999999999999944, 0.5100000000000000089, -1.406350832690000052 ) ) ;
#1448 = ORIENTED_EDGE ( 'NONE', *, *, #1597, .F. ) ;
#1449 = FILL_AREA_STYLE_COLOUR ( '', #2442 ) ;
#1450 = SURFACE_STYLE_USAGE ( .BOTH. , #1898 ) ;
#1451 = UNCERTAINTY_MEASURE_WITH_UNIT (LENGTH_MEASURE( 1.000000000000000082E-05 ), #2154, 'distance_accuracy_value', 'NONE');
#1452 = CIRCLE ( 'NONE', #681, 0.2500000000000000000 ) ;
#1453 = CYLINDRICAL_SURFACE ( 'NONE', #1386, 0.2500000000000000000 ) ;
#1454 = SURFACE_STYLE_FILL_AREA ( #310 ) ;
#1455 = SURFACE_SIDE_STYLE ('',( #1754 ) ) ;
#1456 = ADVANCED_FACE ( 'NONE', ( #2777 ), #996, .T. ) ;
#1457 =( NAMED_UNIT ( * ) PLANE_ANGLE_UNIT ( ) SI_UNIT ( $, .RADIAN. ) );
#1458 = DIRECTION ( 'NONE',  ( 0.0000000000000000000, 1.000000000000000000, 0.0000000000000000000 ) ) ;
#1459 = ORIENTED_EDGE ( 'NONE', *, *, #78, .F. ) ;
#1460 = SURFACE_STYLE_FILL_AREA ( #2790 ) ;
#1461 = EDGE_LOOP ( 'NONE', ( #1066, #1407, #942, #205 ) ) ;
#1462 = EDGE_CURVE ( 'NONE', #839, #556, #1308, .T. ) ;
#1463 = FILL_AREA_STYLE ('',( #1864 ) ) ;
#1464 = ORIENTED_EDGE ( 'NONE', *, *, #2153, .F. ) ;
#1465 = CARTESIAN_POINT ( 'NONE',  ( -0.1000000000000000472, 0.0000000000000000000, -1.600000000000000089 ) ) ;
#1466 = CARTESIAN_POINT ( 'NONE',  ( 0.0000000000000000000, 0.5000000000000000000, -1.000000000000000000 ) ) ;
#1467 = DIRECTION ( 'NONE',  ( 0.0000000000000000000, 0.0000000000000000000, -1.000000000000000000 ) ) ;
#1468 = FILL_AREA_STYLE ('',( #2452 ) ) ;
#1469 =( LENGTH_UNIT ( ) NAMED_UNIT ( * ) SI_UNIT ( .MILLI., .METRE. ) );
#1470 = PLANE ( 'NONE',  #2865 ) ;
#1471 = LINE ( 'NONE', #596, #2400 ) ;
#1472 = CARTESIAN_POINT ( 'NONE',  ( -0.5000000000000000000, 0.0000000000000000000, 1.199999999999999956 ) ) ;
#1473 = ORIENTED_EDGE ( 'NONE', *, *, #572, .T. ) ;
#1474 = CARTESIAN_POINT ( 'NONE',  ( 0.5000000000000000000, -0.01000000000000000021, 1.199999999999999956 ) ) ;
#1475 = ADVANCED_FACE ( 'NONE', ( #118 ), #1042, .T. ) ;
#1476 = LINE ( 'NONE', #1909, #2734 ) ;
#1477 = CARTESIAN_POINT ( 'NONE',  ( 0.1000000000000000056, 0.0000000000000000000, 1.600000000000000089 ) ) ;
#1478 = VERTEX_POINT ( 'NONE', #161 ) ;
#1479 = FILL_AREA_STYLE ('',( #1242 ) ) ;
#1480 = UNCERTAINTY_MEASURE_WITH_UNIT (LENGTH_MEASURE( 1.000000000000000082E-05 ), #881, 'distance_accuracy_value', 'NONE');
#1481 = CARTESIAN_POINT ( 'NONE',  ( 0.5000000000000000000, 0.5000000000000000000, -1.350000000000000089 ) ) ;
#1482 = UNCERTAINTY_MEASURE_WITH_UNIT (LENGTH_MEASURE( 1.000000000000000082E-05 ), #1700, 'distance_accuracy_value', 'NONE');
#1483 = CARTESIAN_POINT ( 'NONE',  ( 0.0000000000000000000, 0.0000000000000000000, 0.2000000000000000111 ) ) ;
#1484 = SURFACE_STYLE_FILL_AREA ( #1702 ) ;
#1485 = PLANE ( 'NONE',  #962 ) ;
#1486 = STYLED_ITEM ( 'NONE', ( #2540 ), #1857 ) ;
#1487 = SURFACE_SIDE_STYLE ('',( #2845 ) ) ;
#1488 = ORIENTED_EDGE ( 'NONE', *, *, #1178, .F. ) ;
#1489 = LINE ( 'NONE', #829, #2825 ) ;
#1490 = FILL_AREA_STYLE ('',( #1760 ) ) ;
#1491 = VECTOR ( 'NONE', #1030, 1000.000000000000000 ) ;
#1492 = CARTESIAN_POINT ( 'NONE',  ( -0.1000000000000000056, 0.0000000000000000000, -1.199999999999999956 ) ) ;
#1493 = LINE ( 'NONE', #328, #869 ) ;
#1494 = ORIENTED_EDGE ( 'NONE', *, *, #1895, .F. ) ;
#1495 = MECHANICAL_DESIGN_GEOMETRIC_PRESENTATION_REPRESENTATION (  '', ( #1823 ), #1872 ) ;
#1496 = FACE_OUTER_BOUND ( 'NONE', #2032, .T. ) ;
#1497 = EDGE_CURVE ( 'NONE', #703, #1478, #1493, .T. ) ;
#1498 =( GEOMETRIC_REPRESENTATION_CONTEXT ( 3 ) GLOBAL_UNCERTAINTY_ASSIGNED_CONTEXT ( ( #1451 ) ) GLOBAL_UNIT_ASSIGNED_CONTEXT ( ( #2154, #1667, #1000 ) ) REPRESENTATION_CONTEXT ( 'NONE', 'WORKASPACE' ) );
#1499 = LINE ( 'NONE', #123, #2686 ) ;
#1500 = STYLED_ITEM ( 'NONE', ( #1175 ), #1456 ) ;
#1501 =( LENGTH_UNIT ( ) NAMED_UNIT ( * ) SI_UNIT ( .MILLI., .METRE. ) );
#1502 = FILL_AREA_STYLE_COLOUR ( '', #1973 ) ;
#1503 = EDGE_CURVE ( 'NONE', #650, #2622, #2228, .T. ) ;
#1504 = DIRECTION ( 'NONE',  ( -0.0000000000000000000, -1.000000000000000000, 0.0000000000000000000 ) ) ;
#1505 = ORIENTED_EDGE ( 'NONE', *, *, #387, .F. ) ;
#1506 = LINE ( 'NONE', #2661, #145 ) ;
#1507 = SURFACE_STYLE_FILL_AREA ( #1974 ) ;
#1508 = SURFACE_SIDE_STYLE ('',( #2472 ) ) ;
#1509 = CARTESIAN_POINT ( 'NONE',  ( -0.1499999999999999944, 0.5000000000000000000, 0.0000000000000000000 ) ) ;
#1510 = ORIENTED_EDGE ( 'NONE', *, *, #2446, .T. ) ;
#1511 = EDGE_CURVE ( 'NONE', #897, #2665, #591, .T. ) ;
#1512 = UNCERTAINTY_MEASURE_WITH_UNIT (LENGTH_MEASURE( 1.000000000000000082E-05 ), #406, 'distance_accuracy_value', 'NONE');
#1513 = ORIENTED_EDGE ( 'NONE', *, *, #2193, .T. ) ;
#1514 = ADVANCED_FACE ( 'NONE', ( #2849 ), #2449, .T. ) ;
#1515 = SURFACE_SIDE_STYLE ('',( #1484 ) ) ;
#1516 =( LENGTH_UNIT ( ) NAMED_UNIT ( * ) SI_UNIT ( .MILLI., .METRE. ) );
#1517 = SURFACE_STYLE_USAGE ( .BOTH. , #1487 ) ;
#1518 = ORIENTED_EDGE ( 'NONE', *, *, #1414, .F. ) ;
#1519 = CARTESIAN_POINT ( 'NONE',  ( -0.5000000000000000000, -0.01000000000000001929, -1.350000000000000089 ) ) ;
#1520 = PRESENTATION_STYLE_ASSIGNMENT (( #831 ) ) ;
#1521 = LINE ( 'NONE', #1734, #1591 ) ;
#1522 = FILL_AREA_STYLE ('',( #2664 ) ) ;
#1523 = ORIENTED_EDGE ( 'NONE', *, *, #2057, .T. ) ;
#1524 = CARTESIAN_POINT ( 'NONE',  ( 0.2999999999999999889, 0.5000000000000000000, 1.000000000000000000 ) ) ;
#1525 = CARTESIAN_POINT ( 'NONE',  ( -0.5000000000000000000, 0.0000000000000000000, 1.199999999999999956 ) ) ;
#1526 = MECHANICAL_DESIGN_GEOMETRIC_PRESENTATION_REPRESENTATION (  '', ( #1718 ), #1420 ) ;
#1527 = FILL_AREA_STYLE ('',( #617 ) ) ;
#1528 = EDGE_CURVE ( 'NONE', #114, #2216, #105, .T. ) ;
#1529 = CARTESIAN_POINT ( 'NONE',  ( 0.0000000000000000000, 0.0000000000000000000, 1.199999999999999956 ) ) ;
#1530 = DIRECTION ( 'NONE',  ( 0.0000000000000000000, 1.000000000000000000, 0.0000000000000000000 ) ) ;
#1531 = LINE ( 'NONE', #571, #2165 ) ;
#1532 = COLOUR_RGB ( '',1.000000000000000000, 1.000000000000000000, 1.000000000000000000 ) ;
#1533 = SURFACE_SIDE_STYLE ('',( #1507 ) ) ;
#1534 = DIRECTION ( 'NONE',  ( 0.0000000000000000000, 0.0000000000000000000, -1.000000000000000000 ) ) ;
#1535 = ORIENTED_EDGE ( 'NONE', *, *, #1338, .T. ) ;
#1536 = VECTOR ( 'NONE', #2345, 1000.000000000000000 ) ;
#1537 = AXIS2_PLACEMENT_3D ( 'NONE', #2835, #2584, #2371 ) ;
#1538 = ADVANCED_FACE ( 'NONE', ( #1791 ), #413, .T. ) ;
#1539 = CIRCLE ( 'NONE', #1339, 0.2500000000000000000 ) ;
#1540 = VECTOR ( 'NONE', #1336, 1000.000000000000000 ) ;
#1541 = DIRECTION ( 'NONE',  ( 0.0000000000000000000, 0.0000000000000000000, 1.000000000000000000 ) ) ;
#1542 =( GEOMETRIC_REPRESENTATION_CONTEXT ( 3 ) GLOBAL_UNCERTAINTY_ASSIGNED_CONTEXT ( ( #1034 ) ) GLOBAL_UNIT_ASSIGNED_CONTEXT ( ( #1283, #1057, #2904 ) ) REPRESENTATION_CONTEXT ( 'NONE', 'WORKASPACE' ) );
#1543 = VECTOR ( 'NONE', #347, 1000.000000000000000 ) ;
#1544 = FACE_OUTER_BOUND ( 'NONE', #2723, .T. ) ;
#1545 = CARTESIAN_POINT ( 'NONE',  ( 0.5000000000000000000, 0.5100000000000000089, -1.200000000000000178 ) ) ;
#1546 = EDGE_CURVE ( 'NONE', #72, #933, #2715, .T. ) ;
#1547 = DIRECTION ( 'NONE',  ( 0.0000000000000000000, -0.0000000000000000000, -1.000000000000000000 ) ) ;
#1548 = MECHANICAL_DESIGN_GEOMETRIC_PRESENTATION_REPRESENTATION (  '', ( #2325 ), #243 ) ;
#1549 = FACE_OUTER_BOUND ( 'NONE', #1212, .T. ) ;
#1550 = PRESENTATION_LAYER_ASSIGNMENT (  '', '', ( #349 ) ) ;
#1551 = VERTEX_POINT ( 'NONE', #1833 ) ;
#1552 = DIRECTION ( 'NONE',  ( 1.000000000000000000, 0.0000000000000000000, -0.0000000000000000000 ) ) ;
#1553 = CARTESIAN_POINT ( 'NONE',  ( -0.5000000000000000000, 0.5000000000000000000, -1.200000000000000178 ) ) ;
#1554 = STYLED_ITEM ( 'NONE', ( #2695 ), #814 ) ;
#1555 = EDGE_CURVE ( 'NONE', #72, #636, #2073, .T. ) ;
#1556 = LINE ( 'NONE', #1799, #1139 ) ;
#1557 = CARTESIAN_POINT ( 'NONE',  ( -0.1499999999999999944, 0.5100000000000000089, 1.000000000000000000 ) ) ;
#1558 = DIRECTION ( 'NONE',  ( -0.0000000000000000000, 0.0000000000000000000, -1.000000000000000000 ) ) ;
#1559 = FACE_OUTER_BOUND ( 'NONE', #656, .T. ) ;
#1560 = CARTESIAN_POINT ( 'NONE',  ( -0.1000000000000000056, -0.01000000000000000021, 0.2000000000000000111 ) ) ;
#1561 = VERTEX_POINT ( 'NONE', #2518 ) ;
#1562 = DIRECTION ( 'NONE',  ( -1.897353801849632760E-15, 0.0000000000000000000, 1.000000000000000000 ) ) ;
#1563 = EDGE_CURVE ( 'NONE', #549, #1816, #1743, .T. ) ;
#1564 = DIRECTION ( 'NONE',  ( 0.0000000000000000000, 0.0000000000000000000, 1.000000000000000000 ) ) ;
#1565 = VERTEX_POINT ( 'NONE', #2749 ) ;
#1566 = PLANE ( 'NONE',  #1298 ) ;
#1567 = MECHANICAL_DESIGN_GEOMETRIC_PRESENTATION_REPRESENTATION (  '', ( #891 ), #1956 ) ;
#1568 = UNCERTAINTY_MEASURE_WITH_UNIT (LENGTH_MEASURE( 1.000000000000000082E-05 ), #191, 'distance_accuracy_value', 'NONE');
#1569 =( NAMED_UNIT ( * ) SI_UNIT ( $, .STERADIAN. ) SOLID_ANGLE_UNIT ( ) );
#1570 = DIRECTION ( 'NONE',  ( 0.0000000000000000000, 0.0000000000000000000, 1.000000000000000000 ) ) ;
#1571 = LINE ( 'NONE', #861, #2101 ) ;
#1572 = VERTEX_POINT ( 'NONE', #217 ) ;
#1573 = CARTESIAN_POINT ( 'NONE',  ( -0.1000000000000000056, 0.0000000000000000000, 0.2000000000000000111 ) ) ;
#1574 = FILL_AREA_STYLE ('',( #2514 ) ) ;
#1575 = AXIS2_PLACEMENT_3D ( 'NONE', #157, #892, #2004 ) ;
#1576 = DIRECTION ( 'NONE',  ( 0.0000000000000000000, 0.0000000000000000000, -1.000000000000000000 ) ) ;
#1577 = AXIS2_PLACEMENT_3D ( 'NONE', #709, #2281, #2561 ) ;
#1578 = ORIENTED_EDGE ( 'NONE', *, *, #1462, .T. ) ;
#1579 = DIRECTION ( 'NONE',  ( -0.0000000000000000000, -1.000000000000000000, -0.0000000000000000000 ) ) ;
#1580 = ORIENTED_EDGE ( 'NONE', *, *, #922, .F. ) ;
#1581 = AXIS2_PLACEMENT_3D ( 'NONE', #1279, #2183, #1068 ) ;
#1582 = AXIS2_PLACEMENT_3D ( 'NONE', #2115, #2549, #491 ) ;
#1583 = CARTESIAN_POINT ( 'NONE',  ( -0.1000000000000000056, 0.0000000000000000000, 0.4749999999999999778 ) ) ;
#1584 = ORIENTED_EDGE ( 'NONE', *, *, #1398, .T. ) ;
#1585 = EDGE_CURVE ( 'NONE', #1572, #1237, #2042, .T. ) ;
#1586 = EDGE_CURVE ( 'NONE', #2216, #2505, #2172, .T. ) ;
#1587 = LINE ( 'NONE', #1114, #2254 ) ;
#1588 = FILL_AREA_STYLE_COLOUR ( '', #2063 ) ;
#1589 = STYLED_ITEM ( 'NONE', ( #1822 ), #2779 ) ;
#1590 = CARTESIAN_POINT ( 'NONE',  ( -0.2500000000000000000, -0.01000000000000000021, 0.8699999999999999956 ) ) ;
#1591 = VECTOR ( 'NONE', #1534, 1000.000000000000000 ) ;
#1592 = COLOUR_RGB ( '',1.000000000000000000, 1.000000000000000000, 1.000000000000000000 ) ;
#1593 =( LENGTH_UNIT ( ) NAMED_UNIT ( * ) SI_UNIT ( .MILLI., .METRE. ) );
#1594 = ORIENTED_EDGE ( 'NONE', *, *, #593, .T. ) ;
#1595 = PRESENTATION_STYLE_ASSIGNMENT (( #17 ) ) ;
#1596 = CARTESIAN_POINT ( 'NONE',  ( -0.5000000000000000000, 0.0000000000000000000, 1.600000000000000089 ) ) ;
#1597 = EDGE_CURVE ( 'NONE', #114, #195, #917, .T. ) ;
#1598 = DIRECTION ( 'NONE',  ( 0.0000000000000000000, 0.0000000000000000000, -1.000000000000000000 ) ) ;
#1599 = EDGE_LOOP ( 'NONE', ( #2187, #2762 ) ) ;
#1600 = CARTESIAN_POINT ( 'NONE',  ( -0.09999999999999999167, 0.0000000000000000000, 1.600000000000000089 ) ) ;
#1601 = ORIENTED_EDGE ( 'NONE', *, *, #1703, .F. ) ;
#1602 = CIRCLE ( 'NONE', #1025, 0.3999999999999999667 ) ;
#1603 = FACE_OUTER_BOUND ( 'NONE', #872, .T. ) ;
#1604 = CARTESIAN_POINT ( 'NONE',  ( -0.1000000000000000056, 0.0000000000000000000, 0.4749999999999999778 ) ) ;
#1605 = DIRECTION ( 'NONE',  ( -0.0000000000000000000, -1.000000000000000000, -0.0000000000000000000 ) ) ;
#1606 = DIRECTION ( 'NONE',  ( -1.000000000000000000, 0.0000000000000000000, 0.0000000000000000000 ) ) ;
#1607 = EDGE_CURVE ( 'NONE', #1181, #1641, #689, .T. ) ;
#1608 = SURFACE_STYLE_USAGE ( .BOTH. , #2744 ) ;
#1609 = ORIENTED_EDGE ( 'NONE', *, *, #657, .T. ) ;
#1610 = LINE ( 'NONE', #698, #631 ) ;
#1611 = CARTESIAN_POINT ( 'NONE',  ( 0.2999999999999999889, 0.5100000000000000089, 1.000000000000000000 ) ) ;
#1612 = FACE_OUTER_BOUND ( 'NONE', #1689, .T. ) ;
#1613 = VERTEX_POINT ( 'NONE', #2688 ) ;
#1614 = LINE ( 'NONE', #1159, #344 ) ;
#1615 = ORIENTED_EDGE ( 'NONE', *, *, #1852, .T. ) ;
#1616 = PRESENTATION_STYLE_ASSIGNMENT (( #2717 ) ) ;
#1617 = VERTEX_POINT ( 'NONE', #867 ) ;
#1618 =( NAMED_UNIT ( * ) SI_UNIT ( $, .STERADIAN. ) SOLID_ANGLE_UNIT ( ) );
#1619 =( NAMED_UNIT ( * ) SI_UNIT ( $, .STERADIAN. ) SOLID_ANGLE_UNIT ( ) );
#1620 = FILL_AREA_STYLE_COLOUR ( '', #2575 ) ;
#1621 = ORIENTED_EDGE ( 'NONE', *, *, #865, .T. ) ;
#1622 = CARTESIAN_POINT ( 'NONE',  ( 0.5000000000000000000, -0.01000000000000000021, 1.600000000000000089 ) ) ;
#1623 =( LENGTH_UNIT ( ) NAMED_UNIT ( * ) SI_UNIT ( .MILLI., .METRE. ) );
#1624 = EDGE_CURVE ( 'NONE', #948, #266, #2652, .T. ) ;
#1625 = DIRECTION ( 'NONE',  ( -0.0000000000000000000, -1.000000000000000000, -0.0000000000000000000 ) ) ;
#1626 = CARTESIAN_POINT ( 'NONE',  ( 0.0000000000000000000, -0.01000000000000000021, -0.5999999999999999778 ) ) ;
#1627 = ORIENTED_EDGE ( 'NONE', *, *, #2844, .T. ) ;
#1628 = LINE ( 'NONE', #2815, #2271 ) ;
#1629 =( GEOMETRIC_REPRESENTATION_CONTEXT ( 3 ) GLOBAL_UNCERTAINTY_ASSIGNED_CONTEXT ( ( #1301 ) ) GLOBAL_UNIT_ASSIGNED_CONTEXT ( ( #278, #979, #1370 ) ) REPRESENTATION_CONTEXT ( 'NONE', 'WORKASPACE' ) );
#1630 = ORIENTED_EDGE ( 'NONE', *, *, #608, .F. ) ;
#1631 = EDGE_CURVE ( 'NONE', #1395, #430, #2703, .T. ) ;
#1632 = DIRECTION ( 'NONE',  ( -1.000000000000000000, 0.0000000000000000000, 0.0000000000000000000 ) ) ;
#1633 = ORIENTED_EDGE ( 'NONE', *, *, #2057, .F. ) ;
#1634 =( NAMED_UNIT ( * ) PLANE_ANGLE_UNIT ( ) SI_UNIT ( $, .RADIAN. ) );
#1635 = AXIS2_PLACEMENT_3D ( 'NONE', #1236, #2602, #2347 ) ;
#1636 = UNCERTAINTY_MEASURE_WITH_UNIT (LENGTH_MEASURE( 1.000000000000000082E-05 ), #11, 'distance_accuracy_value', 'NONE');
#1637 = VECTOR ( 'NONE', #750, 1000.000000000000000 ) ;
#1638 = FILL_AREA_STYLE_COLOUR ( '', #1724 ) ;
#1639 = STYLED_ITEM ( 'NONE', ( #1231 ), #219 ) ;
#1640 = SURFACE_STYLE_USAGE ( .BOTH. , #501 ) ;
#1641 = VERTEX_POINT ( 'NONE', #641 ) ;
#1642 = CARTESIAN_POINT ( 'NONE',  ( -0.5000000000000000000, 0.0000000000000000000, 0.2000000000000000111 ) ) ;
#1643 = AXIS2_PLACEMENT_3D ( 'NONE', #924, #2522, #499 ) ;
#1644 =( LENGTH_UNIT ( ) NAMED_UNIT ( * ) SI_UNIT ( .MILLI., .METRE. ) );
#1645 = EDGE_CURVE ( 'NONE', #601, #1055, #1614, .T. ) ;
#1646 = ORIENTED_EDGE ( 'NONE', *, *, #1586, .F. ) ;
#1647 = CARTESIAN_POINT ( 'NONE',  ( -0.5000000000000000000, 0.0000000000000000000, 0.0000000000000000000 ) ) ;
#1648 = VERTEX_POINT ( 'NONE', #1560 ) ;
#1649 = EDGE_CURVE ( 'NONE', #1800, #1424, #626, .T. ) ;
#1650 = VECTOR ( 'NONE', #2104, 1000.000000000000000 ) ;
#1651 = CARTESIAN_POINT ( 'NONE',  ( -0.1000000000000000056, 0.0000000000000000000, -1.199999999999999956 ) ) ;
#1652 = ORIENTED_EDGE ( 'NONE', *, *, #1803, .F. ) ;
#1653 = SURFACE_STYLE_FILL_AREA ( #1867 ) ;
#1654 = CLOSED_SHELL ( 'NONE', ( #885, #517, #1238, #2950, #1732, #1273, #784, #2136, #2022, #1765, #2824, #2080, #2651, #1990, #2427, #909, #2755, #418, #2329, #2211, #814, #219, #801, #1838, #1432, #2779, #623, #1809, #2231, #1136, #303, #2826, #1104, #1007, #2383, #2516, #2027, #180, #1120, #1514, #364, #455, #926, #2649, #1306, #646, #835, #1099, #352, #1394, #1456, #204, #753, #741, #662, #2555, #1475, #1886, #154, #682, #514, #1857, #1538, #1163, #2881, #2364, #2348, #2511, #837 ) ) ;
#1655 = SURFACE_STYLE_FILL_AREA ( #2128 ) ;
#1656 = CARTESIAN_POINT ( 'NONE',  ( 0.2500000000000000000, 0.0000000000000000000, -0.3250000000000000666 ) ) ;
#1657 = DIRECTION ( 'NONE',  ( -1.000000000000000000, 0.0000000000000000000, -0.0000000000000000000 ) ) ;
#1658 = PRESENTATION_STYLE_ASSIGNMENT (( #760 ) ) ;
#1659 = ORIENTED_EDGE ( 'NONE', *, *, #498, .T. ) ;
#1660 = CARTESIAN_POINT ( 'NONE',  ( -0.1000000000000000056, 0.0000000000000000000, 0.2000000000000000111 ) ) ;
#1661 = VERTEX_POINT ( 'NONE', #280 ) ;
#1662 = LINE ( 'NONE', #62, #1491 ) ;
#1663 = SURFACE_STYLE_USAGE ( .BOTH. , #2819 ) ;
#1664 = ORIENTED_EDGE ( 'NONE', *, *, #1899, .F. ) ;
#1665 = CARTESIAN_POINT ( 'NONE',  ( 0.0000000000000000000, -0.01000000000000000021, 0.4749999999999999778 ) ) ;
#1666 = EDGE_CURVE ( 'NONE', #231, #2089, #2220, .T. ) ;
#1667 =( NAMED_UNIT ( * ) PLANE_ANGLE_UNIT ( ) SI_UNIT ( $, .RADIAN. ) );
#1668 = DIRECTION ( 'NONE',  ( 0.0000000000000000000, -1.000000000000000000, 0.0000000000000000000 ) ) ;
#1669 = CARTESIAN_POINT ( 'NONE',  ( 0.2500000000000000000, 0.0000000000000000000, 0.3250000000000000666 ) ) ;
#1670 = EDGE_CURVE ( 'NONE', #1648, #119, #2381, .T. ) ;
#1671 = CARTESIAN_POINT ( 'NONE',  ( -0.1000000000000000056, 0.0000000000000000000, -0.2000000000000000111 ) ) ;
#1672 = ORIENTED_EDGE ( 'NONE', *, *, #2478, .F. ) ;
#1673 = DIRECTION ( 'NONE',  ( 0.0000000000000000000, 1.000000000000000000, 0.0000000000000000000 ) ) ;
#1674 = ORIENTED_EDGE ( 'NONE', *, *, #1717, .F. ) ;
#1675 = DIRECTION ( 'NONE',  ( -0.0000000000000000000, 1.000000000000000000, 0.0000000000000000000 ) ) ;
#1676 = CARTESIAN_POINT ( 'NONE',  ( 0.5000000000000000000, 0.5000000000000000000, -1.200000000000000178 ) ) ;
#1677 = ORIENTED_EDGE ( 'NONE', *, *, #2705, .T. ) ;
#1678 = DIRECTION ( 'NONE',  ( 0.0000000000000000000, -0.0000000000000000000, 1.000000000000000000 ) ) ;
#1679 = EDGE_CURVE ( 'NONE', #2648, #1039, #1628, .T. ) ;
#1680 = SURFACE_SIDE_STYLE ('',( #1272 ) ) ;
#1681 = AXIS2_PLACEMENT_3D ( 'NONE', #155, #845, #1186 ) ;
#1682 = DIRECTION ( 'NONE',  ( -0.0000000000000000000, 1.000000000000000000, 0.0000000000000000000 ) ) ;
#1683 = VECTOR ( 'NONE', #1558, 1000.000000000000000 ) ;
#1684 = DIRECTION ( 'NONE',  ( -1.000000000000000000, -0.0000000000000000000, 0.0000000000000000000 ) ) ;
#1685 = FILL_AREA_STYLE ('',( #2130 ) ) ;
#1686 =( LENGTH_UNIT ( ) NAMED_UNIT ( * ) SI_UNIT ( .MILLI., .METRE. ) );
#1687 = CIRCLE ( 'NONE', #2915, 0.2500000000000000000 ) ;
#1688 = FACE_OUTER_BOUND ( 'NONE', #967, .T. ) ;
#1689 = EDGE_LOOP ( 'NONE', ( #701, #1505, #717, #1049 ) ) ;
#1690 = VECTOR ( 'NONE', #171, 1000.000000000000000 ) ;
#1691 = ORIENTED_EDGE ( 'NONE', *, *, #639, .F. ) ;
#1692 = VECTOR ( 'NONE', #2853, 1000.000000000000000 ) ;
#1693 = VECTOR ( 'NONE', #2690, 1000.000000000000000 ) ;
#1694 = PLANE ( 'NONE',  #1975 ) ;
#1695 = ORIENTED_EDGE ( 'NONE', *, *, #2125, .T. ) ;
#1696 = LINE ( 'NONE', #2623, #333 ) ;
#1697 = CARTESIAN_POINT ( 'NONE',  ( 0.5000000000000000000, 0.5100000000000000089, 1.350000000000000089 ) ) ;
#1698 = AXIS2_PLACEMENT_3D ( 'NONE', #883, #2464, #2731 ) ;
#1699 = VECTOR ( 'NONE', #2150, 1000.000000000000000 ) ;
#1700 =( LENGTH_UNIT ( ) NAMED_UNIT ( * ) SI_UNIT ( .MILLI., .METRE. ) );
#1701 = SURFACE_SIDE_STYLE ('',( #959 ) ) ;
#1702 = FILL_AREA_STYLE ('',( #838 ) ) ;
#1703 = EDGE_CURVE ( 'NONE', #1140, #251, #1347, .T. ) ;
#1704 = ORIENTED_EDGE ( 'NONE', *, *, #207, .F. ) ;
#1705 = DIRECTION ( 'NONE',  ( 0.0000000000000000000, -0.0000000000000000000, 1.000000000000000000 ) ) ;
#1706 = ORIENTED_EDGE ( 'NONE', *, *, #1788, .F. ) ;
#1707 = COLOUR_RGB ( '',1.000000000000000000, 1.000000000000000000, 1.000000000000000000 ) ;
#1708 = FILL_AREA_STYLE_COLOUR ( '', #526 ) ;
#1709 = ORIENTED_EDGE ( 'NONE', *, *, #2862, .T. ) ;
#1710 = SURFACE_STYLE_FILL_AREA ( #789 ) ;
#1711 = DIRECTION ( 'NONE',  ( 0.0000000000000000000, -0.0000000000000000000, -1.000000000000000000 ) ) ;
#1712 = CARTESIAN_POINT ( 'NONE',  ( -0.5000000000000000000, 0.0000000000000000000, 1.199999999999999956 ) ) ;
#1713 = DIRECTION ( 'NONE',  ( 1.000000000000000000, 0.0000000000000000000, -0.0000000000000000000 ) ) ;
#1714 = CARTESIAN_POINT ( 'NONE',  ( -0.1000000000000000333, -0.01000000000000000021, -1.600000000000000089 ) ) ;
#1715 = FILL_AREA_STYLE_COLOUR ( '', #1723 ) ;
#1716 = ORIENTED_EDGE ( 'NONE', *, *, #2174, .F. ) ;
#1717 = EDGE_CURVE ( 'NONE', #2526, #2199, #545, .T. ) ;
#1718 = STYLED_ITEM ( 'NONE', ( #2084 ), #1104 ) ;
#1719 = CARTESIAN_POINT ( 'NONE',  ( 0.1499999999999999944, 0.5100000000000000089, 0.0000000000000000000 ) ) ;
#1720 = ORIENTED_EDGE ( 'NONE', *, *, #427, .F. ) ;
#1721 = PLANE ( 'NONE',  #1582 ) ;
#1722 = EDGE_CURVE ( 'NONE', #933, #2566, #702, .T. ) ;
#1723 = COLOUR_RGB ( '',1.000000000000000000, 1.000000000000000000, 1.000000000000000000 ) ;
#1724 = COLOUR_RGB ( '',1.000000000000000000, 1.000000000000000000, 1.000000000000000000 ) ;
#1725 = PRESENTATION_STYLE_ASSIGNMENT (( #2401 ) ) ;
#1726 = VECTOR ( 'NONE', #2386, 1000.000000000000000 ) ;
#1727 = MECHANICAL_DESIGN_GEOMETRIC_PRESENTATION_REPRESENTATION (  '', ( #1434 ), #2107 ) ;
#1728 =( LENGTH_UNIT ( ) NAMED_UNIT ( * ) SI_UNIT ( .MILLI., .METRE. ) );
#1729 = ORIENTED_EDGE ( 'NONE', *, *, #2463, .T. ) ;
#1730 = PLANE ( 'NONE',  #1153 ) ;
#1731 = COLOUR_RGB ( '',1.000000000000000000, 1.000000000000000000, 1.000000000000000000 ) ;
#1732 = ADVANCED_FACE ( 'NONE', ( #314 ), #1188, .T. ) ;
#1733 = AXIS2_PLACEMENT_3D ( 'NONE', #2624, #1214, #2189 ) ;
#1734 = CARTESIAN_POINT ( 'NONE',  ( -0.4749999999999999778, 0.5000000000000000000, 0.0000000000000000000 ) ) ;
#1735 = ORIENTED_EDGE ( 'NONE', *, *, #2504, .T. ) ;
#1736 = COLOUR_RGB ( '',1.000000000000000000, 1.000000000000000000, 1.000000000000000000 ) ;
#1737 = LINE ( 'NONE', #1751, #1693 ) ;
#1738 = EDGE_CURVE ( 'NONE', #1844, #2490, #2581, .T. ) ;
#1739 = COLOUR_RGB ( '',1.000000000000000000, 1.000000000000000000, 1.000000000000000000 ) ;
#1740 = CARTESIAN_POINT ( 'NONE',  ( -0.4749999999999999778, 0.5000000000000000000, 0.0000000000000000000 ) ) ;
#1741 = EDGE_CURVE ( 'NONE', #627, #1770, #2100, .T. ) ;
#1742 = ORIENTED_EDGE ( 'NONE', *, *, #384, .T. ) ;
#1743 = CIRCLE ( 'NONE', #486, 0.3999999999999999667 ) ;
#1744 = CARTESIAN_POINT ( 'NONE',  ( -0.5000000000000000000, -0.01000000000000000021, -1.199999999999999956 ) ) ;
#1745 = CARTESIAN_POINT ( 'NONE',  ( 0.0000000000000000000, 0.5000000000000000000, 0.0000000000000000000 ) ) ;
#1746 = VERTEX_POINT ( 'NONE', #2553 ) ;
#1747 = FILL_AREA_STYLE ('',( #780 ) ) ;
#1748 = LINE ( 'NONE', #866, #1015 ) ;
#1749 =( NAMED_UNIT ( * ) SI_UNIT ( $, .STERADIAN. ) SOLID_ANGLE_UNIT ( ) );
#1750 = ORIENTED_EDGE ( 'NONE', *, *, #859, .T. ) ;
#1751 = CARTESIAN_POINT ( 'NONE',  ( -0.1000000000000000056, -0.01000000000000000021, 0.0000000000000000000 ) ) ;
#1752 = EDGE_CURVE ( 'NONE', #2490, #1181, #2308, .T. ) ;
#1753 =( LENGTH_UNIT ( ) NAMED_UNIT ( * ) SI_UNIT ( .MILLI., .METRE. ) );
#1754 = SURFACE_STYLE_FILL_AREA ( #1982 ) ;
#1755 = DIRECTION ( 'NONE',  ( 0.0000000000000000000, -0.0000000000000000000, -1.000000000000000000 ) ) ;
#1756 = LINE ( 'NONE', #1117, #807 ) ;
#1757 = LINE ( 'NONE', #2670, #249 ) ;
#1758 = DIRECTION ( 'NONE',  ( -0.0000000000000000000, 0.0000000000000000000, -1.000000000000000000 ) ) ;
#1759 = EDGE_CURVE ( 'NONE', #1818, #2547, #2801, .T. ) ;
#1760 = FILL_AREA_STYLE_COLOUR ( '', #2157 ) ;
#1761 = ORIENTED_EDGE ( 'NONE', *, *, #797, .F. ) ;
#1762 = DIRECTION ( 'NONE',  ( 0.0000000000000000000, 0.0000000000000000000, 1.000000000000000000 ) ) ;
#1763 = AXIS2_PLACEMENT_3D ( 'NONE', #1936, #2691, #630 ) ;
#1764 = DIRECTION ( 'NONE',  ( -1.000000000000000000, 0.0000000000000000000, -0.0000000000000000000 ) ) ;
#1765 = ADVANCED_FACE ( 'NONE', ( #22 ), #2567, .F. ) ;
#1766 = STYLED_ITEM ( 'NONE', ( #846 ), #1082 ) ;
#1767 = EDGE_CURVE ( 'NONE', #430, #2526, #71, .T. ) ;
#1768 =( NAMED_UNIT ( * ) PLANE_ANGLE_UNIT ( ) SI_UNIT ( $, .RADIAN. ) );
#1769 = PRESENTATION_LAYER_ASSIGNMENT (  '', '', ( #2954 ) ) ;
#1770 = VERTEX_POINT ( 'NONE', #2673 ) ;
#1771 = CARTESIAN_POINT ( 'NONE',  ( -0.1000000000000000333, 0.0000000000000000000, -1.600000000000000089 ) ) ;
#1772 = VECTOR ( 'NONE', #1267, 1000.000000000000000 ) ;
#1773 = CARTESIAN_POINT ( 'NONE',  ( 0.5000000000000000000, 0.5000000000000000000, 1.200000000000000178 ) ) ;
#1774 = DIRECTION ( 'NONE',  ( -0.0000000000000000000, 0.0000000000000000000, -1.000000000000000000 ) ) ;
#1775 = ORIENTED_EDGE ( 'NONE', *, *, #350, .T. ) ;
#1776 = VECTOR ( 'NONE', #1684, 1000.000000000000000 ) ;
#1777 = EDGE_CURVE ( 'NONE', #2643, #650, #599, .T. ) ;
#1778 = AXIS2_PLACEMENT_3D ( 'NONE', #1010, #2630, #2430 ) ;
#1779 = CIRCLE ( 'NONE', #821, 0.3999999999999999667 ) ;
#1780 = CARTESIAN_POINT ( 'NONE',  ( -0.05000000000000000278, 0.0000000000000000000, 0.7500000000000000000 ) ) ;
#1781 =( GEOMETRIC_REPRESENTATION_CONTEXT ( 3 ) GLOBAL_UNCERTAINTY_ASSIGNED_CONTEXT ( ( #393 ) ) GLOBAL_UNIT_ASSIGNED_CONTEXT ( ( #2256, #1316, #1078 ) ) REPRESENTATION_CONTEXT ( 'NONE', 'WORKASPACE' ) );
#1782 = UNCERTAINTY_MEASURE_WITH_UNIT (LENGTH_MEASURE( 1.000000000000000082E-05 ), #1855, 'distance_accuracy_value', 'NONE');
#1783 =( NAMED_UNIT ( * ) PLANE_ANGLE_UNIT ( ) SI_UNIT ( $, .RADIAN. ) );
#1784 = FACE_OUTER_BOUND ( 'NONE', #1219, .T. ) ;
#1785 = VECTOR ( 'NONE', #600, 1000.000000000000000 ) ;
#1786 = DIRECTION ( 'NONE',  ( -0.0000000000000000000, -0.0000000000000000000, 1.000000000000000000 ) ) ;
#1787 = SURFACE_STYLE_FILL_AREA ( #1355 ) ;
#1788 = EDGE_CURVE ( 'NONE', #1390, #231, #2662, .T. ) ;
#1789 =( NAMED_UNIT ( * ) SI_UNIT ( $, .STERADIAN. ) SOLID_ANGLE_UNIT ( ) );
#1790 = VECTOR ( 'NONE', #2951, 1000.000000000000000 ) ;
#1791 = FACE_OUTER_BOUND ( 'NONE', #39, .T. ) ;
#1792 = VECTOR ( 'NONE', #930, 1000.000000000000000 ) ;
#1793 = ORIENTED_EDGE ( 'NONE', *, *, #2806, .T. ) ;
#1794 = CARTESIAN_POINT ( 'NONE',  ( -0.5000000000000000000, -0.01000000000000001929, 1.350000000000000089 ) ) ;
#1795 = DIRECTION ( 'NONE',  ( 0.0000000000000000000, 1.000000000000000000, 0.0000000000000000000 ) ) ;
#1796 = EDGE_LOOP ( 'NONE', ( #404, #980, #595, #2586 ) ) ;
#1797 = SURFACE_STYLE_FILL_AREA ( #2249 ) ;
#1798 =( NAMED_UNIT ( * ) PLANE_ANGLE_UNIT ( ) SI_UNIT ( $, .RADIAN. ) );
#1799 = CARTESIAN_POINT ( 'NONE',  ( -0.1000000000000000056, 0.0000000000000000000, -0.3250000000000000666 ) ) ;
#1800 = VERTEX_POINT ( 'NONE', #589 ) ;
#1801 = DIRECTION ( 'NONE',  ( 1.000000000000000000, -0.0000000000000000000, 0.0000000000000000000 ) ) ;
#1802 = STYLED_ITEM ( 'NONE', ( #1421 ), #909 ) ;
#1803 = EDGE_CURVE ( 'NONE', #1551, #2327, #1292, .T. ) ;
#1804 = ORIENTED_EDGE ( 'NONE', *, *, #402, .F. ) ;
#1805 = ORIENTED_EDGE ( 'NONE', *, *, #2304, .T. ) ;
#1806 = DIRECTION ( 'NONE',  ( 0.0000000000000000000, -1.000000000000000000, -0.0000000000000000000 ) ) ;
#1807 = AXIS2_PLACEMENT_3D ( 'NONE', #742, #1668, #53 ) ;
#1808 = UNCERTAINTY_MEASURE_WITH_UNIT (LENGTH_MEASURE( 1.000000000000000082E-05 ), #1501, 'distance_accuracy_value', 'NONE');
#1809 = ADVANCED_FACE ( 'NONE', ( #359 ), #368, .F. ) ;
#1810 = CARTESIAN_POINT ( 'NONE',  ( -0.5000000000000000000, -0.01000000000000000021, 0.2000000000000000111 ) ) ;
#1811 = FILL_AREA_STYLE_COLOUR ( '', #658 ) ;
#1812 = ORIENTED_EDGE ( 'NONE', *, *, #13, .F. ) ;
#1813 = SURFACE_STYLE_FILL_AREA ( #894 ) ;
#1814 = DIRECTION ( 'NONE',  ( -0.0000000000000000000, -1.000000000000000000, -0.0000000000000000000 ) ) ;
#1815 = VECTOR ( 'NONE', #956, 1000.000000000000000 ) ;
#1816 = VERTEX_POINT ( 'NONE', #1987 ) ;
#1817 = CARTESIAN_POINT ( 'NONE',  ( 0.5000000000000000000, 0.5000000000000000000, -1.600000000000000089 ) ) ;
#1818 = VERTEX_POINT ( 'NONE', #2888 ) ;
#1819 = CARTESIAN_POINT ( 'NONE',  ( 0.5000000000000000000, 0.5000000000000000000, 1.000000000000000000 ) ) ;
#1820 = EDGE_LOOP ( 'NONE', ( #1989, #63, #762, #935, #512, #2503, #2601, #2820, #796, #173, #124, #1709 ) ) ;
#1821 = VECTOR ( 'NONE', #1675, 1000.000000000000000 ) ;
#1822 = PRESENTATION_STYLE_ASSIGNMENT (( #707 ) ) ;
#1823 = STYLED_ITEM ( 'NONE', ( #369 ), #418 ) ;
#1824 = STYLED_ITEM ( 'NONE', ( #2895 ), #2649 ) ;
#1825 = STYLED_ITEM ( 'NONE', ( #247 ), #682 ) ;
#1826 = FACE_OUTER_BOUND ( 'NONE', #2791, .T. ) ;
#1827 = DIRECTION ( 'NONE',  ( 0.0000000000000000000, -1.000000000000000000, 0.0000000000000000000 ) ) ;
#1828 = ORIENTED_EDGE ( 'NONE', *, *, #2667, .F. ) ;
#1829 = LINE ( 'NONE', #1327, #287 ) ;
#1830 = DIRECTION ( 'NONE',  ( 1.000000000000000000, -0.0000000000000000000, 0.0000000000000000000 ) ) ;
#1831 = VECTOR ( 'NONE', #2473, 1000.000000000000000 ) ;
#1832 = ORIENTED_EDGE ( 'NONE', *, *, #2535, .T. ) ;
#1833 = CARTESIAN_POINT ( 'NONE',  ( -0.1000000000000000056, -0.01000000000000000021, 0.5999999999999999778 ) ) ;
#1834 = EDGE_LOOP ( 'NONE', ( #2629, #2778, #506, #559, #2056, #381, #2289, #1011, #2011, #2965, #2532, #882 ) ) ;
#1835 = MECHANICAL_DESIGN_GEOMETRIC_PRESENTATION_REPRESENTATION (  '', ( #1393 ), #1781 ) ;
#1836 = DIRECTION ( 'NONE',  ( -0.0000000000000000000, -0.0000000000000000000, 1.000000000000000000 ) ) ;
#1837 = EDGE_LOOP ( 'NONE', ( #2324, #2119, #2969, #2832 ) ) ;
#1838 = ADVANCED_FACE ( 'NONE', ( #1052 ), #2857, .T. ) ;
#1839 = CARTESIAN_POINT ( 'NONE',  ( 0.5000000000000000000, 0.0000000000000000000, -1.199999999999999956 ) ) ;
#1840 =( LENGTH_UNIT ( ) NAMED_UNIT ( * ) SI_UNIT ( .MILLI., .METRE. ) );
#1841 = ORIENTED_EDGE ( 'NONE', *, *, #1777, .F. ) ;
#1842 = LINE ( 'NONE', #2274, #873 ) ;
#1843 = DIRECTION ( 'NONE',  ( 0.0000000000000000000, -1.000000000000000000, -0.0000000000000000000 ) ) ;
#1844 = VERTEX_POINT ( 'NONE', #1334 ) ;
#1845 = DIRECTION ( 'NONE',  ( -1.000000000000000000, -0.0000000000000000000, -0.0000000000000000000 ) ) ;
#1846 = EDGE_CURVE ( 'NONE', #1565, #650, #1587, .T. ) ;
#1847 = ORIENTED_EDGE ( 'NONE', *, *, #572, .F. ) ;
#1848 = ORIENTED_EDGE ( 'NONE', *, *, #2574, .F. ) ;
#1849 = CARTESIAN_POINT ( 'NONE',  ( -0.5000000000000000000, 0.5000000000000000000, 1.600000000000000089 ) ) ;
#1850 = LINE ( 'NONE', #903, #2166 ) ;
#1851 = AXIS2_PLACEMENT_3D ( 'NONE', #1168, #1365, #2297 ) ;
#1852 = EDGE_CURVE ( 'NONE', #1181, #445, #2739, .T. ) ;
#1853 = FILL_AREA_STYLE_COLOUR ( '', #25 ) ;
#1854 = ORIENTED_EDGE ( 'NONE', *, *, #772, .T. ) ;
#1855 =( LENGTH_UNIT ( ) NAMED_UNIT ( * ) SI_UNIT ( .MILLI., .METRE. ) );
#1856 = CARTESIAN_POINT ( 'NONE',  ( -0.1000000000000000056, 0.0000000000000000000, -0.4749999999999999778 ) ) ;
#1857 = ADVANCED_FACE ( 'NONE', ( #923 ), #256, .T. ) ;
#1858 = DIRECTION ( 'NONE',  ( -0.0000000000000000000, -1.000000000000000000, -0.0000000000000000000 ) ) ;
#1859 = ORIENTED_EDGE ( 'NONE', *, *, #1398, .F. ) ;
#1860 = SURFACE_SIDE_STYLE ('',( #1460 ) ) ;
#1861 = CIRCLE ( 'NONE', #1575, 0.2500000000000000000 ) ;
#1862 = ORIENTED_EDGE ( 'NONE', *, *, #2039, .T. ) ;
#1863 = COLOUR_RGB ( '',1.000000000000000000, 1.000000000000000000, 1.000000000000000000 ) ;
#1864 = FILL_AREA_STYLE_COLOUR ( '', #390 ) ;
#1865 = ORIENTED_EDGE ( 'NONE', *, *, #579, .T. ) ;
#1866 = PRESENTATION_LAYER_ASSIGNMENT (  '', '', ( #1248 ) ) ;
#1867 = FILL_AREA_STYLE ('',( #240 ) ) ;
#1868 = VECTOR ( 'NONE', #1317, 1000.000000000000000 ) ;
#1869 = CARTESIAN_POINT ( 'NONE',  ( 0.09999999999999999167, 0.5000000000000000000, -1.600000000000000089 ) ) ;
#1870 = VECTOR ( 'NONE', #2692, 1000.000000000000000 ) ;
#1871 = FACE_OUTER_BOUND ( 'NONE', #2262, .T. ) ;
#1872 =( GEOMETRIC_REPRESENTATION_CONTEXT ( 3 ) GLOBAL_UNCERTAINTY_ASSIGNED_CONTEXT ( ( #1568 ) ) GLOBAL_UNIT_ASSIGNED_CONTEXT ( ( #191, #2877, #1053 ) ) REPRESENTATION_CONTEXT ( 'NONE', 'WORKASPACE' ) );
#1873 = AXIS2_PLACEMENT_3D ( 'NONE', #534, #2356, #1227 ) ;
#1874 = CARTESIAN_POINT ( 'NONE',  ( 0.1499999999999213907, 0.5000000000000000000, -1.406350832689771346 ) ) ;
#1875 = MECHANICAL_DESIGN_GEOMETRIC_PRESENTATION_REPRESENTATION (  '', ( #1825 ), #2064 ) ;
#1876 = SURFACE_STYLE_FILL_AREA ( #2579 ) ;
#1877 = EDGE_LOOP ( 'NONE', ( #475, #2676, #2067, #23 ) ) ;
#1878 = CARTESIAN_POINT ( 'NONE',  ( -0.2999999999999999889, 0.5000000000000000000, -1.000000000000000000 ) ) ;
#1879 = ORIENTED_EDGE ( 'NONE', *, *, #1670, .T. ) ;
#1880 = EDGE_CURVE ( 'NONE', #2055, #1572, #2033, .T. ) ;
#1881 = AXIS2_PLACEMENT_3D ( 'NONE', #1138, #6, #898 ) ;
#1882 = DIRECTION ( 'NONE',  ( 1.000000000000000000, 0.0000000000000000000, -0.0000000000000000000 ) ) ;
#1883 = ORIENTED_EDGE ( 'NONE', *, *, #283, .T. ) ;
#1884 = PRESENTATION_STYLE_ASSIGNMENT (( #1213 ) ) ;
#1885 = LINE ( 'NONE', #1524, #1389 ) ;
#1886 = ADVANCED_FACE ( 'NONE', ( #1349 ), #2280, .T. ) ;
#1887 = FACE_OUTER_BOUND ( 'NONE', #1208, .T. ) ;
#1888 =( LENGTH_UNIT ( ) NAMED_UNIT ( * ) SI_UNIT ( .MILLI., .METRE. ) );
#1889 = SURFACE_STYLE_USAGE ( .BOTH. , #2597 ) ;
#1890 = DIRECTION ( 'NONE',  ( -1.000000000000000000, 0.0000000000000000000, -0.0000000000000000000 ) ) ;
#1891 =( NAMED_UNIT ( * ) SI_UNIT ( $, .STERADIAN. ) SOLID_ANGLE_UNIT ( ) );
#1892 = ORIENTED_EDGE ( 'NONE', *, *, #969, .T. ) ;
#1893 = CARTESIAN_POINT ( 'NONE',  ( 0.5000000000000000000, 0.5000000000000000000, 0.0000000000000000000 ) ) ;
#1894 = EDGE_LOOP ( 'NONE', ( #2748, #305, #1923, #1720 ) ) ;
#1895 = EDGE_CURVE ( 'NONE', #1641, #839, #1193, .T. ) ;
#1896 = ORIENTED_EDGE ( 'NONE', *, *, #1196, .F. ) ;
#1897 = LINE ( 'NONE', #1411, #2159 ) ;
#1898 = SURFACE_SIDE_STYLE ('',( #1710 ) ) ;
#1899 = EDGE_CURVE ( 'NONE', #1770, #135, #1241, .T. ) ;
#1900 = UNCERTAINTY_MEASURE_WITH_UNIT (LENGTH_MEASURE( 1.000000000000000082E-05 ), #419, 'distance_accuracy_value', 'NONE');
#1901 = DIRECTION ( 'NONE',  ( 0.0000000000000000000, 0.0000000000000000000, -1.000000000000000000 ) ) ;
#1902 = LINE ( 'NONE', #1483, #1185 ) ;
#1903 = CARTESIAN_POINT ( 'NONE',  ( -0.1000000000000000056, 0.0000000000000000000, 1.199999999999999956 ) ) ;
#1904 = DIRECTION ( 'NONE',  ( -0.0000000000000000000, 1.000000000000000000, 0.0000000000000000000 ) ) ;
#1905 = COLOUR_RGB ( '',1.000000000000000000, 1.000000000000000000, 1.000000000000000000 ) ;
#1906 = ORIENTED_EDGE ( 'NONE', *, *, #593, .F. ) ;
#1907 = CARTESIAN_POINT ( 'NONE',  ( 0.4749999999999999778, 0.0000000000000000000, 0.0000000000000000000 ) ) ;
#1908 = ORIENTED_EDGE ( 'NONE', *, *, #1738, .F. ) ;
#1909 = CARTESIAN_POINT ( 'NONE',  ( 0.5000000000000000000, 0.0000000000000000000, 1.199999999999999956 ) ) ;
#1910 = LINE ( 'NONE', #1927, #1699 ) ;
#1911 = ORIENTED_EDGE ( 'NONE', *, *, #462, .F. ) ;
#1912 = DIRECTION ( 'NONE',  ( 0.0000000000000000000, 1.000000000000000000, 0.0000000000000000000 ) ) ;
#1913 = PRESENTATION_LAYER_ASSIGNMENT (  '', '', ( #660 ) ) ;
#1914 = EDGE_CURVE ( 'NONE', #467, #1949, #1696, .T. ) ;
#1915 = STYLED_ITEM ( 'NONE', ( #448 ), #1886 ) ;
#1916 = DIRECTION ( 'NONE',  ( -1.000000000000000000, -0.0000000000000000000, -0.0000000000000000000 ) ) ;
#1917 = DIRECTION ( 'NONE',  ( 1.000000000000000000, 0.0000000000000000000, -0.0000000000000000000 ) ) ;
#1918 = AXIS2_PLACEMENT_3D ( 'NONE', #35, #521, #961 ) ;
#1919 =( NAMED_UNIT ( * ) SI_UNIT ( $, .STERADIAN. ) SOLID_ANGLE_UNIT ( ) );
#1920 = CARTESIAN_POINT ( 'NONE',  ( 0.5000000000000000000, 0.5100000000000000089, 0.0000000000000000000 ) ) ;
#1921 = ORIENTED_EDGE ( 'NONE', *, *, #1126, .F. ) ;
#1922 = DIRECTION ( 'NONE',  ( 0.0000000000000000000, -0.0000000000000000000, 1.000000000000000000 ) ) ;
#1923 = ORIENTED_EDGE ( 'NONE', *, *, #1320, .F. ) ;
#1924 =( GEOMETRIC_REPRESENTATION_CONTEXT ( 3 ) GLOBAL_UNCERTAINTY_ASSIGNED_CONTEXT ( ( #2765 ) ) GLOBAL_UNIT_ASSIGNED_CONTEXT ( ( #1146, #1634, #2559 ) ) REPRESENTATION_CONTEXT ( 'NONE', 'WORKASPACE' ) );
#1925 = MECHANICAL_DESIGN_GEOMETRIC_PRESENTATION_REPRESENTATION (  '', ( #2544 ), #2922 ) ;
#1926 = DIRECTION ( 'NONE',  ( 0.0000000000000000000, -0.0000000000000000000, 1.000000000000000000 ) ) ;
#1927 = CARTESIAN_POINT ( 'NONE',  ( -0.1000000000000000056, 0.0000000000000000000, 0.5999999999999999778 ) ) ;
#1928 = VERTEX_POINT ( 'NONE', #2171 ) ;
#1929 = FILL_AREA_STYLE ('',( #1449 ) ) ;
#1930 = FACE_OUTER_BOUND ( 'NONE', #1461, .T. ) ;
#1931 = UNCERTAINTY_MEASURE_WITH_UNIT (LENGTH_MEASURE( 1.000000000000000082E-05 ), #611, 'distance_accuracy_value', 'NONE');
#1932 = AXIS2_PLACEMENT_3D ( 'NONE', #736, #548, #1882 ) ;
#1933 = DIRECTION ( 'NONE',  ( 1.000000000000000000, 0.0000000000000000000, 0.0000000000000000000 ) ) ;
#1934 = EDGE_CURVE ( 'NONE', #1237, #2079, #2573, .T. ) ;
#1935 = VECTOR ( 'NONE', #1786, 1000.000000000000000 ) ;
#1936 = CARTESIAN_POINT ( 'NONE',  ( -0.5000000000000000000, 0.5100000000000000089, -1.600000000000000089 ) ) ;
#1937 = SURFACE_STYLE_USAGE ( .BOTH. , #1182 ) ;
#1938 =( NAMED_UNIT ( * ) SI_UNIT ( $, .STERADIAN. ) SOLID_ANGLE_UNIT ( ) );
#1939 = EDGE_CURVE ( 'NONE', #490, #60, #2126, .T. ) ;
#1940 = LINE ( 'NONE', #1472, #132 ) ;
#1941 = ORIENTED_EDGE ( 'NONE', *, *, #999, .F. ) ;
#1942 = AXIS2_PLACEMENT_3D ( 'NONE', #2869, #2614, #2668 ) ;
#1943 = EDGE_CURVE ( 'NONE', #574, #2338, #1897, .T. ) ;
#1944 = DIRECTION ( 'NONE',  ( 0.0000000000000000000, 0.0000000000000000000, 1.000000000000000000 ) ) ;
#1945 = ORIENTED_EDGE ( 'NONE', *, *, #258, .T. ) ;
#1946 = DIRECTION ( 'NONE',  ( 0.0000000000000000000, 0.0000000000000000000, 1.000000000000000000 ) ) ;
#1947 = FACE_OUTER_BOUND ( 'NONE', #270, .T. ) ;
#1948 = PRESENTATION_STYLE_ASSIGNMENT (( #94 ) ) ;
#1949 = VERTEX_POINT ( 'NONE', #1226 ) ;
#1950 = DIRECTION ( 'NONE',  ( -0.0000000000000000000, 0.0000000000000000000, -1.000000000000000000 ) ) ;
#1951 = EDGE_CURVE ( 'NONE', #574, #1395, #64, .T. ) ;
#1952 = FACE_OUTER_BOUND ( 'NONE', #85, .T. ) ;
#1953 = VERTEX_POINT ( 'NONE', #89 ) ;
#1954 = LINE ( 'NONE', #1278, #531 ) ;
#1955 = EDGE_CURVE ( 'NONE', #1346, #703, #497, .T. ) ;
#1956 =( GEOMETRIC_REPRESENTATION_CONTEXT ( 3 ) GLOBAL_UNCERTAINTY_ASSIGNED_CONTEXT ( ( #939 ) ) GLOBAL_UNIT_ASSIGNED_CONTEXT ( ( #1073, #1002, #1083 ) ) REPRESENTATION_CONTEXT ( 'NONE', 'WORKASPACE' ) );
#1957 = SURFACE_STYLE_FILL_AREA ( #1490 ) ;
#1958 = PRESENTATION_STYLE_ASSIGNMENT (( #1979 ) ) ;
#1959 = ORIENTED_EDGE ( 'NONE', *, *, #1666, .T. ) ;
#1960 = CARTESIAN_POINT ( 'NONE',  ( -0.5000000000000000000, -0.01000000000000000021, 0.0000000000000000000 ) ) ;
#1961 = DIRECTION ( 'NONE',  ( 0.0000000000000000000, 0.0000000000000000000, -1.000000000000000000 ) ) ;
#1962 = VECTOR ( 'NONE', #312, 1000.000000000000000 ) ;
#1963 = FILL_AREA_STYLE_COLOUR ( '', #2155 ) ;
#1964 = VECTOR ( 'NONE', #728, 1000.000000000000000 ) ;
#1965 = UNCERTAINTY_MEASURE_WITH_UNIT (LENGTH_MEASURE( 1.000000000000000082E-05 ), #1988, 'distance_accuracy_value', 'NONE');
#1966 = CARTESIAN_POINT ( 'NONE',  ( -0.2500000000000000000, 0.0000000000000000000, 0.0000000000000000000 ) ) ;
#1967 = AXIS2_PLACEMENT_3D ( 'NONE', #1907, #267, #981 ) ;
#1968 =( GEOMETRIC_REPRESENTATION_CONTEXT ( 3 ) GLOBAL_UNCERTAINTY_ASSIGNED_CONTEXT ( ( #1512 ) ) GLOBAL_UNIT_ASSIGNED_CONTEXT ( ( #406, #2438, #1569 ) ) REPRESENTATION_CONTEXT ( 'NONE', 'WORKASPACE' ) );
#1969 =( GEOMETRIC_REPRESENTATION_CONTEXT ( 3 ) GLOBAL_UNCERTAINTY_ASSIGNED_CONTEXT ( ( #2108 ) ) GLOBAL_UNIT_ASSIGNED_CONTEXT ( ( #1644, #729, #1402 ) ) REPRESENTATION_CONTEXT ( 'NONE', 'WORKASPACE' ) );
#1970 = SURFACE_SIDE_STYLE ('',( #83 ) ) ;
#1971 = EDGE_LOOP ( 'NONE', ( #1125, #645, #937, #2635, #1945, #2282, #1883, #1848, #1535, #2209, #2051, #233, #1832, #1892, #2181, #218, #2568, #2195, #1578, #432 ) ) ;
#1972 = CARTESIAN_POINT ( 'NONE',  ( -0.2500000000000000000, 0.0000000000000000000, 0.7500000000000000000 ) ) ;
#1973 = COLOUR_RGB ( '',1.000000000000000000, 1.000000000000000000, 1.000000000000000000 ) ;
#1974 = FILL_AREA_STYLE ('',( #147 ) ) ;
#1975 = AXIS2_PLACEMENT_3D ( 'NONE', #1255, #285, #2848 ) ;
#1976 = MECHANICAL_DESIGN_GEOMETRIC_PRESENTATION_REPRESENTATION (  '', ( #2593 ), #379 ) ;
#1977 = EDGE_CURVE ( 'NONE', #2850, #1140, #532, .T. ) ;
#1978 = CARTESIAN_POINT ( 'NONE',  ( -0.5000000000000000000, 0.5100000000000000089, 1.600000000000000089 ) ) ;
#1979 = SURFACE_STYLE_USAGE ( .BOTH. , #2186 ) ;
#1980 = ORIENTED_EDGE ( 'NONE', *, *, #696, .T. ) ;
#1981 = MECHANICAL_DESIGN_GEOMETRIC_PRESENTATION_REPRESENTATION (  '', ( #336 ), #1061 ) ;
#1982 = FILL_AREA_STYLE ('',( #2390 ) ) ;
#1983 = FILL_AREA_STYLE ('',( #1302 ) ) ;
#1984 = DIRECTION ( 'NONE',  ( -0.0000000000000000000, 1.000000000000000000, 0.0000000000000000000 ) ) ;
#1985 = ORIENTED_EDGE ( 'NONE', *, *, #1934, .F. ) ;
#1986 = PRESENTATION_STYLE_ASSIGNMENT (( #1265 ) ) ;
#1987 = CARTESIAN_POINT ( 'NONE',  ( 0.09999999999999999167, 0.5100000000000000089, -1.600000000000000089 ) ) ;
#1988 =( LENGTH_UNIT ( ) NAMED_UNIT ( * ) SI_UNIT ( .MILLI., .METRE. ) );
#1989 = ORIENTED_EDGE ( 'NONE', *, *, #1142, .F. ) ;
#1990 = ADVANCED_FACE ( 'NONE', ( #2588 ), #1033, .T. ) ;
#1991 = SURFACE_SIDE_STYLE ('',( #1321 ) ) ;
#1992 = DIRECTION ( 'NONE',  ( 0.0000000000000000000, 1.000000000000000000, 0.0000000000000000000 ) ) ;
#1993 = EDGE_CURVE ( 'NONE', #1118, #787, #2851, .T. ) ;
#1994 = CARTESIAN_POINT ( 'NONE',  ( -0.5000000000000000000, 0.0000000000000000000, -1.199999999999999956 ) ) ;
#1995 = FILL_AREA_STYLE ('',( #2035 ) ) ;
#1996 = VERTEX_POINT ( 'NONE', #203 ) ;
#1997 = SURFACE_STYLE_FILL_AREA ( #2448 ) ;
#1998 = ORIENTED_EDGE ( 'NONE', *, *, #198, .F. ) ;
#1999 = CARTESIAN_POINT ( 'NONE',  ( -0.2500000000000000000, 0.5100000000000000089, -1.600000000000000089 ) ) ;
#2000 = DIRECTION ( 'NONE',  ( 0.0000000000000000000, 0.0000000000000000000, -1.000000000000000000 ) ) ;
#2001 = VECTOR ( 'NONE', #1263, 1000.000000000000000 ) ;
#2002 = EDGE_CURVE ( 'NONE', #2648, #2804, #1091, .T. ) ;
#2003 = SURFACE_STYLE_USAGE ( .BOTH. , #1313 ) ;
#2004 = DIRECTION ( 'NONE',  ( 0.0000000000000000000, 0.0000000000000000000, 1.000000000000000000 ) ) ;
#2005 = STYLED_ITEM ( 'NONE', ( #2223 ), #2383 ) ;
#2006 = ORIENTED_EDGE ( 'NONE', *, *, #462, .T. ) ;
#2007 = DIRECTION ( 'NONE',  ( 0.0000000000000000000, -0.0000000000000000000, 1.000000000000000000 ) ) ;
#2008 = MECHANICAL_DESIGN_GEOMETRIC_PRESENTATION_REPRESENTATION (  '', ( #1915 ), #37 ) ;
#2009 = DIRECTION ( 'NONE',  ( -0.0000000000000000000, -1.000000000000000000, -0.0000000000000000000 ) ) ;
#2010 = CARTESIAN_POINT ( 'NONE',  ( -0.2500000000000000000, 0.0000000000000000000, 0.8699999999999999956 ) ) ;
#2011 = ORIENTED_EDGE ( 'NONE', *, *, #1679, .F. ) ;
#2012 = VECTOR ( 'NONE', #2334, 1000.000000000000000 ) ;
#2013 = DIRECTION ( 'NONE',  ( 1.000000000000000000, 0.0000000000000000000, 0.0000000000000000000 ) ) ;
#2014 = PLANE ( 'NONE',  #1932 ) ;
#2015 = ORIENTED_EDGE ( 'NONE', *, *, #2250, .F. ) ;
#2016 = VECTOR ( 'NONE', #2461, 1000.000000000000000 ) ;
#2017 = AXIS2_PLACEMENT_3D ( 'NONE', #12, #1605, #464 ) ;
#2018 = SURFACE_SIDE_STYLE ('',( #2709 ) ) ;
#2019 = AXIS2_PLACEMENT_3D ( 'NONE', #944, #228, #2300 ) ;
#2020 = VECTOR ( 'NONE', #2852, 1000.000000000000000 ) ;
#2021 = UNCERTAINTY_MEASURE_WITH_UNIT (LENGTH_MEASURE( 1.000000000000000082E-05 ), #502, 'distance_accuracy_value', 'NONE');
#2022 = ADVANCED_FACE ( 'NONE', ( #2462 ), #429, .F. ) ;
#2023 = AXIS2_PLACEMENT_3D ( 'NONE', #2634, #1054, #2215 ) ;
#2024 = CARTESIAN_POINT ( 'NONE',  ( 0.2500000000000000000, 0.0000000000000000000, 0.0000000000000000000 ) ) ;
#2025 = CARTESIAN_POINT ( 'NONE',  ( 0.2500000000000000000, 0.0000000000000000000, -0.3250000000000000666 ) ) ;
#2026 = CARTESIAN_POINT ( 'NONE',  ( -0.05000000000000000278, -0.01000000000000000021, 0.8699999999999999956 ) ) ;
#2027 = ADVANCED_FACE ( 'NONE', ( #2945 ), #864, .T. ) ;
#2028 = ORIENTED_EDGE ( 'NONE', *, *, #1943, .F. ) ;
#2029 = ORIENTED_EDGE ( 'NONE', *, *, #657, .F. ) ;
#2030 = AXIS2_PLACEMENT_3D ( 'NONE', #2565, #744, #1204 ) ;
#2031 = CARTESIAN_POINT ( 'NONE',  ( 0.0000000000000000000, 0.5000000000000000000, 0.0000000000000000000 ) ) ;
#2032 = EDGE_LOOP ( 'NONE', ( #985, #2029, #1805, #1392 ) ) ;
#2033 = LINE ( 'NONE', #1145, #575 ) ;
#2034 = CARTESIAN_POINT ( 'NONE',  ( -0.5000000000000000000, 0.0000000000000000000, -1.600000000000000089 ) ) ;
#2035 = FILL_AREA_STYLE_COLOUR ( '', #2248 ) ;
#2036 = ORIENTED_EDGE ( 'NONE', *, *, #1038, .F. ) ;
#2037 = CARTESIAN_POINT ( 'NONE',  ( 0.1499999999999999944, 0.5100000000000000089, -1.000000000000000000 ) ) ;
#2038 =( NAMED_UNIT ( * ) PLANE_ANGLE_UNIT ( ) SI_UNIT ( $, .RADIAN. ) );
#2039 = EDGE_CURVE ( 'NONE', #2287, #1205, #2286, .T. ) ;
#2040 = FACE_OUTER_BOUND ( 'NONE', #2465, .T. ) ;
#2041 = ORIENTED_EDGE ( 'NONE', *, *, #1943, .T. ) ;
#2042 = LINE ( 'NONE', #2010, #727 ) ;
#2043 = ORIENTED_EDGE ( 'NONE', *, *, #2467, .F. ) ;
#2044 = EDGE_CURVE ( 'NONE', #286, #642, #2471, .T. ) ;
#2045 = LINE ( 'NONE', #2707, #298 ) ;
#2046 = ORIENTED_EDGE ( 'NONE', *, *, #1290, .F. ) ;
#2047 = SURFACE_STYLE_FILL_AREA ( #1127 ) ;
#2048 = SURFACE_SIDE_STYLE ('',( #1653 ) ) ;
#2049 = UNCERTAINTY_MEASURE_WITH_UNIT (LENGTH_MEASURE( 1.000000000000000082E-05 ), #423, 'distance_accuracy_value', 'NONE');
#2050 =( NAMED_UNIT ( * ) SI_UNIT ( $, .STERADIAN. ) SOLID_ANGLE_UNIT ( ) );
#2051 = ORIENTED_EDGE ( 'NONE', *, *, #2742, .T. ) ;
#2052 = SURFACE_STYLE_USAGE ( .BOTH. , #621 ) ;
#2053 = DIRECTION ( 'NONE',  ( 1.000000000000000000, -0.0000000000000000000, 0.0000000000000000000 ) ) ;
#2054 = VECTOR ( 'NONE', #1570, 1000.000000000000000 ) ;
#2055 = VERTEX_POINT ( 'NONE', #2916 ) ;
#2056 = ORIENTED_EDGE ( 'NONE', *, *, #2682, .F. ) ;
#2057 = EDGE_CURVE ( 'NONE', #522, #251, #120, .T. ) ;
#2058 = VECTOR ( 'NONE', #189, 1000.000000000000000 ) ;
#2059 = DIRECTION ( 'NONE',  ( 0.0000000000000000000, 0.0000000000000000000, -1.000000000000000000 ) ) ;
#2060 = ORIENTED_EDGE ( 'NONE', *, *, #2257, .F. ) ;
#2061 = STYLED_ITEM ( 'NONE', ( #1435 ), #180 ) ;
#2062 = SURFACE_SIDE_STYLE ('',( #2047 ) ) ;
#2063 = COLOUR_RGB ( '',1.000000000000000000, 1.000000000000000000, 1.000000000000000000 ) ;
#2064 =( GEOMETRIC_REPRESENTATION_CONTEXT ( 3 ) GLOBAL_UNCERTAINTY_ASSIGNED_CONTEXT ( ( #1274 ) ) GLOBAL_UNIT_ASSIGNED_CONTEXT ( ( #1623, #699, #67 ) ) REPRESENTATION_CONTEXT ( 'NONE', 'WORKASPACE' ) );
#2065 = CARTESIAN_POINT ( 'NONE',  ( -0.1000000000000000056, -0.01000000000000000021, -0.3250000000000000666 ) ) ;
#2066 =( GEOMETRIC_REPRESENTATION_CONTEXT ( 3 ) GLOBAL_UNCERTAINTY_ASSIGNED_CONTEXT ( ( #1413 ) ) GLOBAL_UNIT_ASSIGNED_CONTEXT ( ( #2230, #2892, #361 ) ) REPRESENTATION_CONTEXT ( 'NONE', 'WORKASPACE' ) );
#2067 = ORIENTED_EDGE ( 'NONE', *, *, #824, .F. ) ;
#2068 = DIRECTION ( 'NONE',  ( 0.0000000000000000000, -0.0000000000000000000, 1.000000000000000000 ) ) ;
#2069 = LINE ( 'NONE', #978, #2408 ) ;
#2070 = SURFACE_STYLE_USAGE ( .BOTH. , #1369 ) ;
#2071 = COLOUR_RGB ( '',1.000000000000000000, 1.000000000000000000, 1.000000000000000000 ) ;
#2072 = EDGE_LOOP ( 'NONE', ( #1158, #2036, #2444, #1357 ) ) ;
#2073 = LINE ( 'NONE', #2278, #539 ) ;
#2074 = ORIENTED_EDGE ( 'NONE', *, *, #1400, .F. ) ;
#2075 = AXIS2_PLACEMENT_3D ( 'NONE', #1245, #97, #8 ) ;
#2076 = VECTOR ( 'NONE', #1133, 1000.000000000000000 ) ;
#2077 = VECTOR ( 'NONE', #2116, 1000.000000000000000 ) ;
#2078 = LINE ( 'NONE', #2494, #2175 ) ;
#2079 = VERTEX_POINT ( 'NONE', #2026 ) ;
#2080 = ADVANCED_FACE ( 'NONE', ( #1496 ), #2239, .T. ) ;
#2081 = UNCERTAINTY_MEASURE_WITH_UNIT (LENGTH_MEASURE( 1.000000000000000082E-05 ), #1046, 'distance_accuracy_value', 'NONE');
#2082 = DIRECTION ( 'NONE',  ( 0.0000000000000000000, 1.000000000000000000, 0.0000000000000000000 ) ) ;
#2083 = MECHANICAL_DESIGN_GEOMETRIC_PRESENTATION_REPRESENTATION (  '', ( #1554 ), #1433 ) ;
#2084 = PRESENTATION_STYLE_ASSIGNMENT (( #1608 ) ) ;
#2085 = EDGE_LOOP ( 'NONE', ( #1523, #1160, #21, #1621, #2886, #1288, #2346, #2935, #745, #326, #1865, #2977 ) ) ;
#2086 = SURFACE_SIDE_STYLE ('',( #1813 ) ) ;
#2087 =( NAMED_UNIT ( * ) SI_UNIT ( $, .STERADIAN. ) SOLID_ANGLE_UNIT ( ) );
#2088 = CARTESIAN_POINT ( 'NONE',  ( -0.09999999999999999167, 0.0000000000000000000, -0.5999999999999999778 ) ) ;
#2089 = VERTEX_POINT ( 'NONE', #638 ) ;
#2090 = CARTESIAN_POINT ( 'NONE',  ( -0.2500000000000000000, -0.01000000000000000021, 0.7500000000000000000 ) ) ;
#2091 = ORIENTED_EDGE ( 'NONE', *, *, #1290, .T. ) ;
#2092 = ORIENTED_EDGE ( 'NONE', *, *, #529, .T. ) ;
#2093 = DIRECTION ( 'NONE',  ( -0.0000000000000000000, 1.000000000000000000, 0.0000000000000000000 ) ) ;
#2094 = LINE ( 'NONE', #2975, #2636 ) ;
#2095 = EDGE_CURVE ( 'NONE', #26, #1424, #442, .T. ) ;
#2096 =( LENGTH_UNIT ( ) NAMED_UNIT ( * ) SI_UNIT ( .MILLI., .METRE. ) );
#2097 = FILL_AREA_STYLE ('',( #2799 ) ) ;
#2098 = DIRECTION ( 'NONE',  ( 0.0000000000000000000, 0.0000000000000000000, 1.000000000000000000 ) ) ;
#2099 = VERTEX_POINT ( 'NONE', #2713 ) ;
#2100 = LINE ( 'NONE', #40, #330 ) ;
#2101 = VECTOR ( 'NONE', #2253, 1000.000000000000000 ) ;
#2102 = ORIENTED_EDGE ( 'NONE', *, *, #1528, .T. ) ;
#2103 =( GEOMETRIC_REPRESENTATION_CONTEXT ( 3 ) GLOBAL_UNCERTAINTY_ASSIGNED_CONTEXT ( ( #1296 ) ) GLOBAL_UNIT_ASSIGNED_CONTEXT ( ( #740, #1351, #2050 ) ) REPRESENTATION_CONTEXT ( 'NONE', 'WORKASPACE' ) );
#2104 = DIRECTION ( 'NONE',  ( 0.0000000000000000000, -0.0000000000000000000, 1.000000000000000000 ) ) ;
#2105 = VERTEX_POINT ( 'NONE', #399 ) ;
#2106 = FACE_OUTER_BOUND ( 'NONE', #1070, .T. ) ;
#2107 =( GEOMETRIC_REPRESENTATION_CONTEXT ( 3 ) GLOBAL_UNCERTAINTY_ASSIGNED_CONTEXT ( ( #1480 ) ) GLOBAL_UNIT_ASSIGNED_CONTEXT ( ( #881, #2188, #1789 ) ) REPRESENTATION_CONTEXT ( 'NONE', 'WORKASPACE' ) );
#2108 = UNCERTAINTY_MEASURE_WITH_UNIT (LENGTH_MEASURE( 1.000000000000000082E-05 ), #1644, 'distance_accuracy_value', 'NONE');
#2109 = VECTOR ( 'NONE', #555, 1000.000000000000000 ) ;
#2110 = LINE ( 'NONE', #2510, #465 ) ;
#2111 =( GEOMETRIC_REPRESENTATION_CONTEXT ( 3 ) GLOBAL_UNCERTAINTY_ASSIGNED_CONTEXT ( ( #2021 ) ) GLOBAL_UNIT_ASSIGNED_CONTEXT ( ( #502, #553, #1919 ) ) REPRESENTATION_CONTEXT ( 'NONE', 'WORKASPACE' ) );
#2112 = VECTOR ( 'NONE', #2625, 1000.000000000000000 ) ;
#2113 = DIRECTION ( 'NONE',  ( 0.0000000000000000000, 0.0000000000000000000, -1.000000000000000000 ) ) ;
#2114 =( GEOMETRIC_REPRESENTATION_CONTEXT ( 3 ) GLOBAL_UNCERTAINTY_ASSIGNED_CONTEXT ( ( #664 ) ) GLOBAL_UNIT_ASSIGNED_CONTEXT ( ( #1013, #346, #2149 ) ) REPRESENTATION_CONTEXT ( 'NONE', 'WORKASPACE' ) );
#2115 = CARTESIAN_POINT ( 'NONE',  ( -0.1499999999999999944, 0.5000000000000000000, 1.000000000000000000 ) ) ;
#2116 = DIRECTION ( 'NONE',  ( 1.000000000000000000, 0.0000000000000000000, 0.0000000000000000000 ) ) ;
#2117 = ORIENTED_EDGE ( 'NONE', *, *, #1528, .F. ) ;
#2118 =( LENGTH_UNIT ( ) NAMED_UNIT ( * ) SI_UNIT ( .MILLI., .METRE. ) );
#2119 = ORIENTED_EDGE ( 'NONE', *, *, #236, .T. ) ;
#2120 = EDGE_CURVE ( 'NONE', #2921, #70, #624, .T. ) ;
#2121 = STYLED_ITEM ( 'NONE', ( #799 ), #1475 ) ;
#2122 = CARTESIAN_POINT ( 'NONE',  ( -0.05000000000000000278, 0.0000000000000000000, 0.8699999999999999956 ) ) ;
#2123 = CARTESIAN_POINT ( 'NONE',  ( -0.1499999999999999944, 0.5000000000000000000, 1.406350832690000052 ) ) ;
#2124 = ORIENTED_EDGE ( 'NONE', *, *, #258, .F. ) ;
#2125 = EDGE_CURVE ( 'NONE', #868, #2105, #1108, .T. ) ;
#2126 = LINE ( 'NONE', #1465, #2912 ) ;
#2127 = CARTESIAN_POINT ( 'NONE',  ( -0.5000000000000000000, 0.0000000000000000000, -0.6000000000000000888 ) ) ;
#2128 = FILL_AREA_STYLE ('',( #1620 ) ) ;
#2129 = DIRECTION ( 'NONE',  ( 0.0000000000000000000, 0.0000000000000000000, 1.000000000000000000 ) ) ;
#2130 = FILL_AREA_STYLE_COLOUR ( '', #1156 ) ;
#2131 = VECTOR ( 'NONE', #505, 1000.000000000000000 ) ;
#2132 = LINE ( 'NONE', #915, #715 ) ;
#2133 = FACE_OUTER_BOUND ( 'NONE', #1304, .T. ) ;
#2134 = ORIENTED_EDGE ( 'NONE', *, *, #734, .F. ) ;
#2135 = ORIENTED_EDGE ( 'NONE', *, *, #316, .F. ) ;
#2136 = ADVANCED_FACE ( 'NONE', ( #2040 ), #1721, .T. ) ;
#2137 = CARTESIAN_POINT ( 'NONE',  ( 0.5000000000000000000, 0.5100000000000000089, -1.350000000000000089 ) ) ;
#2138 = ORIENTED_EDGE ( 'NONE', *, *, #1914, .T. ) ;
#2139 = SURFACE_STYLE_FILL_AREA ( #1929 ) ;
#2140 = LINE ( 'NONE', #2638, #2217 ) ;
#2141 = CARTESIAN_POINT ( 'NONE',  ( 0.5000000000000000000, 0.5100000000000000089, 1.600000000000000089 ) ) ;
#2142 = PLANE ( 'NONE',  #879 ) ;
#2143 = SURFACE_STYLE_USAGE ( .BOTH. , #1276 ) ;
#2144 = CARTESIAN_POINT ( 'NONE',  ( 0.0000000000000000000, -0.01000000000000000021, 0.0000000000000000000 ) ) ;
#2145 = ORIENTED_EDGE ( 'NONE', *, *, #1670, .F. ) ;
#2146 = CARTESIAN_POINT ( 'NONE',  ( 0.5000000000000000000, 0.5100000000000000089, 1.600000000000000089 ) ) ;
#2147 = EDGE_LOOP ( 'NONE', ( #434, #1174, #2353, #719, #609, #238, #679, #1319, #2450, #492, #1750, #1594, #2225 ) ) ;
#2148 = MECHANICAL_DESIGN_GEOMETRIC_PRESENTATION_REPRESENTATION (  '', ( #175 ), #953 ) ;
#2149 =( NAMED_UNIT ( * ) SI_UNIT ( $, .STERADIAN. ) SOLID_ANGLE_UNIT ( ) );
#2150 = DIRECTION ( 'NONE',  ( -0.0000000000000000000, 1.000000000000000000, 0.0000000000000000000 ) ) ;
#2151 = EDGE_LOOP ( 'NONE', ( #546, #697, #1422, #2789 ) ) ;
#2152 = DIRECTION ( 'NONE',  ( 1.000000000000000000, 0.0000000000000000000, 0.0000000000000000000 ) ) ;
#2153 = EDGE_CURVE ( 'NONE', #1746, #627, #248, .T. ) ;
#2154 =( LENGTH_UNIT ( ) NAMED_UNIT ( * ) SI_UNIT ( .MILLI., .METRE. ) );
#2155 = COLOUR_RGB ( '',1.000000000000000000, 1.000000000000000000, 1.000000000000000000 ) ;
#2156 = APPLICATION_CONTEXT ( 'automotive_design' ) ;
#2157 = COLOUR_RGB ( '',1.000000000000000000, 1.000000000000000000, 1.000000000000000000 ) ;
#2158 =( LENGTH_UNIT ( ) NAMED_UNIT ( * ) SI_UNIT ( .MILLI., .METRE. ) );
#2159 = VECTOR ( 'NONE', #986, 1000.000000000000000 ) ;
#2160 = LINE ( 'NONE', #341, #472 ) ;
#2161 =( GEOMETRIC_REPRESENTATION_CONTEXT ( 3 ) GLOBAL_UNCERTAINTY_ASSIGNED_CONTEXT ( ( #2681 ) ) GLOBAL_UNIT_ASSIGNED_CONTEXT ( ( #1469, #2626, #564 ) ) REPRESENTATION_CONTEXT ( 'NONE', 'WORKASPACE' ) );
#2162 = EDGE_CURVE ( 'NONE', #1252, #2554, #945, .T. ) ;
#2163 = CARTESIAN_POINT ( 'NONE',  ( 0.5000000000000000000, 0.5100000000000000089, 1.200000000000000178 ) ) ;
#2164 = ORIENTED_EDGE ( 'NONE', *, *, #73, .T. ) ;
#2165 = VECTOR ( 'NONE', #2619, 1000.000000000000000 ) ;
#2166 = VECTOR ( 'NONE', #1164, 1000.000000000000000 ) ;
#2167 = AXIS2_PLACEMENT_3D ( 'NONE', #159, #186, #2007 ) ;
#2168 = SURFACE_STYLE_FILL_AREA ( #573 ) ;
#2169 = DIRECTION ( 'NONE',  ( 0.0000000000000000000, 0.0000000000000000000, 1.000000000000000000 ) ) ;
#2170 = ORIENTED_EDGE ( 'NONE', *, *, #2394, .F. ) ;
#2171 = CARTESIAN_POINT ( 'NONE',  ( 0.1500000000000000222, 0.5000000000000000000, 1.000000000000000000 ) ) ;
#2172 = CIRCLE ( 'NONE', #2927, 0.3999999999999999667 ) ;
#2173 = UNCERTAINTY_MEASURE_WITH_UNIT (LENGTH_MEASURE( 1.000000000000000082E-05 ), #769, 'distance_accuracy_value', 'NONE');
#2174 = EDGE_CURVE ( 'NONE', #2665, #733, #1419, .T. ) ;
#2175 = VECTOR ( 'NONE', #705, 1000.000000000000000 ) ;
#2176 = DIRECTION ( 'NONE',  ( 1.000000000000000000, 0.0000000000000000000, -0.0000000000000000000 ) ) ;
#2177 = UNCERTAINTY_MEASURE_WITH_UNIT (LENGTH_MEASURE( 1.000000000000000082E-05 ), #2621, 'distance_accuracy_value', 'NONE');
#2178 = EDGE_CURVE ( 'NONE', #2105, #1176, #932, .T. ) ;
#2179 =( NAMED_UNIT ( * ) SI_UNIT ( $, .STERADIAN. ) SOLID_ANGLE_UNIT ( ) );
#2180 = DIRECTION ( 'NONE',  ( 0.0000000000000000000, -0.0000000000000000000, 1.000000000000000000 ) ) ;
#2181 = ORIENTED_EDGE ( 'NONE', *, *, #941, .T. ) ;
#2182 = DIRECTION ( 'NONE',  ( 1.000000000000000000, 0.0000000000000000000, -0.0000000000000000000 ) ) ;
#2183 = DIRECTION ( 'NONE',  ( 0.0000000000000000000, 1.000000000000000000, 0.0000000000000000000 ) ) ;
#2184 = PRODUCT_DEFINITION_SHAPE ( 'NONE', 'NONE',  #263 ) ;
#2185 = DIRECTION ( 'NONE',  ( 1.000000000000000000, 0.0000000000000000000, -0.0000000000000000000 ) ) ;
#2186 = SURFACE_SIDE_STYLE ('',( #1080 ) ) ;
#2187 = ORIENTED_EDGE ( 'NONE', *, *, #2946, .F. ) ;
#2188 =( NAMED_UNIT ( * ) PLANE_ANGLE_UNIT ( ) SI_UNIT ( $, .RADIAN. ) );
#2189 = DIRECTION ( 'NONE',  ( 0.0000000000000000000, -0.0000000000000000000, 1.000000000000000000 ) ) ;
#2190 = CARTESIAN_POINT ( 'NONE',  ( 0.2500000000000000000, 0.0000000000000000000, 1.199999999999999956 ) ) ;
#2191 = CARTESIAN_POINT ( 'NONE',  ( -0.5000000000000000000, -0.01000000000000000021, -0.5999999999999999778 ) ) ;
#2192 = SURFACE_SIDE_STYLE ('',( #1006 ) ) ;
#2193 = EDGE_CURVE ( 'NONE', #135, #1346, #1155, .T. ) ;
#2194 = LINE ( 'NONE', #2831, #2719 ) ;
#2195 = ORIENTED_EDGE ( 'NONE', *, *, #1895, .T. ) ;
#2196 = PRESENTATION_LAYER_ASSIGNMENT (  '', '', ( #511 ) ) ;
#2197 = DIRECTION ( 'NONE',  ( -1.000000000000000000, -0.0000000000000000000, -0.0000000000000000000 ) ) ;
#2198 = CARTESIAN_POINT ( 'NONE',  ( -0.5000000000000000000, 0.0000000000000000000, -1.199999999999999956 ) ) ;
#2199 = VERTEX_POINT ( 'NONE', #2088 ) ;
#2200 = DIRECTION ( 'NONE',  ( -0.0000000000000000000, -1.000000000000000000, -0.0000000000000000000 ) ) ;
#2201 = EDGE_CURVE ( 'NONE', #2517, #2656, #2770, .T. ) ;
#2202 = SURFACE_SIDE_STYLE ('',( #889 ) ) ;
#2203 =( GEOMETRIC_REPRESENTATION_CONTEXT ( 3 ) GLOBAL_UNCERTAINTY_ASSIGNED_CONTEXT ( ( #272 ) ) GLOBAL_UNIT_ASSIGNED_CONTEXT ( ( #2341, #2766, #242 ) ) REPRESENTATION_CONTEXT ( 'NONE', 'WORKASPACE' ) );
#2204 = CARTESIAN_POINT ( 'NONE',  ( 0.2500000000000000000, 0.0000000000000000000, -1.199999999999999956 ) ) ;
#2205 = AXIS2_PLACEMENT_3D ( 'NONE', #1604, #2780, #2497 ) ;
#2206 = DIRECTION ( 'NONE',  ( -0.0000000000000000000, -1.000000000000000000, -0.0000000000000000000 ) ) ;
#2207 = VECTOR ( 'NONE', #1678, 1000.000000000000000 ) ;
#2208 =( LENGTH_UNIT ( ) NAMED_UNIT ( * ) SI_UNIT ( .MILLI., .METRE. ) );
#2209 = ORIENTED_EDGE ( 'NONE', *, *, #127, .T. ) ;
#2210 = PLANE ( 'NONE',  #721 ) ;
#2211 = ADVANCED_FACE ( 'NONE', ( #1612 ), #700, .F. ) ;
#2212 = STYLED_ITEM ( 'NONE', ( #547 ), #352 ) ;
#2213 = PRESENTATION_LAYER_ASSIGNMENT (  '', '', ( #2212 ) ) ;
#2214 = CIRCLE ( 'NONE', #914, 0.2500000000000000000 ) ;
#2215 = DIRECTION ( 'NONE',  ( -0.0000000000000000000, 0.0000000000000000000, -1.000000000000000000 ) ) ;
#2216 = VERTEX_POINT ( 'NONE', #1874 ) ;
#2217 = VECTOR ( 'NONE', #1912, 1000.000000000000000 ) ;
#2218 = SURFACE_STYLE_USAGE ( .BOTH. , #2893 ) ;
#2219 = DIRECTION ( 'NONE',  ( 0.0000000000000000000, 1.000000000000000000, 0.0000000000000000000 ) ) ;
#2220 = CIRCLE ( 'NONE', #2786, 0.3999999999999999667 ) ;
#2221 = VECTOR ( 'NONE', #1836, 1000.000000000000000 ) ;
#2222 = PLANE ( 'NONE',  #1681 ) ;
#2223 = PRESENTATION_STYLE_ASSIGNMENT (( #139 ) ) ;
#2224 = CARTESIAN_POINT ( 'NONE',  ( -0.1000000000000000056, -0.01000000000000000021, -0.5999999999999999778 ) ) ;
#2225 = ORIENTED_EDGE ( 'NONE', *, *, #1280, .T. ) ;
#2226 =( LENGTH_UNIT ( ) NAMED_UNIT ( * ) SI_UNIT ( .MILLI., .METRE. ) );
#2227 = CARTESIAN_POINT ( 'NONE',  ( -0.1000000000000000056, -0.01000000000000000021, -0.2000000000000000111 ) ) ;
#2228 = LINE ( 'NONE', #2675, #2604 ) ;
#2229 = VERTEX_POINT ( 'NONE', #2785 ) ;
#2230 =( LENGTH_UNIT ( ) NAMED_UNIT ( * ) SI_UNIT ( .MILLI., .METRE. ) );
#2231 = ADVANCED_FACE ( 'NONE', ( #1437 ), #2515, .T. ) ;
#2232 = LINE ( 'NONE', #2678, #2431 ) ;
#2233 = UNCERTAINTY_MEASURE_WITH_UNIT (LENGTH_MEASURE( 1.000000000000000082E-05 ), #2158, 'distance_accuracy_value', 'NONE');
#2234 = LINE ( 'NONE', #2926, #235 ) ;
#2235 = CARTESIAN_POINT ( 'NONE',  ( 0.0000000000000000000, 0.5100000000000000089, 0.0000000000000000000 ) ) ;
#2236 = CARTESIAN_POINT ( 'NONE',  ( -0.2500000000000000000, 0.0000000000000000000, 0.7500000000000000000 ) ) ;
#2237 = CARTESIAN_POINT ( 'NONE',  ( 0.2500000000000000000, 0.0000000000000000000, 1.199999999999999956 ) ) ;
#2238 = ORIENTED_EDGE ( 'NONE', *, *, #1759, .F. ) ;
#2239 = PLANE ( 'NONE',  #421 ) ;
#2240 = CARTESIAN_POINT ( 'NONE',  ( 0.5000000000000000000, 0.5000000000000000000, -1.000000000000000000 ) ) ;
#2241 = FILL_AREA_STYLE_COLOUR ( '', #2320 ) ;
#2242 = ORIENTED_EDGE ( 'NONE', *, *, #1607, .F. ) ;
#2243 = VECTOR ( 'NONE', #2180, 1000.000000000000000 ) ;
#2244 = FACE_OUTER_BOUND ( 'NONE', #2335, .T. ) ;
#2245 = VERTEX_POINT ( 'NONE', #1387 ) ;
#2246 = EDGE_CURVE ( 'NONE', #1395, #1187, #2132, .T. ) ;
#2247 = CARTESIAN_POINT ( 'NONE',  ( 0.0000000000000000000, 0.5000000000000000000, 1.000000000000000000 ) ) ;
#2248 = COLOUR_RGB ( '',1.000000000000000000, 1.000000000000000000, 1.000000000000000000 ) ;
#2249 = FILL_AREA_STYLE ('',( #1100 ) ) ;
#2250 = EDGE_CURVE ( 'NONE', #1816, #868, #687, .T. ) ;
#2251 = MECHANICAL_DESIGN_GEOMETRIC_PRESENTATION_REPRESENTATION (  '', ( #2491 ), #708 ) ;
#2252 = DIRECTION ( 'NONE',  ( 0.0000000000000000000, 0.0000000000000000000, -1.000000000000000000 ) ) ;
#2253 = DIRECTION ( 'NONE',  ( -0.0000000000000000000, 0.0000000000000000000, -1.000000000000000000 ) ) ;
#2254 = VECTOR ( 'NONE', #725, 1000.000000000000000 ) ;
#2255 = DIRECTION ( 'NONE',  ( 0.0000000000000000000, 1.000000000000000000, 0.0000000000000000000 ) ) ;
#2256 =( LENGTH_UNIT ( ) NAMED_UNIT ( * ) SI_UNIT ( .MILLI., .METRE. ) );
#2257 = EDGE_CURVE ( 'NONE', #1746, #522, #2747, .T. ) ;
#2258 = DIRECTION ( 'NONE',  ( 1.000000000000000000, -0.0000000000000000000, 0.0000000000000000000 ) ) ;
#2259 = PRESENTATION_LAYER_ASSIGNMENT (  '', '', ( #958 ) ) ;
#2260 = CARTESIAN_POINT ( 'NONE',  ( -0.2999999999999999889, 0.5000000000000000000, 1.000000000000000000 ) ) ;
#2261 = SURFACE_STYLE_FILL_AREA ( #1372 ) ;
#2262 = EDGE_LOOP ( 'NONE', ( #2689, #684, #2145, #768 ) ) ;
#2263 = MECHANICAL_DESIGN_GEOMETRIC_PRESENTATION_REPRESENTATION (  '', ( #230 ), #1969 ) ;
#2264 = PLANE ( 'NONE',  #925 ) ;
#2265 = ORIENTED_EDGE ( 'NONE', *, *, #1649, .T. ) ;
#2266 = PRODUCT_DEFINITION_FORMATION_WITH_SPECIFIED_SOURCE ( 'ANY', '', #758, .NOT_KNOWN. ) ;
#2267 = CARTESIAN_POINT ( 'NONE',  ( -0.5000000000000000000, 0.5000000000000000000, 0.0000000000000000000 ) ) ;
#2268 = SURFACE_STYLE_USAGE ( .BOTH. , #2018 ) ;
#2269 =( NAMED_UNIT ( * ) SI_UNIT ( $, .STERADIAN. ) SOLID_ANGLE_UNIT ( ) );
#2270 = EDGE_CURVE ( 'NONE', #2517, #1111, #2759, .T. ) ;
#2271 = VECTOR ( 'NONE', #1845, 1000.000000000000000 ) ;
#2272 = SURFACE_SIDE_STYLE ('',( #395 ) ) ;
#2273 = ORIENTED_EDGE ( 'NONE', *, *, #2653, .T. ) ;
#2274 = CARTESIAN_POINT ( 'NONE',  ( -0.5000000000000000000, 0.0000000000000000000, 0.0000000000000000000 ) ) ;
#2275 =( LENGTH_UNIT ( ) NAMED_UNIT ( * ) SI_UNIT ( .MILLI., .METRE. ) );
#2276 = CARTESIAN_POINT ( 'NONE',  ( -0.1499999999999999944, 0.5100000000000000089, 1.000000000000000000 ) ) ;
#2277 = ORIENTED_EDGE ( 'NONE', *, *, #498, .F. ) ;
#2278 = CARTESIAN_POINT ( 'NONE',  ( 0.0000000000000000000, 0.5000000000000000000, 1.600000000000000089 ) ) ;
#2279 = VERTEX_POINT ( 'NONE', #311 ) ;
#2280 = PLANE ( 'NONE',  #2724 ) ;
#2281 = DIRECTION ( 'NONE',  ( 0.0000000000000000000, 0.0000000000000000000, -1.000000000000000000 ) ) ;
#2282 = ORIENTED_EDGE ( 'NONE', *, *, #2738, .T. ) ;
#2283 = FACE_OUTER_BOUND ( 'NONE', #2757, .T. ) ;
#2284 = LINE ( 'NONE', #1611, #140 ) ;
#2285 = EDGE_CURVE ( 'NONE', #2526, #787, #2870, .T. ) ;
#2286 = LINE ( 'NONE', #850, #1683 ) ;
#2287 = VERTEX_POINT ( 'NONE', #794 ) ;
#2288 = CARTESIAN_POINT ( 'NONE',  ( 0.5000000000000000000, 0.5100000000000000089, -1.600000000000000089 ) ) ;
#2289 = ORIENTED_EDGE ( 'NONE', *, *, #2932, .T. ) ;
#2290 = CARTESIAN_POINT ( 'NONE',  ( 0.5000000000000000000, 0.5000000000000000000, 1.600000000000000089 ) ) ;
#2291 = ORIENTED_EDGE ( 'NONE', *, *, #1259, .T. ) ;
#2292 = EDGE_CURVE ( 'NONE', #386, #114, #2160, .T. ) ;
#2293 = DIRECTION ( 'NONE',  ( 0.0000000000000000000, 0.0000000000000000000, 1.000000000000000000 ) ) ;
#2294 = PRESENTATION_LAYER_ASSIGNMENT (  '', '', ( #1044 ) ) ;
#2295 = PRESENTATION_STYLE_ASSIGNMENT (( #940 ) ) ;
#2296 = PRESENTATION_LAYER_ASSIGNMENT (  '', '', ( #1802 ) ) ;
#2297 = DIRECTION ( 'NONE',  ( -1.000000000000000000, 0.0000000000000000000, -0.0000000000000000000 ) ) ;
#2298 = ORIENTED_EDGE ( 'NONE', *, *, #358, .T. ) ;
#2299 = DIRECTION ( 'NONE',  ( 0.0000000000000000000, 0.0000000000000000000, -1.000000000000000000 ) ) ;
#2300 = DIRECTION ( 'NONE',  ( 0.0000000000000000000, -0.0000000000000000000, 1.000000000000000000 ) ) ;
#2301 = CARTESIAN_POINT ( 'NONE',  ( 0.5000000000000000000, 0.5100000000000000089, -1.600000000000000089 ) ) ;
#2302 = COLOUR_RGB ( '',1.000000000000000000, 1.000000000000000000, 1.000000000000000000 ) ;
#2303 = DIRECTION ( 'NONE',  ( 0.0000000000000000000, 0.0000000000000000000, -1.000000000000000000 ) ) ;
#2304 = EDGE_CURVE ( 'NONE', #447, #1205, #1471, .T. ) ;
#2305 = ORIENTED_EDGE ( 'NONE', *, *, #2246, .T. ) ;
#2306 = DIRECTION ( 'NONE',  ( 1.000000000000000000, 0.0000000000000000000, 0.0000000000000000000 ) ) ;
#2307 = ORIENTED_EDGE ( 'NONE', *, *, #2769, .F. ) ;
#2308 = CIRCLE ( 'NONE', #1635, 0.1999999999999999833 ) ;
#2309 = VECTOR ( 'NONE', #2658, 1000.000000000000000 ) ;
#2310 = EDGE_CURVE ( 'NONE', #490, #2957, #1262, .T. ) ;
#2311 = ORIENTED_EDGE ( 'NONE', *, *, #1503, .F. ) ;
#2312 = CARTESIAN_POINT ( 'NONE',  ( -0.09999999999999999167, 0.0000000000000000000, -0.3250000000000000666 ) ) ;
#2313 = AXIS2_PLACEMENT_3D ( 'NONE', #1740, #1933, #1901 ) ;
#2314 = COLOUR_RGB ( '',1.000000000000000000, 1.000000000000000000, 1.000000000000000000 ) ;
#2315 = MECHANICAL_DESIGN_GEOMETRIC_PRESENTATION_REPRESENTATION (  '', ( #673 ), #239 ) ;
#2316 = ORIENTED_EDGE ( 'NONE', *, *, #2632, .F. ) ;
#2317 = CARTESIAN_POINT ( 'NONE',  ( -0.1499999999999999944, 0.5000000000000000000, -1.000000000000000000 ) ) ;
#2318 = LINE ( 'NONE', #18, #141 ) ;
#2319 = CARTESIAN_POINT ( 'NONE',  ( -0.1000000000000000056, 0.0000000000000000000, 0.4749999999999999778 ) ) ;
#2320 = COLOUR_RGB ( '',1.000000000000000000, 1.000000000000000000, 1.000000000000000000 ) ;
#2321 = CYLINDRICAL_SURFACE ( 'NONE', #1090, 0.3999999999999999667 ) ;
#2322 = EDGE_LOOP ( 'NONE', ( #2711, #2856, #84, #1464, #494, #1911, #1847, #2800 ) ) ;
#2323 =( NAMED_UNIT ( * ) PLANE_ANGLE_UNIT ( ) SI_UNIT ( $, .RADIAN. ) );
#2324 = ORIENTED_EDGE ( 'NONE', *, *, #1084, .T. ) ;
#2325 = STYLED_ITEM ( 'NONE', ( #1616 ), #1394 ) ;
#2326 =( NAMED_UNIT ( * ) SI_UNIT ( $, .STERADIAN. ) SOLID_ANGLE_UNIT ( ) );
#2327 = VERTEX_POINT ( 'NONE', #990 ) ;
#2328 = FILL_AREA_STYLE ('',( #680 ) ) ;
#2329 = ADVANCED_FACE ( 'NONE', ( #826 ), #1485, .T. ) ;
#2330 = PLANE ( 'NONE',  #1733 ) ;
#2331 = SURFACE_SIDE_STYLE ('',( #1363 ) ) ;
#2332 =( NAMED_UNIT ( * ) SI_UNIT ( $, .STERADIAN. ) SOLID_ANGLE_UNIT ( ) );
#2333 = ORIENTED_EDGE ( 'NONE', *, *, #1631, .F. ) ;
#2334 = DIRECTION ( 'NONE',  ( 0.0000000000000000000, 1.000000000000000000, 0.0000000000000000000 ) ) ;
#2335 = EDGE_LOOP ( 'NONE', ( #524, #779, #711, #343 ) ) ;
#2336 = DIRECTION ( 'NONE',  ( 0.0000000000000000000, 1.000000000000000000, 0.0000000000000000000 ) ) ;
#2337 = ORIENTED_EDGE ( 'NONE', *, *, #1899, .T. ) ;
#2338 = VERTEX_POINT ( 'NONE', #1714 ) ;
#2339 = SURFACE_STYLE_USAGE ( .BOTH. , #2048 ) ;
#2340 = EDGE_CURVE ( 'NONE', #2938, #897, #1024, .T. ) ;
#2341 =( LENGTH_UNIT ( ) NAMED_UNIT ( * ) SI_UNIT ( .MILLI., .METRE. ) );
#2342 = FACE_OUTER_BOUND ( 'NONE', #878, .T. ) ;
#2343 = FILL_AREA_STYLE ('',( #80 ) ) ;
#2344 = FACE_OUTER_BOUND ( 'NONE', #2350, .T. ) ;
#2345 = DIRECTION ( 'NONE',  ( 0.0000000000000000000, 1.000000000000000000, 0.0000000000000000000 ) ) ;
#2346 = ORIENTED_EDGE ( 'NONE', *, *, #1722, .T. ) ;
#2347 = DIRECTION ( 'NONE',  ( 0.0000000000000000000, 0.0000000000000000000, 1.000000000000000000 ) ) ;
#2348 = ADVANCED_FACE ( 'NONE', ( #1952 ), #68, .T. ) ;
#2349 = MECHANICAL_DESIGN_GEOMETRIC_PRESENTATION_REPRESENTATION (  '', ( #849 ), #2524 ) ;
#2350 = EDGE_LOOP ( 'NONE', ( #852, #2552, #1704, #2277, #1353, #2773, #2963, #1225, #1459, #825, #1896, #129 ) ) ;
#2351 = DIRECTION ( 'NONE',  ( -0.0000000000000000000, -1.000000000000000000, -0.0000000000000000000 ) ) ;
#2352 =( NAMED_UNIT ( * ) PLANE_ANGLE_UNIT ( ) SI_UNIT ( $, .RADIAN. ) );
#2353 = ORIENTED_EDGE ( 'NONE', *, *, #1414, .T. ) ;
#2354 =( GEOMETRIC_REPRESENTATION_CONTEXT ( 3 ) GLOBAL_UNCERTAINTY_ASSIGNED_CONTEXT ( ( #29 ) ) GLOBAL_UNIT_ASSIGNED_CONTEXT ( ( #2971, #661, #27 ) ) REPRESENTATION_CONTEXT ( 'NONE', 'WORKASPACE' ) );
#2355 = DIRECTION ( 'NONE',  ( 1.000000000000000000, 0.0000000000000000000, -0.0000000000000000000 ) ) ;
#2356 = DIRECTION ( 'NONE',  ( -1.000000000000000000, 0.0000000000000000000, 0.0000000000000000000 ) ) ;
#2357 = VECTOR ( 'NONE', #896, 1000.000000000000000 ) ;
#2358 = PRODUCT_DEFINITION_CONTEXT ( 'detailed design', #2156, 'design' ) ;
#2359 = FACE_OUTER_BOUND ( 'NONE', #1027, .T. ) ;
#2360 = MECHANICAL_DESIGN_GEOMETRIC_PRESENTATION_REPRESENTATION (  '', ( #1639 ), #2161 ) ;
#2361 = VECTOR ( 'NONE', #362, 1000.000000000000000 ) ;
#2362 = PRESENTATION_STYLE_ASSIGNMENT (( #2613 ) ) ;
#2363 = DIRECTION ( 'NONE',  ( -0.0000000000000000000, -0.0000000000000000000, -1.000000000000000000 ) ) ;
#2364 = ADVANCED_FACE ( 'NONE', ( #1037 ), #128, .T. ) ;
#2365 = FILL_AREA_STYLE_COLOUR ( '', #193 ) ;
#2366 = VERTEX_POINT ( 'NONE', #890 ) ;
#2367 = DIRECTION ( 'NONE',  ( 0.0000000000000000000, 1.000000000000000000, 0.0000000000000000000 ) ) ;
#2368 = ORIENTED_EDGE ( 'NONE', *, *, #2788, .T. ) ;
#2369 = MECHANICAL_DESIGN_GEOMETRIC_PRESENTATION_REPRESENTATION (  '', ( #775 ), #2693 ) ;
#2370 = STYLED_ITEM ( 'NONE', ( #1224 ), #1432 ) ;
#2371 = DIRECTION ( 'NONE',  ( 0.0000000000000000000, 0.0000000000000000000, 1.000000000000000000 ) ) ;
#2372 = DIRECTION ( 'NONE',  ( 0.0000000000000000000, 0.0000000000000000000, 1.000000000000000000 ) ) ;
#2373 = EDGE_LOOP ( 'NONE', ( #586, #800 ) ) ;
#2374 = CARTESIAN_POINT ( 'NONE',  ( -0.5000000000000000000, 0.5100000000000000089, -1.600000000000000089 ) ) ;
#2375 = SURFACE_SIDE_STYLE ('',( #2796 ) ) ;
#2376 = FILL_AREA_STYLE_COLOUR ( '', #428 ) ;
#2377 = FACE_OUTER_BOUND ( 'NONE', #1427, .T. ) ;
#2378 = SURFACE_STYLE_USAGE ( .BOTH. , #261 ) ;
#2379 = CARTESIAN_POINT ( 'NONE',  ( 0.5000000000000000000, -0.01000000000000000021, -1.600000000000000089 ) ) ;
#2380 = ORIENTED_EDGE ( 'NONE', *, *, #1585, .T. ) ;
#2381 = LINE ( 'NONE', #1660, #1064 ) ;
#2382 = VERTEX_POINT ( 'NONE', #1810 ) ;
#2383 = ADVANCED_FACE ( 'NONE', ( #2941 ), #377, .T. ) ;
#2384 = LINE ( 'NONE', #87, #1650 ) ;
#2385 = ORIENTED_EDGE ( 'NONE', *, *, #2659, .T. ) ;
#2386 = DIRECTION ( 'NONE',  ( -0.0000000000000000000, -0.0000000000000000000, -1.000000000000000000 ) ) ;
#2387 = UNCERTAINTY_MEASURE_WITH_UNIT (LENGTH_MEASURE( 1.000000000000000082E-05 ), #560, 'distance_accuracy_value', 'NONE');
#2388 = FILL_AREA_STYLE ('',( #1963 ) ) ;
#2389 = PRESENTATION_STYLE_ASSIGNMENT (( #614 ) ) ;
#2390 = FILL_AREA_STYLE_COLOUR ( '', #1707 ) ;
#2391 = DIRECTION ( 'NONE',  ( 0.0000000000000000000, -0.0000000000000000000, 1.000000000000000000 ) ) ;
#2392 = ORIENTED_EDGE ( 'NONE', *, *, #2044, .T. ) ;
#2393 = CARTESIAN_POINT ( 'NONE',  ( -0.1000000000000000194, 0.5100000000000000089, -1.600000000000000089 ) ) ;
#2394 = EDGE_CURVE ( 'NONE', #2547, #1237, #1086, .T. ) ;
#2395 = ORIENTED_EDGE ( 'NONE', *, *, #1767, .F. ) ;
#2396 = PRESENTATION_STYLE_ASSIGNMENT (( #739 ) ) ;
#2397 = EDGE_CURVE ( 'NONE', #300, #868, #179, .T. ) ;
#2398 = LINE ( 'NONE', #2416, #2447 ) ;
#2399 = LINE ( 'NONE', #755, #1397 ) ;
#2400 = VECTOR ( 'NONE', #99, 1000.000000000000000 ) ;
#2401 = SURFACE_STYLE_USAGE ( .BOTH. , #1515 ) ;
#2402 = SURFACE_STYLE_USAGE ( .BOTH. , #2192 ) ;
#2403 = FILL_AREA_STYLE ('',( #1715 ) ) ;
#2404 = ORIENTED_EDGE ( 'NONE', *, *, #2162, .F. ) ;
#2405 = FACE_OUTER_BOUND ( 'NONE', #452, .T. ) ;
#2406 = MECHANICAL_DESIGN_GEOMETRIC_PRESENTATION_REPRESENTATION (  '', ( #2212 ), #2114 ) ;
#2407 = STYLED_ITEM ( 'NONE', ( #1412 ), #2824 ) ;
#2408 = VECTOR ( 'NONE', #960, 1000.000000000000000 ) ;
#2409 =( LENGTH_UNIT ( ) NAMED_UNIT ( * ) SI_UNIT ( .MILLI., .METRE. ) );
#2410 = SURFACE_SIDE_STYLE ('',( #2168 ) ) ;
#2411 = DIRECTION ( 'NONE',  ( -1.000000000000000000, -0.0000000000000000000, -0.0000000000000000000 ) ) ;
#2412 = ORIENTED_EDGE ( 'NONE', *, *, #2125, .F. ) ;
#2413 = SURFACE_STYLE_USAGE ( .BOTH. , #2637 ) ;
#2414 = AXIS2_PLACEMENT_3D ( 'NONE', #1477, #1256, #2169 ) ;
#2415 = EDGE_CURVE ( 'NONE', #251, #1323, #167, .T. ) ;
#2416 = CARTESIAN_POINT ( 'NONE',  ( 0.0000000000000000000, 0.0000000000000000000, 0.4749999999999999778 ) ) ;
#2417 = DIRECTION ( 'NONE',  ( 0.0000000000000000000, 0.0000000000000000000, 1.000000000000000000 ) ) ;
#2418 = LINE ( 'NONE', #2617, #1962 ) ;
#2419 = ORIENTED_EDGE ( 'NONE', *, *, #93, .T. ) ;
#2420 = DIRECTION ( 'NONE',  ( 1.000000000000000000, 0.0000000000000000000, -0.0000000000000000000 ) ) ;
#2421 = DIRECTION ( 'NONE',  ( 1.000000000000000000, 0.0000000000000000000, 0.0000000000000000000 ) ) ;
#2422 = SURFACE_STYLE_USAGE ( .BOTH. , #1508 ) ;
#2423 = FILL_AREA_STYLE_COLOUR ( '', #2550 ) ;
#2424 = ORIENTED_EDGE ( 'NONE', *, *, #793, .T. ) ;
#2425 = FACE_OUTER_BOUND ( 'NONE', #2802, .T. ) ;
#2426 = EDGE_CURVE ( 'NONE', #445, #2938, #2771, .T. ) ;
#2427 = ADVANCED_FACE ( 'NONE', ( #1784 ), #1101, .T. ) ;
#2428 = PRESENTATION_STYLE_ASSIGNMENT (( #1517 ) ) ;
#2429 = ORIENTED_EDGE ( 'NONE', *, *, #1951, .T. ) ;
#2430 = DIRECTION ( 'NONE',  ( 1.000000000000000000, 0.0000000000000000000, -0.0000000000000000000 ) ) ;
#2431 = VECTOR ( 'NONE', #1311, 1000.000000000000000 ) ;
#2432 = DIRECTION ( 'NONE',  ( 0.0000000000000000000, 1.000000000000000000, 0.0000000000000000000 ) ) ;
#2433 = CARTESIAN_POINT ( 'NONE',  ( 0.2500000000000000000, 0.0000000000000000000, 0.3250000000000000666 ) ) ;
#2434 = ORIENTED_EDGE ( 'NONE', *, *, #734, .T. ) ;
#2435 = VECTOR ( 'NONE', #380, 1000.000000000000000 ) ;
#2436 = DIRECTION ( 'NONE',  ( 0.0000000000000000000, 1.000000000000000000, 0.0000000000000000000 ) ) ;
#2437 = AXIS2_PLACEMENT_3D ( 'NONE', #607, #2206, #2669 ) ;
#2438 =( NAMED_UNIT ( * ) PLANE_ANGLE_UNIT ( ) SI_UNIT ( $, .RADIAN. ) );
#2439 =( GEOMETRIC_REPRESENTATION_CONTEXT ( 3 ) GLOBAL_UNCERTAINTY_ASSIGNED_CONTEXT ( ( #1900 ) ) GLOBAL_UNIT_ASSIGNED_CONTEXT ( ( #419, #938, #1618 ) ) REPRESENTATION_CONTEXT ( 'NONE', 'WORKASPACE' ) );
#2440 = SURFACE_STYLE_FILL_AREA ( #1527 ) ;
#2441 = COLOUR_RGB ( '',1.000000000000000000, 1.000000000000000000, 1.000000000000000000 ) ;
#2442 = COLOUR_RGB ( '',1.000000000000000000, 1.000000000000000000, 1.000000000000000000 ) ;
#2443 = LINE ( 'NONE', #1303, #325 ) ;
#2444 = ORIENTED_EDGE ( 'NONE', *, *, #1788, .T. ) ;
#2445 = FACE_OUTER_BOUND ( 'NONE', #143, .T. ) ;
#2446 = EDGE_CURVE ( 'NONE', #1235, #706, #1149, .T. ) ;
#2447 = VECTOR ( 'NONE', #1045, 1000.000000000000000 ) ;
#2448 = FILL_AREA_STYLE ('',( #133 ) ) ;
#2449 = PLANE ( 'NONE',  #2414 ) ;
#2450 = ORIENTED_EDGE ( 'NONE', *, *, #2632, .T. ) ;
#2451 = LINE ( 'NONE', #1310, #1157 ) ;
#2452 = FILL_AREA_STYLE_COLOUR ( '', #1905 ) ;
#2453 = CARTESIAN_POINT ( 'NONE',  ( 0.0000000000000000000, -0.01000000000000000021, -1.199999999999999956 ) ) ;
#2454 = PRESENTATION_LAYER_ASSIGNMENT (  '', '', ( #775 ) ) ;
#2455 = CIRCLE ( 'NONE', #2694, 0.2000000000000000944 ) ;
#2456 = DIRECTION ( 'NONE',  ( -0.0000000000000000000, 1.000000000000000000, 0.0000000000000000000 ) ) ;
#2457 = SURFACE_STYLE_USAGE ( .BOTH. , #2481 ) ;
#2458 = CIRCLE ( 'NONE', #1166, 0.1999999999999999833 ) ;
#2459 = PLANE ( 'NONE',  #1851 ) ;
#2460 = EDGE_LOOP ( 'NONE', ( #2060, #1169, #1371, #2043 ) ) ;
#2461 = DIRECTION ( 'NONE',  ( -0.0000000000000000000, 0.0000000000000000000, 1.000000000000000000 ) ) ;
#2462 = FACE_OUTER_BOUND ( 'NONE', #2373, .T. ) ;
#2463 = EDGE_CURVE ( 'NONE', #1176, #2622, #2110, .T. ) ;
#2464 = DIRECTION ( 'NONE',  ( 0.0000000000000000000, 0.0000000000000000000, 1.000000000000000000 ) ) ;
#2465 = EDGE_LOOP ( 'NONE', ( #2764, #862, #2878, #2392 ) ) ;
#2466 = DIRECTION ( 'NONE',  ( -0.0000000000000000000, -1.000000000000000000, -0.0000000000000000000 ) ) ;
#2467 = EDGE_CURVE ( 'NONE', #522, #1770, #927, .T. ) ;
#2468 = SURFACE_SIDE_STYLE ('',( #422 ) ) ;
#2469 =( NAMED_UNIT ( * ) SI_UNIT ( $, .STERADIAN. ) SOLID_ANGLE_UNIT ( ) );
#2470 = LINE ( 'NONE', #1134, #2016 ) ;
#2471 = LINE ( 'NONE', #2276, #2357 ) ;
#2472 = SURFACE_STYLE_FILL_AREA ( #851 ) ;
#2473 = DIRECTION ( 'NONE',  ( -1.000000000000000000, -0.0000000000000000000, -0.0000000000000000000 ) ) ;
#2474 = ORIENTED_EDGE ( 'NONE', *, *, #797, .T. ) ;
#2475 = EDGE_CURVE ( 'NONE', #1561, #1055, #14, .T. ) ;
#2476 = LINE ( 'NONE', #901, #488 ) ;
#2477 = EDGE_LOOP ( 'NONE', ( #1716, #16, #106, #1221 ) ) ;
#2478 = EDGE_CURVE ( 'NONE', #1996, #111, #500, .T. ) ;
#2479 = LINE ( 'NONE', #1780, #1540 ) ;
#2480 = MECHANICAL_DESIGN_GEOMETRIC_PRESENTATION_REPRESENTATION (  '', ( #1802 ), #1629 ) ;
#2481 = SURFACE_SIDE_STYLE ('',( #2440 ) ) ;
#2482 = ORIENTED_EDGE ( 'NONE', *, *, #2095, .F. ) ;
#2483 = COLOUR_RGB ( '',1.000000000000000000, 1.000000000000000000, 1.000000000000000000 ) ;
#2484 = DIRECTION ( 'NONE',  ( 0.0000000000000000000, -0.0000000000000000000, 1.000000000000000000 ) ) ;
#2485 = PRESENTATION_STYLE_ASSIGNMENT (( #2413 ) ) ;
#2486 = STYLED_ITEM ( 'NONE', ( #2909 ), #835 ) ;
#2487 =( GEOMETRIC_REPRESENTATION_CONTEXT ( 3 ) GLOBAL_UNCERTAINTY_ASSIGNED_CONTEXT ( ( #2387 ) ) GLOBAL_UNIT_ASSIGNED_CONTEXT ( ( #560, #802, #738 ) ) REPRESENTATION_CONTEXT ( 'NONE', 'WORKASPACE' ) );
#2488 = VERTEX_POINT ( 'NONE', #2065 ) ;
#2489 = CARTESIAN_POINT ( 'NONE',  ( 0.1499999999999999944, 0.5000000000000000000, 0.0000000000000000000 ) ) ;
#2490 = VERTEX_POINT ( 'NONE', #907 ) ;
#2491 = STYLED_ITEM ( 'NONE', ( #81 ), #2364 ) ;
#2492 = SHAPE_DEFINITION_REPRESENTATION ( #2184, #1147 ) ;
#2493 = COLOUR_RGB ( '',1.000000000000000000, 1.000000000000000000, 1.000000000000000000 ) ;
#2494 = CARTESIAN_POINT ( 'NONE',  ( -0.5000000000000000000, -0.01000000000000000021, 0.0000000000000000000 ) ) ;
#2495 = ORIENTED_EDGE ( 'NONE', *, *, #1189, .T. ) ;
#2496 = VECTOR ( 'NONE', #1017, 1000.000000000000000 ) ;
#2497 = DIRECTION ( 'NONE',  ( -0.0000000000000000000, 0.0000000000000000000, -1.000000000000000000 ) ) ;
#2498 = CARTESIAN_POINT ( 'NONE',  ( 0.0000000000000000000, 0.5100000000000000089, 0.0000000000000000000 ) ) ;
#2499 =( NAMED_UNIT ( * ) SI_UNIT ( $, .STERADIAN. ) SOLID_ANGLE_UNIT ( ) );
#2500 =( GEOMETRIC_REPRESENTATION_CONTEXT ( 3 ) GLOBAL_UNCERTAINTY_ASSIGNED_CONTEXT ( ( #605 ) ) GLOBAL_UNIT_ASSIGNED_CONTEXT ( ( #2608, #786, #2326 ) ) REPRESENTATION_CONTEXT ( 'NONE', 'WORKASPACE' ) );
#2501 = ORIENTED_EDGE ( 'NONE', *, *, #880, .T. ) ;
#2502 = CARTESIAN_POINT ( 'NONE',  ( -0.2500000000000000000, 0.0000000000000000000, -1.600000000000000089 ) ) ;
#2503 = ORIENTED_EDGE ( 'NONE', *, *, #387, .T. ) ;
#2504 = EDGE_CURVE ( 'NONE', #2089, #1323, #2094, .T. ) ;
#2505 = VERTEX_POINT ( 'NONE', #1869 ) ;
#2506 = PLANE ( 'NONE',  #104 ) ;
#2507 = EDGE_LOOP ( 'NONE', ( #1633, #443, #2337, #483, #731, #1358, #2424, #221, #916, #2718, #1081, #910, #1190 ) ) ;
#2508 = SURFACE_STYLE_USAGE ( .BOTH. , #2062 ) ;
#2509 = CARTESIAN_POINT ( 'NONE',  ( 0.4749999999999999778, 0.5000000000000000000, -1.000000000000000000 ) ) ;
#2510 = CARTESIAN_POINT ( 'NONE',  ( 0.09999999999999999167, 0.0000000000000000000, -1.600000000000000089 ) ) ;
#2511 = ADVANCED_FACE ( 'NONE', ( #1826 ), #30, .T. ) ;
#2512 = ORIENTED_EDGE ( 'NONE', *, *, #481, .F. ) ;
#2513 = CARTESIAN_POINT ( 'NONE',  ( 0.5000000000000000000, -0.01000000000000000021, -1.199999999999999956 ) ) ;
#2514 = FILL_AREA_STYLE_COLOUR ( '', #2598 ) ;
#2515 = PLANE ( 'NONE',  #2962 ) ;
#2516 = ADVANCED_FACE ( 'NONE', ( #1887 ), #450, .T. ) ;
#2517 = VERTEX_POINT ( 'NONE', #2840 ) ;
#2518 = CARTESIAN_POINT ( 'NONE',  ( 0.5000000000000000000, 0.0000000000000000000, -1.199999999999999956 ) ) ;
#2519 = ORIENTED_EDGE ( 'NONE', *, *, #78, .T. ) ;
#2520 = ORIENTED_EDGE ( 'NONE', *, *, #2310, .T. ) ;
#2521 = SURFACE_STYLE_USAGE ( .BOTH. , #952 ) ;
#2522 = DIRECTION ( 'NONE',  ( -0.0000000000000000000, -1.000000000000000000, -0.0000000000000000000 ) ) ;
#2523 = DIRECTION ( 'NONE',  ( -1.000000000000000000, -0.0000000000000000000, 0.0000000000000000000 ) ) ;
#2524 =( GEOMETRIC_REPRESENTATION_CONTEXT ( 3 ) GLOBAL_UNCERTAINTY_ASSIGNED_CONTEXT ( ( #905 ) ) GLOBAL_UNIT_ASSIGNED_CONTEXT ( ( #1593, #213, #489 ) ) REPRESENTATION_CONTEXT ( 'NONE', 'WORKASPACE' ) );
#2525 = FILL_AREA_STYLE ('',( #1382 ) ) ;
#2526 = VERTEX_POINT ( 'NONE', #2127 ) ;
#2527 = CARTESIAN_POINT ( 'NONE',  ( 0.1499999999999999944, 0.5000000000000000000, 1.000000000000000000 ) ) ;
#2528 = LINE ( 'NONE', #1218, #482 ) ;
#2529 = CARTESIAN_POINT ( 'NONE',  ( 0.2500000000000000000, -0.01000000000000000021, 0.0000000000000000000 ) ) ;
#2530 = PRESENTATION_LAYER_ASSIGNMENT (  '', '', ( #853 ) ) ;
#2531 = LINE ( 'NONE', #1626, #2077 ) ;
#2532 = ORIENTED_EDGE ( 'NONE', *, *, #474, .F. ) ;
#2533 = DIRECTION ( 'NONE',  ( 1.000000000000000000, 0.0000000000000000000, 0.0000000000000000000 ) ) ;
#2534 = ORIENTED_EDGE ( 'NONE', *, *, #2120, .T. ) ;
#2535 = EDGE_CURVE ( 'NONE', #2921, #214, #771, .T. ) ;
#2536 = COLOUR_RGB ( '',1.000000000000000000, 1.000000000000000000, 1.000000000000000000 ) ;
#2537 = VECTOR ( 'NONE', #170, 1000.000000000000000 ) ;
#2538 =( NAMED_UNIT ( * ) SI_UNIT ( $, .STERADIAN. ) SOLID_ANGLE_UNIT ( ) );
#2539 = ORIENTED_EDGE ( 'NONE', *, *, #2615, .F. ) ;
#2540 = PRESENTATION_STYLE_ASSIGNMENT (( #2521 ) ) ;
#2541 = CARTESIAN_POINT ( 'NONE',  ( 0.5000000000000000000, 0.5000000000000000000, 1.600000000000000089 ) ) ;
#2542 = AXIS2_PLACEMENT_3D ( 'NONE', #2240, #832, #2902 ) ;
#2543 = PRESENTATION_LAYER_ASSIGNMENT (  '', '', ( #1589 ) ) ;
#2544 = STYLED_ITEM ( 'NONE', ( #2944 ), #646 ) ;
#2545 = SURFACE_STYLE_FILL_AREA ( #2798 ) ;
#2546 =( NAMED_UNIT ( * ) PLANE_ANGLE_UNIT ( ) SI_UNIT ( $, .RADIAN. ) );
#2547 = VERTEX_POINT ( 'NONE', #2640 ) ;
#2548 = DIRECTION ( 'NONE',  ( 0.0000000000000000000, 0.0000000000000000000, 1.000000000000000000 ) ) ;
#2549 = DIRECTION ( 'NONE',  ( 0.0000000000000000000, 0.0000000000000000000, -1.000000000000000000 ) ) ;
#2550 = COLOUR_RGB ( '',1.000000000000000000, 1.000000000000000000, 1.000000000000000000 ) ;
#2551 = DIRECTION ( 'NONE',  ( 0.0000000000000000000, 0.0000000000000000000, 1.000000000000000000 ) ) ;
#2552 = ORIENTED_EDGE ( 'NONE', *, *, #236, .F. ) ;
#2553 = CARTESIAN_POINT ( 'NONE',  ( 0.1000000000000000333, 0.0000000000000000000, 1.600000000000000089 ) ) ;
#2554 = VERTEX_POINT ( 'NONE', #987 ) ;
#2555 = ADVANCED_FACE ( 'NONE', ( #2359 ), #1001, .T. ) ;
#2556 = VECTOR ( 'NONE', #2299, 1000.000000000000000 ) ;
#2557 = LINE ( 'NONE', #1447, #1305 ) ;
#2558 = EDGE_LOOP ( 'NONE', ( #2385, #2774, #2091, #1360, #2609, #414 ) ) ;
#2559 =( NAMED_UNIT ( * ) SI_UNIT ( $, .STERADIAN. ) SOLID_ANGLE_UNIT ( ) );
#2560 = UNCERTAINTY_MEASURE_WITH_UNIT (LENGTH_MEASURE( 1.000000000000000082E-05 ), #1075, 'distance_accuracy_value', 'NONE');
#2561 = DIRECTION ( 'NONE',  ( -1.000000000000000000, 0.0000000000000000000, -0.0000000000000000000 ) ) ;
#2562 = VECTOR ( 'NONE', #1036, 1000.000000000000000 ) ;
#2563 = EDGE_CURVE ( 'NONE', #2229, #1661, #619, .T. ) ;
#2564 = PLANE ( 'NONE',  #51 ) ;
#2565 = CARTESIAN_POINT ( 'NONE',  ( 0.0000000000000000000, -0.01000000000000000021, 0.0000000000000000000 ) ) ;
#2566 = VERTEX_POINT ( 'NONE', #293 ) ;
#2567 = CYLINDRICAL_SURFACE ( 'NONE', #374, 0.1999999999999999833 ) ;
#2568 = ORIENTED_EDGE ( 'NONE', *, *, #1607, .T. ) ;
#2569 = LINE ( 'NONE', #798, #857 ) ;
#2570 = CARTESIAN_POINT ( 'NONE',  ( 0.09999999999999999167, 0.0000000000000000000, -1.600000000000000089 ) ) ;
#2571 = ORIENTED_EDGE ( 'NONE', *, *, #2310, .F. ) ;
#2572 = EDGE_CURVE ( 'NONE', #58, #601, #790, .T. ) ;
#2573 = LINE ( 'NONE', #550, #282 ) ;
#2574 = EDGE_CURVE ( 'NONE', #2327, #2382, #1499, .T. ) ;
#2575 = COLOUR_RGB ( '',1.000000000000000000, 1.000000000000000000, 1.000000000000000000 ) ;
#2576 = PLANE ( 'NONE',  #1807 ) ;
#2577 = CARTESIAN_POINT ( 'NONE',  ( 0.2500000000000000000, 0.0000000000000000000, -0.3250000000000000666 ) ) ;
#2578 = PLANE ( 'NONE',  #535 ) ;
#2579 = FILL_AREA_STYLE ('',( #1388 ) ) ;
#2580 = ORIENTED_EDGE ( 'NONE', *, *, #2682, .T. ) ;
#2581 = LINE ( 'NONE', #1878, #1008 ) ;
#2582 = ORIENTED_EDGE ( 'NONE', *, *, #1546, .F. ) ;
#2583 = MECHANICAL_DESIGN_GEOMETRIC_PRESENTATION_REPRESENTATION (  '', ( #853 ), #327 ) ;
#2584 = DIRECTION ( 'NONE',  ( -1.000000000000000000, 0.0000000000000000000, 0.0000000000000000000 ) ) ;
#2585 = DIRECTION ( 'NONE',  ( 0.0000000000000000000, 1.000000000000000000, 0.0000000000000000000 ) ) ;
#2586 = ORIENTED_EDGE ( 'NONE', *, *, #2270, .F. ) ;
#2587 = VECTOR ( 'NONE', #2421, 1000.000000000000000 ) ;
#2588 = FACE_OUTER_BOUND ( 'NONE', #2836, .T. ) ;
#2589 = AXIS2_PLACEMENT_3D ( 'NONE', #473, #730, #2303 ) ;
#2590 = UNCERTAINTY_MEASURE_WITH_UNIT (LENGTH_MEASURE( 1.000000000000000082E-05 ), #1753, 'distance_accuracy_value', 'NONE');
#2591 = COLOUR_RGB ( '',1.000000000000000000, 1.000000000000000000, 1.000000000000000000 ) ;
#2592 = LINE ( 'NONE', #1481, #2112 ) ;
#2593 = STYLED_ITEM ( 'NONE', ( #594 ), #2755 ) ;
#2594 = EDGE_CURVE ( 'NONE', #737, #300, #2592, .T. ) ;
#2595 = CARTESIAN_POINT ( 'NONE',  ( -0.5000000000000000000, 0.5000000000000000000, -1.600000000000000089 ) ) ;
#2596 = CARTESIAN_POINT ( 'NONE',  ( 0.5000000000000000000, 0.5000000000000000000, 1.600000000000000089 ) ) ;
#2597 = SURFACE_SIDE_STYLE ('',( #503 ) ) ;
#2598 = COLOUR_RGB ( '',1.000000000000000000, 1.000000000000000000, 1.000000000000000000 ) ;
#2599 = PRESENTATION_LAYER_ASSIGNMENT (  '', '', ( #1210 ) ) ;
#2600 =( NAMED_UNIT ( * ) SI_UNIT ( $, .STERADIAN. ) SOLID_ANGLE_UNIT ( ) );
#2601 = ORIENTED_EDGE ( 'NONE', *, *, #772, .F. ) ;
#2602 = DIRECTION ( 'NONE',  ( 0.0000000000000000000, 1.000000000000000000, 0.0000000000000000000 ) ) ;
#2603 = ORIENTED_EDGE ( 'NONE', *, *, #2304, .F. ) ;
#2604 = VECTOR ( 'NONE', #1774, 1000.000000000000000 ) ;
#2605 = EDGE_CURVE ( 'NONE', #627, #1346, #2398, .T. ) ;
#2606 = COLOUR_RGB ( '',1.000000000000000000, 1.000000000000000000, 1.000000000000000000 ) ;
#2607 = SURFACE_STYLE_USAGE ( .BOTH. , #2410 ) ;
#2608 =( LENGTH_UNIT ( ) NAMED_UNIT ( * ) SI_UNIT ( .MILLI., .METRE. ) );
#2609 = ORIENTED_EDGE ( 'NONE', *, *, #2932, .F. ) ;
#2610 = DIRECTION ( 'NONE',  ( -1.000000000000000000, -0.0000000000000000000, -0.0000000000000000000 ) ) ;
#2611 =( NAMED_UNIT ( * ) PLANE_ANGLE_UNIT ( ) SI_UNIT ( $, .RADIAN. ) );
#2612 = CARTESIAN_POINT ( 'NONE',  ( -0.5000000000000000000, 0.5000000000000000000, 1.350000000000000089 ) ) ;
#2613 = SURFACE_STYLE_USAGE ( .BOTH. , #1701 ) ;
#2614 = DIRECTION ( 'NONE',  ( 0.0000000000000000000, 0.0000000000000000000, 1.000000000000000000 ) ) ;
#2615 = EDGE_CURVE ( 'NONE', #195, #2490, #335, .T. ) ;
#2616 = DIRECTION ( 'NONE',  ( -1.000000000000000000, -0.0000000000000000000, -0.0000000000000000000 ) ) ;
#2617 = CARTESIAN_POINT ( 'NONE',  ( -0.1000000000000000056, -0.01000000000000000021, 0.0000000000000000000 ) ) ;
#2618 = EDGE_LOOP ( 'NONE', ( #1137, #1518, #2412, #761 ) ) ;
#2619 = DIRECTION ( 'NONE',  ( 1.000000000000000000, 0.0000000000000000000, 0.0000000000000000000 ) ) ;
#2620 = ORIENTED_EDGE ( 'NONE', *, *, #1410, .F. ) ;
#2621 =( LENGTH_UNIT ( ) NAMED_UNIT ( * ) SI_UNIT ( .MILLI., .METRE. ) );
#2622 = VERTEX_POINT ( 'NONE', #109 ) ;
#2623 = CARTESIAN_POINT ( 'NONE',  ( 0.0000000000000000000, 0.0000000000000000000, 0.7500000000000000000 ) ) ;
#2624 = CARTESIAN_POINT ( 'NONE',  ( 0.0000000000000000000, 0.5100000000000000089, 0.0000000000000000000 ) ) ;
#2625 = DIRECTION ( 'NONE',  ( 0.0000000000000000000, 1.000000000000000000, 0.0000000000000000000 ) ) ;
#2626 =( NAMED_UNIT ( * ) PLANE_ANGLE_UNIT ( ) SI_UNIT ( $, .RADIAN. ) );
#2627 = PRESENTATION_LAYER_ASSIGNMENT (  '', '', ( #1766 ) ) ;
#2628 = PLANE ( 'NONE',  #2858 ) ;
#2629 = ORIENTED_EDGE ( 'NONE', *, *, #1597, .T. ) ;
#2630 = DIRECTION ( 'NONE',  ( 0.0000000000000000000, 0.0000000000000000000, 1.000000000000000000 ) ) ;
#2631 =( GEOMETRIC_REPRESENTATION_CONTEXT ( 3 ) GLOBAL_UNCERTAINTY_ASSIGNED_CONTEXT ( ( #2049 ) ) GLOBAL_UNIT_ASSIGNED_CONTEXT ( ( #423, #1768, #2710 ) ) REPRESENTATION_CONTEXT ( 'NONE', 'WORKASPACE' ) );
#2632 = EDGE_CURVE ( 'NONE', #366, #1118, #822, .T. ) ;
#2633 = LINE ( 'NONE', #2122, #1821 ) ;
#2634 = CARTESIAN_POINT ( 'NONE',  ( -0.1000000000000000056, 0.0000000000000000000, -0.3250000000000000666 ) ) ;
#2635 = ORIENTED_EDGE ( 'NONE', *, *, #1993, .F. ) ;
#2636 = VECTOR ( 'NONE', #1380, 1000.000000000000000 ) ;
#2637 = SURFACE_SIDE_STYLE ('',( #672 ) ) ;
#2638 = CARTESIAN_POINT ( 'NONE',  ( -0.2500000000000000000, 0.0000000000000000000, 0.7500000000000000000 ) ) ;
#2639 = STYLED_ITEM ( 'NONE', ( #2953 ), #1838 ) ;
#2640 = CARTESIAN_POINT ( 'NONE',  ( -0.2500000000000000000, -0.01000000000000000021, 0.7500000000000000000 ) ) ;
#2641 = PLANE ( 'NONE',  #2936 ) ;
#2642 = DIRECTION ( 'NONE',  ( 0.0000000000000000000, -1.000000000000000000, 0.0000000000000000000 ) ) ;
#2643 = VERTEX_POINT ( 'NONE', #515 ) ;
#2644 = CARTESIAN_POINT ( 'NONE',  ( -0.1000000000000000056, -0.01000000000000000021, 1.199999999999999956 ) ) ;
#2645 =( GEOMETRIC_REPRESENTATION_CONTEXT ( 3 ) GLOBAL_UNCERTAINTY_ASSIGNED_CONTEXT ( ( #1808 ) ) GLOBAL_UNIT_ASSIGNED_CONTEXT ( ( #1501, #776, #1938 ) ) REPRESENTATION_CONTEXT ( 'NONE', 'WORKASPACE' ) );
#2646 = SURFACE_STYLE_USAGE ( .BOTH. , #625 ) ;
#2647 = SURFACE_STYLE_FILL_AREA ( #1522 ) ;
#2648 = VERTEX_POINT ( 'NONE', #537 ) ;
#2649 = ADVANCED_FACE ( 'NONE', ( #351 ), #1453, .F. ) ;
#2650 = SURFACE_STYLE_USAGE ( .BOTH. , #1991 ) ;
#2651 = ADVANCED_FACE ( 'NONE', ( #420 ), #1566, .T. ) ;
#2652 = CIRCLE ( 'NONE', #1881, 0.2000000000000000944 ) ;
#2653 = EDGE_CURVE ( 'NONE', #1187, #746, #165, .T. ) ;
#2654 = SURFACE_STYLE_USAGE ( .BOTH. , #2202 ) ;
#2655 = UNCERTAINTY_MEASURE_WITH_UNIT (LENGTH_MEASURE( 1.000000000000000082E-05 ), #2896, 'distance_accuracy_value', 'NONE');
#2656 = VERTEX_POINT ( 'NONE', #1074 ) ;
#2657 = FACE_OUTER_BOUND ( 'NONE', #2716, .T. ) ;
#2658 = DIRECTION ( 'NONE',  ( -0.0000000000000000000, 0.0000000000000000000, 1.000000000000000000 ) ) ;
#2659 = EDGE_CURVE ( 'NONE', #2665, #72, #1779, .T. ) ;
#2660 = ORIENTED_EDGE ( 'NONE', *, *, #163, .F. ) ;
#2661 = CARTESIAN_POINT ( 'NONE',  ( 0.0000000000000000000, -0.01000000000000000021, 1.199999999999999956 ) ) ;
#2662 = LINE ( 'NONE', #345, #1772 ) ;
#2663 = DIRECTION ( 'NONE',  ( 0.0000000000000000000, -0.0000000000000000000, 1.000000000000000000 ) ) ;
#2664 = FILL_AREA_STYLE_COLOUR ( '', #677 ) ;
#2665 = VERTEX_POINT ( 'NONE', #1115 ) ;
#2666 =( NAMED_UNIT ( * ) SI_UNIT ( $, .STERADIAN. ) SOLID_ANGLE_UNIT ( ) );
#2667 = EDGE_CURVE ( 'NONE', #1818, #1949, #2479, .T. ) ;
#2668 = DIRECTION ( 'NONE',  ( 1.000000000000000000, 0.0000000000000000000, -0.0000000000000000000 ) ) ;
#2669 = DIRECTION ( 'NONE',  ( 0.0000000000000000000, 0.0000000000000000000, 1.000000000000000000 ) ) ;
#2670 = CARTESIAN_POINT ( 'NONE',  ( -0.1000000000000000056, 0.0000000000000000000, -0.5999999999999999778 ) ) ;
#2671 = CARTESIAN_POINT ( 'NONE',  ( -0.1000000000000000056, 0.0000000000000000000, 1.199999999999999956 ) ) ;
#2672 = AXIS2_PLACEMENT_3D ( 'NONE', #321, #79, #1917 ) ;
#2673 = CARTESIAN_POINT ( 'NONE',  ( 0.1000000000000000056, -0.01000000000000000021, 0.4749999999999999223 ) ) ;
#2674 = CARTESIAN_POINT ( 'NONE',  ( -0.1499999999999999667, 0.5000000000000000000, -1.406350832689814645 ) ) ;
#2675 = CARTESIAN_POINT ( 'NONE',  ( 0.1000000000000000056, 0.0000000000000000000, 0.0000000000000000000 ) ) ;
#2676 = ORIENTED_EDGE ( 'NONE', *, *, #1631, .T. ) ;
#2677 = PRODUCT_CONTEXT ( 'NONE', #1129, 'mechanical' ) ;
#2678 = CARTESIAN_POINT ( 'NONE',  ( 0.5000000000000000000, -0.01000000000000000021, 0.0000000000000000000 ) ) ;
#2679 = UNCERTAINTY_MEASURE_WITH_UNIT (LENGTH_MEASURE( 1.000000000000000082E-05 ), #1686, 'distance_accuracy_value', 'NONE');
#2680 =( GEOMETRIC_REPRESENTATION_CONTEXT ( 3 ) GLOBAL_UNCERTAINTY_ASSIGNED_CONTEXT ( ( #2560 ) ) GLOBAL_UNIT_ASSIGNED_CONTEXT ( ( #1075, #1798, #2269 ) ) REPRESENTATION_CONTEXT ( 'NONE', 'WORKASPACE' ) );
#2681 = UNCERTAINTY_MEASURE_WITH_UNIT (LENGTH_MEASURE( 1.000000000000000082E-05 ), #1469, 'distance_accuracy_value', 'NONE');
#2682 = EDGE_CURVE ( 'NONE', #2938, #1661, #844, .T. ) ;
#2683 = COLOUR_RGB ( '',1.000000000000000000, 1.000000000000000000, 1.000000000000000000 ) ;
#2684 = CARTESIAN_POINT ( 'NONE',  ( -0.1499999999999999944, 0.5100000000000000089, 1.406350832690000052 ) ) ;
#2685 = LINE ( 'NONE', #686, #860 ) ;
#2686 = VECTOR ( 'NONE', #1711, 1000.000000000000000 ) ;
#2687 = CARTESIAN_POINT ( 'NONE',  ( 0.3000000000000000444, 0.5000000000000000000, -1.000000000000000000 ) ) ;
#2688 = CARTESIAN_POINT ( 'NONE',  ( -0.1000000000000000056, -0.01000000000000000021, -0.4749999999999999778 ) ) ;
#2689 = ORIENTED_EDGE ( 'NONE', *, *, #283, .F. ) ;
#2690 = DIRECTION ( 'NONE',  ( -0.0000000000000000000, 0.0000000000000000000, 1.000000000000000000 ) ) ;
#2691 = DIRECTION ( 'NONE',  ( 0.0000000000000000000, 1.000000000000000000, 0.0000000000000000000 ) ) ;
#2692 = DIRECTION ( 'NONE',  ( -1.000000000000000000, -0.0000000000000000000, -0.0000000000000000000 ) ) ;
#2693 =( GEOMETRIC_REPRESENTATION_CONTEXT ( 3 ) GLOBAL_UNCERTAINTY_ASSIGNED_CONTEXT ( ( #307 ) ) GLOBAL_UNIT_ASSIGNED_CONTEXT ( ( #444, #172, #675 ) ) REPRESENTATION_CONTEXT ( 'NONE', 'WORKASPACE' ) );
#2694 = AXIS2_PLACEMENT_3D ( 'NONE', #1819, #1795, #2763 ) ;
#2695 = PRESENTATION_STYLE_ASSIGNMENT (( #323 ) ) ;
#2696 =( LENGTH_UNIT ( ) NAMED_UNIT ( * ) SI_UNIT ( .MILLI., .METRE. ) );
#2697 = VECTOR ( 'NONE', #2699, 1000.000000000000000 ) ;
#2698 = DIRECTION ( 'NONE',  ( 0.0000000000000000000, 1.000000000000000000, 0.0000000000000000000 ) ) ;
#2699 = DIRECTION ( 'NONE',  ( 0.0000000000000000000, 1.000000000000000000, 0.0000000000000000000 ) ) ;
#2700 = CARTESIAN_POINT ( 'NONE',  ( 0.1000000000000000056, 0.0000000000000000000, 0.4749999999999999223 ) ) ;
#2701 = DIRECTION ( 'NONE',  ( 0.0000000000000000000, 0.0000000000000000000, -1.000000000000000000 ) ) ;
#2702 = DIRECTION ( 'NONE',  ( -0.0000000000000000000, 0.0000000000000000000, 1.000000000000000000 ) ) ;
#2703 = LINE ( 'NONE', #2964, #1831 ) ;
#2704 = ORIENTED_EDGE ( 'NONE', *, *, #2769, .T. ) ;
#2705 = EDGE_CURVE ( 'NONE', #556, #2245, #2214, .T. ) ;
#2706 = CARTESIAN_POINT ( 'NONE',  ( -0.3000000000000000444, 0.5000000000000000000, 1.000000000000000000 ) ) ;
#2707 = CARTESIAN_POINT ( 'NONE',  ( -0.1499999999999999944, 0.5000000000000000000, 1.000000000000000000 ) ) ;
#2708 = VERTEX_POINT ( 'NONE', #603 ) ;
#2709 = SURFACE_STYLE_FILL_AREA ( #632 ) ;
#2710 =( NAMED_UNIT ( * ) SI_UNIT ( $, .STERADIAN. ) SOLID_ANGLE_UNIT ( ) );
#2711 = ORIENTED_EDGE ( 'NONE', *, *, #1497, .F. ) ;
#2712 = CARTESIAN_POINT ( 'NONE',  ( 0.1500000000000000222, 0.5000000000000000000, -1.000000000000000000 ) ) ;
#2713 = CARTESIAN_POINT ( 'NONE',  ( -0.1000000000000000056, -0.01000000000000000021, 0.3250000000000000666 ) ) ;
#2714 = ORIENTED_EDGE ( 'NONE', *, *, #2721, .T. ) ;
#2715 = LINE ( 'NONE', #1600, #294 ) ;
#2716 = EDGE_LOOP ( 'NONE', ( #1735, #921, #1854, #348, #1630, #177, #1959 ) ) ;
#2717 = SURFACE_STYLE_USAGE ( .BOTH. , #2751 ) ;
#2718 = ORIENTED_EDGE ( 'NONE', *, *, #2270, .T. ) ;
#2719 = VECTOR ( 'NONE', #1984, 1000.000000000000000 ) ;
#2720 = MECHANICAL_DESIGN_GEOMETRIC_PRESENTATION_REPRESENTATION (  '', ( #2005 ), #1048 ) ;
#2721 = EDGE_CURVE ( 'NONE', #2099, #2708, #2234, .T. ) ;
#2722 = PRESENTATION_STYLE_ASSIGNMENT (( #199 ) ) ;
#2723 = EDGE_LOOP ( 'NONE', ( #1162, #1264, #1812, #424 ) ) ;
#2724 = AXIS2_PLACEMENT_3D ( 'NONE', #288, #318, #306 ) ;
#2725 = CARTESIAN_POINT ( 'NONE',  ( -0.1000000000000000056, 0.0000000000000000000, 0.2000000000000000111 ) ) ;
#2726 = DIRECTION ( 'NONE',  ( -0.0000000000000000000, 0.0000000000000000000, 1.000000000000000000 ) ) ;
#2727 = FILL_AREA_STYLE_COLOUR ( '', #2683 ) ;
#2728 = VECTOR ( 'NONE', #394, 1000.000000000000000 ) ;
#2729 = VECTOR ( 'NONE', #471, 1000.000000000000000 ) ;
#2730 = ORIENTED_EDGE ( 'NONE', *, *, #696, .F. ) ;
#2731 = DIRECTION ( 'NONE',  ( 1.000000000000000000, 0.0000000000000000000, -0.0000000000000000000 ) ) ;
#2732 = VECTOR ( 'NONE', #1926, 1000.000000000000000 ) ;
#2733 = ORIENTED_EDGE ( 'NONE', *, *, #1203, .T. ) ;
#2734 = VECTOR ( 'NONE', #747, 1000.000000000000000 ) ;
#2735 = CARTESIAN_POINT ( 'NONE',  ( -0.2500000000000000000, -0.01000000000000001235, 1.600000000000000089 ) ) ;
#2736 = STYLED_ITEM ( 'NONE', ( #1725 ), #753 ) ;
#2737 = VECTOR ( 'NONE', #587, 1000.000000000000000 ) ;
#2738 = EDGE_CURVE ( 'NONE', #76, #2366, #137, .T. ) ;
#2739 = LINE ( 'NONE', #2267, #663 ) ;
#2740 =( LENGTH_UNIT ( ) NAMED_UNIT ( * ) SI_UNIT ( .MILLI., .METRE. ) );
#2741 = UNCERTAINTY_MEASURE_WITH_UNIT (LENGTH_MEASURE( 1.000000000000000082E-05 ), #2096, 'distance_accuracy_value', 'NONE');
#2742 = EDGE_CURVE ( 'NONE', #1192, #70, #376, .T. ) ;
#2743 = PRESENTATION_LAYER_ASSIGNMENT (  '', '', ( #2370 ) ) ;
#2744 = SURFACE_SIDE_STYLE ('',( #516 ) ) ;
#2745 = EDGE_LOOP ( 'NONE', ( #2750, #279, #2660, #1906 ) ) ;
#2746 = LINE ( 'NONE', #227, #1165 ) ;
#2747 = LINE ( 'NONE', #229, #1056 ) ;
#2748 = ORIENTED_EDGE ( 'NONE', *, *, #2535, .F. ) ;
#2749 = CARTESIAN_POINT ( 'NONE',  ( 0.1000000000000000056, -0.01000000000000000021, -0.4749999999999999778 ) ) ;
#2750 = ORIENTED_EDGE ( 'NONE', *, *, #13, .T. ) ;
#2751 = SURFACE_SIDE_STYLE ('',( #1375 ) ) ;
#2752 = ORIENTED_EDGE ( 'NONE', *, *, #2788, .F. ) ;
#2753 = SURFACE_SIDE_STYLE ('',( #1957 ) ) ;
#2754 = CARTESIAN_POINT ( 'NONE',  ( 0.1499999999999999944, 0.5000000000000000000, -1.406350832690000052 ) ) ;
#2755 = ADVANCED_FACE ( 'NONE', ( #2425 ), #1299, .T. ) ;
#2756 = DIRECTION ( 'NONE',  ( -1.000000000000000000, 0.0000000000000000000, -0.0000000000000000000 ) ) ;
#2757 = EDGE_LOOP ( 'NONE', ( #1879, #692, #2846, #495 ) ) ;
#2758 = LINE ( 'NONE', #2527, #782 ) ;
#2759 = LINE ( 'NONE', #2529, #2309 ) ;
#2760 = PLANE ( 'NONE',  #2030 ) ;
#2761 = ORIENTED_EDGE ( 'NONE', *, *, #1752, .F. ) ;
#2762 = ORIENTED_EDGE ( 'NONE', *, *, #2002, .T. ) ;
#2763 = DIRECTION ( 'NONE',  ( 0.0000000000000000000, 0.0000000000000000000, 1.000000000000000000 ) ) ;
#2764 = ORIENTED_EDGE ( 'NONE', *, *, #1228, .T. ) ;
#2765 = UNCERTAINTY_MEASURE_WITH_UNIT (LENGTH_MEASURE( 1.000000000000000082E-05 ), #1146, 'distance_accuracy_value', 'NONE');
#2766 =( NAMED_UNIT ( * ) PLANE_ANGLE_UNIT ( ) SI_UNIT ( $, .RADIAN. ) );
#2767 = ORIENTED_EDGE ( 'NONE', *, *, #1018, .T. ) ;
#2768 = SURFACE_SIDE_STYLE ('',( #470 ) ) ;
#2769 = EDGE_CURVE ( 'NONE', #386, #1996, #1850, .T. ) ;
#2770 = LINE ( 'NONE', #1669, #1536 ) ;
#2771 = CIRCLE ( 'NONE', #1194, 0.2000000000000000944 ) ;
#2772 = CARTESIAN_POINT ( 'NONE',  ( 0.2500000000000000000, 0.5100000000000000089, -1.600000000000000089 ) ) ;
#2773 = ORIENTED_EDGE ( 'NONE', *, *, #900, .F. ) ;
#2774 = ORIENTED_EDGE ( 'NONE', *, *, #1555, .T. ) ;
#2775 = VECTOR ( 'NONE', #493, 1000.000000000000000 ) ;
#2776 = AXIS2_PLACEMENT_3D ( 'NONE', #2901, #2053, #1576 ) ;
#2777 = FACE_OUTER_BOUND ( 'NONE', #1837, .T. ) ;
#2778 = ORIENTED_EDGE ( 'NONE', *, *, #2615, .T. ) ;
#2779 = ADVANCED_FACE ( 'NONE', ( #1362 ), #694, .T. ) ;
#2780 = DIRECTION ( 'NONE',  ( 1.000000000000000000, 0.0000000000000000000, -0.0000000000000000000 ) ) ;
#2781 = PRESENTATION_LAYER_ASSIGNMENT (  '', '', ( #1825 ) ) ;
#2782 = CARTESIAN_POINT ( 'NONE',  ( -0.1000000000000000056, 0.0000000000000000000, 1.199999999999999956 ) ) ;
#2783 = CARTESIAN_POINT ( 'NONE',  ( 0.0000000000000000000, -0.01000000000000000021, 0.0000000000000000000 ) ) ;
#2784 = FILL_AREA_STYLE ('',( #275 ) ) ;
#2785 = CARTESIAN_POINT ( 'NONE',  ( -0.4749999999999999778, 0.5000000000000000000, -1.000000000000000000 ) ) ;
#2786 = AXIS2_PLACEMENT_3D ( 'NONE', #2146, #1673, #949 ) ;
#2787 = LINE ( 'NONE', #69, #783 ) ;
#2788 = EDGE_CURVE ( 'NONE', #733, #933, #2918, .T. ) ;
#2789 = ORIENTED_EDGE ( 'NONE', *, *, #1280, .F. ) ;
#2790 = FILL_AREA_STYLE ('',( #1206 ) ) ;
#2791 = EDGE_LOOP ( 'NONE', ( #612, #1473, #1344, #950 ) ) ;
#2792 = EDGE_CURVE ( 'NONE', #1996, #26, #337, .T. ) ;
#2793 = DIRECTION ( 'NONE',  ( 0.0000000000000000000, -0.0000000000000000000, 1.000000000000000000 ) ) ;
#2794 = SURFACE_SIDE_STYLE ('',( #528 ) ) ;
#2795 = EDGE_LOOP ( 'NONE', ( #1706, #2046, #1132, #544 ) ) ;
#2796 = SURFACE_STYLE_FILL_AREA ( #1479 ) ;
#2797 = UNCERTAINTY_MEASURE_WITH_UNIT (LENGTH_MEASURE( 1.000000000000000082E-05 ), #2740, 'distance_accuracy_value', 'NONE');
#2798 = FILL_AREA_STYLE ('',( #1638 ) ) ;
#2799 = FILL_AREA_STYLE_COLOUR ( '', #2493 ) ;
#2800 = ORIENTED_EDGE ( 'NONE', *, *, #127, .F. ) ;
#2801 = LINE ( 'NONE', #2090, #2775 ) ;
#2802 = EDGE_LOOP ( 'NONE', ( #1277, #2015, #206, #2074, #1672, #902, #1366 ) ) ;
#2803 = LINE ( 'NONE', #785, #966 ) ;
#2804 = VERTEX_POINT ( 'NONE', #2509 ) ;
#2805 =( NAMED_UNIT ( * ) PLANE_ANGLE_UNIT ( ) SI_UNIT ( $, .RADIAN. ) );
#2806 = EDGE_CURVE ( 'NONE', #2338, #1187, #1378, .T. ) ;
#2807 = COLOUR_RGB ( '',1.000000000000000000, 1.000000000000000000, 1.000000000000000000 ) ;
#2808 = CARTESIAN_POINT ( 'NONE',  ( 0.0000000000000000000, -0.01000000000000000021, -1.199999999999999956 ) ) ;
#2809 = DIRECTION ( 'NONE',  ( 1.000000000000000000, 0.0000000000000000000, 0.0000000000000000000 ) ) ;
#2810 = PLANE ( 'NONE',  #1058 ) ;
#2811 = CARTESIAN_POINT ( 'NONE',  ( 0.5000000000000000000, -0.01000000000000001929, -1.350000000000000089 ) ) ;
#2812 = CARTESIAN_POINT ( 'NONE',  ( -0.2500000000000000000, 0.0000000000000000000, 0.8699999999999999956 ) ) ;
#2813 =( NAMED_UNIT ( * ) PLANE_ANGLE_UNIT ( ) SI_UNIT ( $, .RADIAN. ) );
#2814 = EDGE_LOOP ( 'NONE', ( #1580, #216, #1761, #158 ) ) ;
#2815 = CARTESIAN_POINT ( 'NONE',  ( 0.0000000000000000000, 0.5000000000000000000, 1.000000000000000000 ) ) ;
#2816 = VERTEX_POINT ( 'NONE', #2312 ) ;
#2817 = PRESENTATION_LAYER_ASSIGNMENT (  '', '', ( #2491 ) ) ;
#2818 = LINE ( 'NONE', #1719, #2732 ) ;
#2819 = SURFACE_SIDE_STYLE ('',( #44 ) ) ;
#2820 = ORIENTED_EDGE ( 'NONE', *, *, #1977, .T. ) ;
#2821 = CARTESIAN_POINT ( 'NONE',  ( 0.5000000000000000000, 0.0000000000000000000, 1.350000000000000089 ) ) ;
#2822 = CARTESIAN_POINT ( 'NONE',  ( 0.5000000000000000000, 0.0000000000000000000, -1.199999999999999956 ) ) ;
#2823 = STYLED_ITEM ( 'NONE', ( #1884 ), #1990 ) ;
#2824 = ADVANCED_FACE ( 'NONE', ( #2106 ), #2330, .T. ) ;
#2825 = VECTOR ( 'NONE', #1067, 1000.000000000000000 ) ;
#2826 = ADVANCED_FACE ( 'NONE', ( #1947 ), #332, .T. ) ;
#2827 = PLANE ( 'NONE',  #1942 ) ;
#2828 = MECHANICAL_DESIGN_GEOMETRIC_PRESENTATION_REPRESENTATION (  '', ( #1105 ), #2645 ) ;
#2829 = CIRCLE ( 'NONE', #2970, 0.3999999999999999667 ) ;
#2830 =( NAMED_UNIT ( * ) PLANE_ANGLE_UNIT ( ) SI_UNIT ( $, .RADIAN. ) );
#2831 = CARTESIAN_POINT ( 'NONE',  ( -0.09999999999999999167, 0.0000000000000000000, 1.600000000000000089 ) ) ;
#2832 = ORIENTED_EDGE ( 'NONE', *, *, #983, .F. ) ;
#2833 = ORIENTED_EDGE ( 'NONE', *, *, #1222, .T. ) ;
#2834 = AXIS2_PLACEMENT_3D ( 'NONE', #2123, #1191, #254 ) ;
#2835 = CARTESIAN_POINT ( 'NONE',  ( 0.1499999999999999944, 0.5000000000000000000, 1.000000000000000000 ) ) ;
#2836 = EDGE_LOOP ( 'NONE', ( #1859, #1646, #2495, #209 ) ) ;
#2837 = FILL_AREA_STYLE_COLOUR ( '', #1592 ) ;
#2838 = COLOUR_RGB ( '',1.000000000000000000, 1.000000000000000000, 1.000000000000000000 ) ;
#2839 =( GEOMETRIC_REPRESENTATION_CONTEXT ( 3 ) GLOBAL_UNCERTAINTY_ASSIGNED_CONTEXT ( ( #695 ) ) GLOBAL_UNIT_ASSIGNED_CONTEXT ( ( #1403, #2813, #1891 ) ) REPRESENTATION_CONTEXT ( 'NONE', 'WORKASPACE' ) );
#2840 = CARTESIAN_POINT ( 'NONE',  ( 0.2500000000000000000, -0.01000000000000000021, 0.3250000000000000666 ) ) ;
#2841 = SURFACE_SIDE_STYLE ('',( #1230 ) ) ;
#2842 = VECTOR ( 'NONE', #1062, 1000.000000000000000 ) ;
#2843 = CARTESIAN_POINT ( 'NONE',  ( -0.4749999999999999778, 0.5000000000000001110, 1.000000000000000000 ) ) ;
#2844 = EDGE_CURVE ( 'NONE', #2547, #467, #2140, .T. ) ;
#2845 = SURFACE_STYLE_FILL_AREA ( #1047 ) ;
#2846 = ORIENTED_EDGE ( 'NONE', *, *, #2721, .F. ) ;
#2847 = PLANE ( 'NONE',  #1778 ) ;
#2848 = DIRECTION ( 'NONE',  ( 0.0000000000000000000, -0.0000000000000000000, 1.000000000000000000 ) ) ;
#2849 = FACE_OUTER_BOUND ( 'NONE', #2460, .T. ) ;
#2850 = VERTEX_POINT ( 'NONE', #1697 ) ;
#2851 = LINE ( 'NONE', #1960, #1335 ) ;
#2852 = DIRECTION ( 'NONE',  ( 1.000000000000000000, 0.0000000000000000000, 0.0000000000000000000 ) ) ;
#2853 = DIRECTION ( 'NONE',  ( -1.000000000000000000, -0.0000000000000000000, -0.0000000000000000000 ) ) ;
#2854 = CARTESIAN_POINT ( 'NONE',  ( 0.0000000000000000000, 0.5100000000000000089, -1.600000000000000089 ) ) ;
#2855 = CARTESIAN_POINT ( 'NONE',  ( -0.5000000000000000000, 0.5000000000000000000, -1.600000000000000089 ) ) ;
#2856 = ORIENTED_EDGE ( 'NONE', *, *, #1955, .F. ) ;
#2857 = CYLINDRICAL_SURFACE ( 'NONE', #182, 0.3999999999999999667 ) ;
#2858 = AXIS2_PLACEMENT_3D ( 'NONE', #2144, #2642, #1251 ) ;
#2859 = DIRECTION ( 'NONE',  ( 0.0000000000000000000, 0.0000000000000000000, 1.000000000000000000 ) ) ;
#2860 = EDGE_LOOP ( 'NONE', ( #972, #1659, #508, #1309 ) ) ;
#2861 = EDGE_CURVE ( 'NONE', #2229, #2490, #751, .T. ) ;
#2862 = EDGE_CURVE ( 'NONE', #1561, #58, #561, .T. ) ;
#2863 = VECTOR ( 'NONE', #2523, 1000.000000000000000 ) ;
#2864 = PRESENTATION_LAYER_ASSIGNMENT (  '', '', ( #613 ) ) ;
#2865 = AXIS2_PLACEMENT_3D ( 'NONE', #2235, #2456, #181 ) ;
#2866 = VECTOR ( 'NONE', #1814, 1000.000000000000000 ) ;
#2867 = CARTESIAN_POINT ( 'NONE',  ( -0.4749999999999999778, 0.5000000000000000000, -1.000000000000000000 ) ) ;
#2868 = ORIENTED_EDGE ( 'NONE', *, *, #2862, .F. ) ;
#2869 = CARTESIAN_POINT ( 'NONE',  ( -0.5000000000000000000, 0.0000000000000000000, 1.600000000000000089 ) ) ;
#2870 = LINE ( 'NONE', #1233, #1012 ) ;
#2871 =( NAMED_UNIT ( * ) PLANE_ANGLE_UNIT ( ) SI_UNIT ( $, .RADIAN. ) );
#2872 = ORIENTED_EDGE ( 'NONE', *, *, #1585, .F. ) ;
#2873 = LINE ( 'NONE', #102, #2874 ) ;
#2874 = VECTOR ( 'NONE', #1922, 1000.000000000000000 ) ;
#2875 = CIRCLE ( 'NONE', #146, 1.000000000000000000 ) ;
#2876 =( NAMED_UNIT ( * ) PLANE_ANGLE_UNIT ( ) SI_UNIT ( $, .RADIAN. ) );
#2877 =( NAMED_UNIT ( * ) PLANE_ANGLE_UNIT ( ) SI_UNIT ( $, .RADIAN. ) );
#2878 = ORIENTED_EDGE ( 'NONE', *, *, #402, .T. ) ;
#2879 =( GEOMETRIC_REPRESENTATION_CONTEXT ( 3 ) GLOBAL_UNCERTAINTY_ASSIGNED_CONTEXT ( ( #122 ) ) GLOBAL_UNIT_ASSIGNED_CONTEXT ( ( #385, #149, #1749 ) ) REPRESENTATION_CONTEXT ( 'NONE', 'WORKASPACE' ) );
#2880 = CARTESIAN_POINT ( 'NONE',  ( 0.0000000000000000000, 0.0000000000000000000, 0.0000000000000000000 ) ) ;
#2881 = ADVANCED_FACE ( 'NONE', ( #1930 ), #108, .T. ) ;
#2882 = VECTOR ( 'NONE', #1426, 1000.000000000000000 ) ;
#2883 =( LENGTH_UNIT ( ) NAMED_UNIT ( * ) SI_UNIT ( .MILLI., .METRE. ) );
#2884 = DIRECTION ( 'NONE',  ( 1.000000000000000000, 0.0000000000000000000, -0.0000000000000000000 ) ) ;
#2885 = DIRECTION ( 'NONE',  ( 0.0000000000000000000, -1.000000000000000000, 0.0000000000000000000 ) ) ;
#2886 = ORIENTED_EDGE ( 'NONE', *, *, #1555, .F. ) ;
#2887 =( NAMED_UNIT ( * ) SI_UNIT ( $, .STERADIAN. ) SOLID_ANGLE_UNIT ( ) );
#2888 = CARTESIAN_POINT ( 'NONE',  ( -0.04999999999999999584, -0.01000000000000000021, 0.7500000000000000000 ) ) ;
#2889 = PLANE ( 'NONE',  #479 ) ;
#2890 = DIRECTION ( 'NONE',  ( 1.000000000000000000, 0.0000000000000000000, -0.0000000000000000000 ) ) ;
#2891 = ORIENTED_EDGE ( 'NONE', *, *, #36, .T. ) ;
#2892 =( NAMED_UNIT ( * ) PLANE_ANGLE_UNIT ( ) SI_UNIT ( $, .RADIAN. ) );
#2893 = SURFACE_SIDE_STYLE ('',( #1198 ) ) ;
#2894 = EDGE_CURVE ( 'NONE', #266, #1039, #1885, .T. ) ;
#2895 = PRESENTATION_STYLE_ASSIGNMENT (( #2268 ) ) ;
#2896 =( LENGTH_UNIT ( ) NAMED_UNIT ( * ) SI_UNIT ( .MILLI., .METRE. ) );
#2897 = DIRECTION ( 'NONE',  ( 0.0000000000000000000, 0.0000000000000000000, 1.000000000000000000 ) ) ;
#2898 = SURFACE_STYLE_FILL_AREA ( #1995 ) ;
#2899 = ORIENTED_EDGE ( 'NONE', *, *, #2044, .F. ) ;
#2900 = CARTESIAN_POINT ( 'NONE',  ( 0.1000000000000000194, 0.5000000000000000000, 1.600000000000000089 ) ) ;
#2901 = CARTESIAN_POINT ( 'NONE',  ( -0.4749999999999999778, 0.0000000000000000000, 0.0000000000000000000 ) ) ;
#2902 = DIRECTION ( 'NONE',  ( 0.0000000000000000000, 0.0000000000000000000, 1.000000000000000000 ) ) ;
#2903 = EDGE_LOOP ( 'NONE', ( #1513, #530, #2620, #253 ) ) ;
#2904 =( NAMED_UNIT ( * ) SI_UNIT ( $, .STERADIAN. ) SOLID_ANGLE_UNIT ( ) );
#2905 = PRESENTATION_LAYER_ASSIGNMENT (  '', '', ( #175 ) ) ;
#2906 =( NAMED_UNIT ( * ) PLANE_ANGLE_UNIT ( ) SI_UNIT ( $, .RADIAN. ) );
#2907 = AXIS2_PLACEMENT_3D ( 'NONE', #1244, #2176, #754 ) ;
#2908 = EDGE_CURVE ( 'NONE', #1648, #2099, #1737, .T. ) ;
#2909 = PRESENTATION_STYLE_ASSIGNMENT (( #2003 ) ) ;
#2910 = PRESENTATION_LAYER_ASSIGNMENT (  '', '', ( #1486 ) ) ;
#2911 = DIRECTION ( 'NONE',  ( 0.0000000000000000000, 1.000000000000000000, 0.0000000000000000000 ) ) ;
#2912 = VECTOR ( 'NONE', #107, 1000.000000000000000 ) ;
#2913 = ORIENTED_EDGE ( 'NONE', *, *, #358, .F. ) ;
#2914 = LINE ( 'NONE', #441, #1102 ) ;
#2915 = AXIS2_PLACEMENT_3D ( 'NONE', #2141, #1217, #2129 ) ;
#2916 = CARTESIAN_POINT ( 'NONE',  ( -0.05000000000000000278, 0.0000000000000000000, 0.8699999999999999956 ) ) ;
#2917 = VECTOR ( 'NONE', #848, 1000.000000000000000 ) ;
#2918 = CIRCLE ( 'NONE', #1643, 0.3999999999999999667 ) ;
#2919 = LINE ( 'NONE', #2260, #1690 ) ;
#2920 = DIRECTION ( 'NONE',  ( 0.0000000000000000000, 1.000000000000000000, -0.0000000000000000000 ) ) ;
#2921 = VERTEX_POINT ( 'NONE', #1794 ) ;
#2922 =( GEOMETRIC_REPRESENTATION_CONTEXT ( 3 ) GLOBAL_UNCERTAINTY_ASSIGNED_CONTEXT ( ( #2940 ) ) GLOBAL_UNIT_ASSIGNED_CONTEXT ( ( #2275, #2038, #2087 ) ) REPRESENTATION_CONTEXT ( 'NONE', 'WORKASPACE' ) );
#2923 = MECHANICAL_DESIGN_GEOMETRIC_PRESENTATION_REPRESENTATION (  '', ( #50 ), #2066 ) ;
#2924 = APPLICATION_PROTOCOL_DEFINITION ( 'draft international standard', 'automotive_design', 1998, #1129 ) ;
#2925 = ORIENTED_EDGE ( 'NONE', *, *, #541, .T. ) ;
#2926 = CARTESIAN_POINT ( 'NONE',  ( -0.1000000000000000056, 0.0000000000000000000, 0.3250000000000000666 ) ) ;
#2927 = AXIS2_PLACEMENT_3D ( 'NONE', #1817, #1579, #431 ) ;
#2928 = DIRECTION ( 'NONE',  ( -0.0000000000000000000, 0.0000000000000000000, -1.000000000000000000 ) ) ;
#2929 = EDGE_LOOP ( 'NONE', ( #2311, #1841, #2949, #1674, #2395, #2333, #1282, #1921 ) ) ;
#2930 =( NAMED_UNIT ( * ) PLANE_ANGLE_UNIT ( ) SI_UNIT ( $, .RADIAN. ) );
#2931 = PLANE ( 'NONE',  #340 ) ;
#2932 = EDGE_CURVE ( 'NONE', #897, #1928, #2451, .T. ) ;
#2933 = CARTESIAN_POINT ( 'NONE',  ( -0.1499999999999999944, 0.5000000000000000000, -1.000000000000000000 ) ) ;
#2934 = ORIENTED_EDGE ( 'NONE', *, *, #973, .T. ) ;
#2935 = ORIENTED_EDGE ( 'NONE', *, *, #1320, .T. ) ;
#2936 = AXIS2_PLACEMENT_3D ( 'NONE', #1004, #583, #1275 ) ;
#2937 = LINE ( 'NONE', #691, #2221 ) ;
#2938 = VERTEX_POINT ( 'NONE', #2706 ) ;
#2939 = FILL_AREA_STYLE_COLOUR ( '', #480 ) ;
#2940 = UNCERTAINTY_MEASURE_WITH_UNIT (LENGTH_MEASURE( 1.000000000000000082E-05 ), #2275, 'distance_accuracy_value', 'NONE');
#2941 = FACE_OUTER_BOUND ( 'NONE', #169, .T. ) ;
#2942 = ORIENTED_EDGE ( 'NONE', *, *, #1400, .T. ) ;
#2943 = DIRECTION ( 'NONE',  ( 1.000000000000000000, 0.0000000000000000000, 0.0000000000000000000 ) ) ;
#2944 = PRESENTATION_STYLE_ASSIGNMENT (( #1342 ) ) ;
#2945 = FACE_OUTER_BOUND ( 'NONE', #1820, .T. ) ;
#2946 = EDGE_CURVE ( 'NONE', #2648, #2804, #2875, .T. ) ;
#2947 = ORIENTED_EDGE ( 'NONE', *, *, #1338, .F. ) ;
#2948 = CARTESIAN_POINT ( 'NONE',  ( -0.5000000000000000000, 0.0000000000000000000, -1.199999999999999956 ) ) ;
#2949 = ORIENTED_EDGE ( 'NONE', *, *, #116, .F. ) ;
#2950 = ADVANCED_FACE ( 'NONE', ( #643 ), #415, .T. ) ;
#2951 = DIRECTION ( 'NONE',  ( 1.000000000000000000, 0.0000000000000000000, 0.0000000000000000000 ) ) ;
#2952 = ORIENTED_EDGE ( 'NONE', *, *, #1126, .T. ) ;
#2953 = PRESENTATION_STYLE_ASSIGNMENT (( #210 ) ) ;
#2954 = STYLED_ITEM ( 'NONE', ( #156 ), #2427 ) ;
#2955 = DIRECTION ( 'NONE',  ( 0.0000000000000000000, 0.0000000000000000000, 1.000000000000000000 ) ) ;
#2956 = CARTESIAN_POINT ( 'NONE',  ( 0.3000000000000000444, 0.5000000000000000000, 1.000000000000000000 ) ) ;
#2957 = VERTEX_POINT ( 'NONE', #1999 ) ;
#2958 = VECTOR ( 'NONE', #507, 1000.000000000000000 ) ;
#2959 = DIRECTION ( 'NONE',  ( 1.000000000000000000, 0.0000000000000000000, -0.0000000000000000000 ) ) ;
#2960 = PRESENTATION_STYLE_ASSIGNMENT (( #2052 ) ) ;
#2961 = FILL_AREA_STYLE ('',( #2727 ) ) ;
#2962 = AXIS2_PLACEMENT_3D ( 'NONE', #456, #276, #1201 ) ;
#2963 = ORIENTED_EDGE ( 'NONE', *, *, #1018, .F. ) ;
#2964 = CARTESIAN_POINT ( 'NONE',  ( 0.0000000000000000000, 0.0000000000000000000, -1.199999999999999956 ) ) ;
#2965 = ORIENTED_EDGE ( 'NONE', *, *, #2946, .T. ) ;
#2966 =( GEOMETRIC_REPRESENTATION_CONTEXT ( 3 ) GLOBAL_UNCERTAINTY_ASSIGNED_CONTEXT ( ( #1965 ) ) GLOBAL_UNIT_ASSIGNED_CONTEXT ( ( #1988, #610, #1050 ) ) REPRESENTATION_CONTEXT ( 'NONE', 'WORKASPACE' ) );
#2967 = PRESENTATION_LAYER_ASSIGNMENT (  '', '', ( #2593 ) ) ;
#2968 = LINE ( 'NONE', #920, #1790 ) ;
#2969 = ORIENTED_EDGE ( 'NONE', *, *, #1203, .F. ) ;
#2970 = AXIS2_PLACEMENT_3D ( 'NONE', #628, #836, #1562 ) ;
#2971 =( LENGTH_UNIT ( ) NAMED_UNIT ( * ) SI_UNIT ( .MILLI., .METRE. ) );
#2972 = EDGE_CURVE ( 'NONE', #60, #447, #2829, .T. ) ;
#2973 = SURFACE_STYLE_FILL_AREA ( #436 ) ;
#2974 = AXIS2_PLACEMENT_3D ( 'NONE', #2433, #2890, #816 ) ;
#2975 = CARTESIAN_POINT ( 'NONE',  ( 0.0000000000000000000, 0.5100000000000000089, 1.600000000000000089 ) ) ;
#2976 = VECTOR ( 'NONE', #1359, 1000.000000000000000 ) ;
#2977 = ORIENTED_EDGE ( 'NONE', *, *, #2257, .T. ) ;
ENDSEC;
END-ISO-10303-21;
