ISO-10303-21;
HEADER;
FILE_DESCRIPTION (( 'STEP AP214' ),
    '1' );
FILE_NAME ('22178E43-1FE2-40EA-8B26-B3F1F8629DED.STEP',
    '2026-06-03T08:07:24',
    ( '' ),
    ( '' ),
    'SwSTEP 2.0',
    'SolidWorks 2022',
    '' );
FILE_SCHEMA (( 'AUTOMOTIVE_DESIGN' ));
ENDSEC;

DATA;
#1 = ADVANCED_FACE ( 'NONE', ( #2317 ), #960, .T. ) ;
#2 = LINE ( 'NONE', #2328, #1927 ) ;
#3 = LINE ( 'NONE', #2669, #2137 ) ;
#4 = DIRECTION ( 'NONE',  ( -1.035198944794589901E-14, 1.000000000000000000, 0.0000000000000000000 ) ) ;
#5 = SURFACE_STYLE_FILL_AREA ( #1404 ) ;
#6 = DIRECTION ( 'NONE',  ( -1.000000000000000000, -1.084202172485503961E-14, 0.0000000000000000000 ) ) ;
#7 = ORIENTED_EDGE ( 'NONE', *, *, #1124, .F. ) ;
#8 = ADVANCED_FACE ( 'NONE', ( #1280 ), #3591, .T. ) ;
#9 = LINE ( 'NONE', #996, #3443 ) ;
#10 = SURFACE_STYLE_USAGE ( .BOTH. , #2701 ) ;
#11 = FACE_OUTER_BOUND ( 'NONE', #1305, .T. ) ;
#12 = LINE ( 'NONE', #3376, #366 ) ;
#13 = VECTOR ( 'NONE', #1495, 39.37007874015748854 ) ;
#14 = VERTEX_POINT ( 'NONE', #2334 ) ;
#15 = DIRECTION ( 'NONE',  ( -1.409983241273949911E-15, -1.167414689223770104E-16, 1.000000000000000000 ) ) ;
#16 = CARTESIAN_POINT ( 'NONE',  ( -0.02952755905511790166, -0.01377952755905370065, -0.01799632996797460166 ) ) ;
#17 = AXIS2_PLACEMENT_3D ( 'NONE', #3065, #2356, #2418 ) ;
#18 = AXIS2_PLACEMENT_3D ( 'NONE', #1328, #15, #1392 ) ;
#19 = DIRECTION ( 'NONE',  ( -1.000000000000000000, 1.224606353822379970E-16, 0.0000000000000000000 ) ) ;
#20 = SURFACE_STYLE_USAGE ( .BOTH. , #723 ) ;
#21 = COLOUR_RGB ( '',0.9490196078431372140, 0.9490196078431372140, 0.9490196078431372140 ) ;
#22 = ORIENTED_EDGE ( 'NONE', *, *, #1470, .T. ) ;
#23 = LINE ( 'NONE', #2645, #595 ) ;
#24 = PRESENTATION_LAYER_ASSIGNMENT (  '', '', ( #3781 ) ) ;
#25 =( LENGTH_UNIT ( ) NAMED_UNIT ( * ) SI_UNIT ( $, .METRE. ) );
#26 = LINE ( 'NONE', #1363, #4204 ) ;
#27 = VECTOR ( 'NONE', #338, 39.37007874015748143 ) ;
#28 = CARTESIAN_POINT ( 'NONE',  ( -0.04921259842519670052, -0.01377952755905390014, -0.01799632996797460166 ) ) ;
#29 = EDGE_CURVE ( 'NONE', #2257, #1445, #3271, .T. ) ;
#30 = VECTOR ( 'NONE', #2159, 39.37007874015748143 ) ;
#31 = VERTEX_POINT ( 'NONE', #2654 ) ;
#32 = PLANE ( 'NONE',  #938 ) ;
#33 = CARTESIAN_POINT ( 'NONE',  ( 0.04921259842519699890, -0.01377952755905289921, -0.01799632996797429982 ) ) ;
#34 = DIRECTION ( 'NONE',  ( -0.0000000000000000000, 1.000000000000000000, -2.723258531077630015E-15 ) ) ;
#35 = VECTOR ( 'NONE', #2882, 39.37007874015748143 ) ;
#36 = EDGE_CURVE ( 'NONE', #3987, #1831, #1668, .T. ) ;
#37 = EDGE_CURVE ( 'NONE', #3241, #3832, #3655, .T. ) ;
#38 = DIRECTION ( 'NONE',  ( 1.000000000000000000, 1.035198944794589901E-14, 0.0000000000000000000 ) ) ;
#39 = EDGE_LOOP ( 'NONE', ( #3332, #2886, #2636, #2266 ) ) ;
#40 = MECHANICAL_DESIGN_GEOMETRIC_PRESENTATION_REPRESENTATION (  '', ( #3455 ), #3873 ) ;
#41 = VERTEX_POINT ( 'NONE', #1605 ) ;
#42 =( LENGTH_UNIT ( ) NAMED_UNIT ( * ) SI_UNIT ( $, .METRE. ) );
#43 =( GEOMETRIC_REPRESENTATION_CONTEXT ( 3 ) GLOBAL_UNCERTAINTY_ASSIGNED_CONTEXT ( ( #3240 ) ) GLOBAL_UNIT_ASSIGNED_CONTEXT ( ( #332, #2246, #3260 ) ) REPRESENTATION_CONTEXT ( 'NONE', 'WORKASPACE' ) );
#44 = LINE ( 'NONE', #367, #1423 ) ;
#45 = VERTEX_POINT ( 'NONE', #297 ) ;
#46 = CARTESIAN_POINT ( 'NONE',  ( 0.09055118110236290430, -0.06692913385826509964, 0.06889763779527570409 ) ) ;
#47 = ORIENTED_EDGE ( 'NONE', *, *, #4082, .F. ) ;
#48 = LINE ( 'NONE', #1973, #3045 ) ;
#49 = SURFACE_STYLE_FILL_AREA ( #2406 ) ;
#50 = CARTESIAN_POINT ( 'NONE',  ( 0.1564960629921250124, 0.09842519685039644028, 0.0000000000000000000 ) ) ;
#51 = SURFACE_STYLE_USAGE ( .BOTH. , #3346 ) ;
#52 = CARTESIAN_POINT ( 'NONE',  ( -0.1387795275590559263, 0.04330708661417331101, 0.009842519685039314431 ) ) ;
#53 = ORIENTED_EDGE ( 'NONE', *, *, #3925, .T. ) ;
#54 = LINE ( 'NONE', #757, #4273 ) ;
#55 = PLANE ( 'NONE',  #1206 ) ;
#56 = EDGE_CURVE ( 'NONE', #1778, #4020, #2968, .T. ) ;
#57 = CARTESIAN_POINT ( 'NONE',  ( 0.09793307086614040646, 0.1771653543307100398, 0.003937007874015527667 ) ) ;
#58 = CARTESIAN_POINT ( 'NONE',  ( 0.01279527559055220615, -0.09842519685039079202, 0.2598425196850390195 ) ) ;
#59 = VERTEX_POINT ( 'NONE', #3012 ) ;
#60 = ORIENTED_EDGE ( 'NONE', *, *, #3802, .F. ) ;
#61 = LENGTH_MEASURE_WITH_UNIT ( LENGTH_MEASURE( 0.02539999999999999897 ), #4244 );
#62 = EDGE_CURVE ( 'NONE', #31, #2445, #9, .T. ) ;
#63 = EDGE_CURVE ( 'NONE', #368, #1604, #2675, .T. ) ;
#64 = ORIENTED_EDGE ( 'NONE', *, *, #87, .F. ) ;
#65 = ADVANCED_FACE ( 'NONE', ( #3966 ), #4001, .T. ) ;
#66 = ORIENTED_EDGE ( 'NONE', *, *, #703, .F. ) ;
#67 = DIRECTION ( 'NONE',  ( 1.000000000000000000, 1.035198944794589901E-14, 0.0000000000000000000 ) ) ;
#68 =( CONVERSION_BASED_UNIT ( 'INCH', #2448 ) LENGTH_UNIT ( ) NAMED_UNIT ( #1912 ) );
#69 = LINE ( 'NONE', #992, #880 ) ;
#70 = DIRECTION ( 'NONE',  ( 0.0000000000000000000, -1.000000000000000000, -1.167414689223770104E-16 ) ) ;
#71 = ORIENTED_EDGE ( 'NONE', *, *, #348, .T. ) ;
#72 = FACE_OUTER_BOUND ( 'NONE', #2185, .T. ) ;
#73 = CARTESIAN_POINT ( 'NONE',  ( 0.04921259842519584010, 0.09842519685039528843, -0.01799632996797429982 ) ) ;
#74 = LINE ( 'NONE', #2079, #1348 ) ;
#75 = ORIENTED_EDGE ( 'NONE', *, *, #4235, .T. ) ;
#76 = VERTEX_POINT ( 'NONE', #1750 ) ;
#77 = DIRECTION ( 'NONE',  ( 1.035198944794590058E-14, -1.000000000000000000, -1.167414689223759997E-16 ) ) ;
#78 =( NAMED_UNIT ( * ) SI_UNIT ( $, .STERADIAN. ) SOLID_ANGLE_UNIT ( ) );
#79 = EDGE_CURVE ( 'NONE', #426, #556, #54, .T. ) ;
#80 = AXIS2_PLACEMENT_3D ( 'NONE', #2116, #450, #1780 ) ;
#81 = ORIENTED_EDGE ( 'NONE', *, *, #3289, .T. ) ;
#82 = SURFACE_STYLE_FILL_AREA ( #3089 ) ;
#83 = VERTEX_POINT ( 'NONE', #96 ) ;
#84 = VECTOR ( 'NONE', #1550, 39.37007874015748854 ) ;
#85 = CARTESIAN_POINT ( 'NONE',  ( 0.04527559055118142439, -0.01771653543306872178, 0.2224409448818900070 ) ) ;
#86 = VECTOR ( 'NONE', #2793, 39.37007874015748143 ) ;
#87 = EDGE_CURVE ( 'NONE', #811, #3279, #3079, .T. ) ;
#88 = CARTESIAN_POINT ( 'NONE',  ( -0.06496064212378481473, -0.06692913385826626538, 0.06889763506730732512 ) ) ;
#89 = MECHANICAL_DESIGN_GEOMETRIC_PRESENTATION_REPRESENTATION (  '', ( #1980 ), #1419 ) ;
#90 = AXIS2_PLACEMENT_3D ( 'NONE', #4294, #2710, #1330 ) ;
#91 = CARTESIAN_POINT ( 'NONE',  ( -0.09055118110236240470, 0.02165354694437979927, 0.06889763779527580123 ) ) ;
#92 = CARTESIAN_POINT ( 'NONE',  ( 0.1210629921259849945, -0.03346456692913126613, 0.2598425196850390195 ) ) ;
#93 = ADVANCED_BREP_SHAPE_REPRESENTATION ( '22178E43-1FE2-40EA-8B26-B3F1F8629DED', ( #3310, #647 ), #927 ) ;
#94 = DIRECTION ( 'NONE',  ( -1.000000000000000000, 1.224606353822360002E-16, 3.072164727521360229E-32 ) ) ;
#95 = ORIENTED_EDGE ( 'NONE', *, *, #3534, .F. ) ;
#96 = CARTESIAN_POINT ( 'NONE',  ( -0.1210629921259841063, -0.03346456692913379188, 0.2598425196850390195 ) ) ;
#97 = PRESENTATION_LAYER_ASSIGNMENT (  '', '', ( #3040 ) ) ;
#98 = CARTESIAN_POINT ( 'NONE',  ( -0.1407480314960629086, 0.04330708661417306815, 0.01968503937007871213 ) ) ;
#99 = DIRECTION ( 'NONE',  ( -1.035198944794589901E-14, 1.000000000000000000, 0.0000000000000000000 ) ) ;
#100 = CARTESIAN_POINT ( 'NONE',  ( -0.06496064212378480085, -0.001968503937006773740, 0.09251968503937016419 ) ) ;
#101 = ORIENTED_EDGE ( 'NONE', *, *, #37, .T. ) ;
#102 = ORIENTED_EDGE ( 'NONE', *, *, #390, .T. ) ;
#103 = CARTESIAN_POINT ( 'NONE',  ( 0.05118110236220590331, -0.06692913385826437800, 1.403159436130725276E-16 ) ) ;
#104 = VECTOR ( 'NONE', #3152, 39.37007874015748143 ) ;
#105 = PRESENTATION_STYLE_ASSIGNMENT (( #412 ) ) ;
#106 = MECHANICAL_DESIGN_GEOMETRIC_PRESENTATION_REPRESENTATION (  '', ( #601 ), #4006 ) ;
#107 = AXIS2_PLACEMENT_3D ( 'NONE', #1752, #1371, #3676 ) ;
#108 = ORIENTED_EDGE ( 'NONE', *, *, #3732, .F. ) ;
#109 = DIRECTION ( 'NONE',  ( 1.224606353822379970E-16, 1.000000000000000000, 1.167414689224859965E-16 ) ) ;
#110 = ORIENTED_EDGE ( 'NONE', *, *, #1602, .F. ) ;
#111 = SURFACE_SIDE_STYLE ('',( #4119 ) ) ;
#112 = VECTOR ( 'NONE', #4213, 39.37007874015748143 ) ;
#113 = LINE ( 'NONE', #2090, #3374 ) ;
#114 = VECTOR ( 'NONE', #2981, 39.37007874015748143 ) ;
#115 = LINE ( 'NONE', #3424, #3381 ) ;
#116 = ADVANCED_FACE ( 'NONE', ( #1456 ), #2030, .F. ) ;
#117 = CARTESIAN_POINT ( 'NONE',  ( 0.1564960629921250124, -0.06692913385826490535, 0.01968503937007879540 ) ) ;
#118 = EDGE_CURVE ( 'NONE', #3782, #650, #2076, .T. ) ;
#119 = DIMENSIONAL_EXPONENTS ( 1.000000000000000000, 0.0000000000000000000, 0.0000000000000000000, 0.0000000000000000000, 0.0000000000000000000, 0.0000000000000000000, 0.0000000000000000000 ) ;
#120 = CARTESIAN_POINT ( 'NONE',  ( 0.04921259842519720012, -0.03346456692913159919, -0.01799632996797429982 ) ) ;
#121 = ORIENTED_EDGE ( 'NONE', *, *, #570, .T. ) ;
#122 = DIRECTION ( 'NONE',  ( -1.000000000000000000, -1.035198944794589901E-14, -1.219403723456549750E-30 ) ) ;
#123 =( LENGTH_UNIT ( ) NAMED_UNIT ( * ) SI_UNIT ( $, .METRE. ) );
#124 = LINE ( 'NONE', #3460, #3701 ) ;
#125 = LINE ( 'NONE', #478, #3806 ) ;
#126 =( CONVERSION_BASED_UNIT ( 'INCH', #801 ) LENGTH_UNIT ( ) NAMED_UNIT ( #785 ) );
#127 = ORIENTED_EDGE ( 'NONE', *, *, #511, .F. ) ;
#128 = ORIENTED_EDGE ( 'NONE', *, *, #1045, .F. ) ;
#129 = DIRECTION ( 'NONE',  ( 1.000000000000000000, -1.142573282934170895E-16, -3.061515884555955471E-17 ) ) ;
#130 = FILL_AREA_STYLE_COLOUR ( '', #1073 ) ;
#131 = VERTEX_POINT ( 'NONE', #1432 ) ;
#132 = DIRECTION ( 'NONE',  ( -1.089726903440029871E-32, -1.167414689223770104E-16, 1.000000000000000000 ) ) ;
#133 = ORIENTED_EDGE ( 'NONE', *, *, #1829, .T. ) ;
#134 = CARTESIAN_POINT ( 'NONE',  ( -0.09055118110236150264, -0.06692913385826519679, 0.09251968503937020583 ) ) ;
#135 = FILL_AREA_STYLE ('',( #3801 ) ) ;
#136 = SURFACE_SIDE_STYLE ('',( #2478 ) ) ;
#137 = UNCERTAINTY_MEASURE_WITH_UNIT (LENGTH_MEASURE( 1.000000000000000082E-05 ), #2442, 'distance_accuracy_value', 'NONE');
#138 = DIRECTION ( 'NONE',  ( -1.035198944794590058E-14, 1.000000000000000000, 1.167414689223759997E-16 ) ) ;
#139 = CARTESIAN_POINT ( 'NONE',  ( 0.004921259842519010164, 0.07086614173228419911, 0.1870078740157480046 ) ) ;
#140 = ADVANCED_FACE ( 'NONE', ( #4039 ), #773, .F. ) ;
#141 = ORIENTED_EDGE ( 'NONE', *, *, #3783, .F. ) ;
#142 = SURFACE_SIDE_STYLE ('',( #1537 ) ) ;
#143 = CARTESIAN_POINT ( 'NONE',  ( 0.02952755905511852963, -0.03346456692913180042, 0.2077478314662649372 ) ) ;
#144 = CARTESIAN_POINT ( 'NONE',  ( -0.1545275590551180023, -0.04330708661417310285, 0.009842519685039309227 ) ) ;
#145 = FACE_OUTER_BOUND ( 'NONE', #1767, .T. ) ;
#146 = CARTESIAN_POINT ( 'NONE',  ( 0.1564960629921250124, 0.09842519685039639865, 0.2598425196850390195 ) ) ;
#147 = EDGE_CURVE ( 'NONE', #59, #2382, #2114, .T. ) ;
#148 = ORIENTED_EDGE ( 'NONE', *, *, #839, .F. ) ;
#149 = ORIENTED_EDGE ( 'NONE', *, *, #4082, .T. ) ;
#150 = DIRECTION ( 'NONE',  ( 0.0000000000000000000, 1.000000000000000000, -2.723258531077630015E-15 ) ) ;
#151 = EDGE_LOOP ( 'NONE', ( #2141, #2944, #2354, #4275 ) ) ;
#152 = SURFACE_STYLE_USAGE ( .BOTH. , #2494 ) ;
#153 = ORIENTED_EDGE ( 'NONE', *, *, #3846, .F. ) ;
#154 = CARTESIAN_POINT ( 'NONE',  ( -0.1407480314960619927, -0.04330708661417299876, 0.01968503937007870172 ) ) ;
#155 = DIRECTION ( 'NONE',  ( 7.811477214174400623E-31, 4.233543747729280204E-17, -1.000000000000000000 ) ) ;
#156 = STYLED_ITEM ( 'NONE', ( #1301 ), #3042 ) ;
#157 = PLANE ( 'NONE',  #3659 ) ;
#158 = CARTESIAN_POINT ( 'NONE',  ( 0.04921259842519704747, -0.01377952755905290441, 0.09251968503937020583 ) ) ;
#159 = ORIENTED_EDGE ( 'NONE', *, *, #493, .T. ) ;
#160 = LINE ( 'NONE', #2871, #4140 ) ;
#161 = DIRECTION ( 'NONE',  ( 1.035198944794589901E-14, -1.000000000000000000, 0.0000000000000000000 ) ) ;
#162 = CARTESIAN_POINT ( 'NONE',  ( 0.04527559055117928721, 0.1771653543307100398, 0.003937007874015525932 ) ) ;
#163 = CARTESIAN_POINT ( 'NONE',  ( 0.04921259842519586786, 0.09842519685039557986, -9.924795090566277899E-17 ) ) ;
#164 = ADVANCED_FACE ( 'NONE', ( #2371 ), #3122, .F. ) ;
#165 = LINE ( 'NONE', #479, #1762 ) ;
#166 = VECTOR ( 'NONE', #3495, 39.37007874015748854 ) ;
#167 = VECTOR ( 'NONE', #1249, 39.37007874015748143 ) ;
#168 = ORIENTED_EDGE ( 'NONE', *, *, #3450, .T. ) ;
#169 = VERTEX_POINT ( 'NONE', #3776 ) ;
#170 = DIRECTION ( 'NONE',  ( -1.035198944794589901E-14, 1.000000000000000000, 0.0000000000000000000 ) ) ;
#171 = ADVANCED_FACE ( 'NONE', ( #1687 ), #32, .F. ) ;
#172 = PRESENTATION_LAYER_ASSIGNMENT (  '', '', ( #1355 ) ) ;
#173 = EDGE_CURVE ( 'NONE', #715, #3485, #3847, .T. ) ;
#174 = VECTOR ( 'NONE', #639, 39.37007874015748143 ) ;
#176 = ORIENTED_EDGE ( 'NONE', *, *, #1120, .T. ) ;
#175 = COLOUR_RGB ( '',0.9490196078431372140, 0.9490196078431372140, 0.9490196078431372140 ) ;
#177 = CARTESIAN_POINT ( 'NONE',  ( -0.06496064212378480085, 0.05118110236220559106, 0.08070865959867740136 ) ) ;
#178 = DIMENSIONAL_EXPONENTS ( 1.000000000000000000, 0.0000000000000000000, 0.0000000000000000000, 0.0000000000000000000, 0.0000000000000000000, 0.0000000000000000000, 0.0000000000000000000 ) ;
#179 = ORIENTED_EDGE ( 'NONE', *, *, #3551, .F. ) ;
#180 = STYLED_ITEM ( 'NONE', ( #4166 ), #704 ) ;
#181 = AXIS2_PLACEMENT_3D ( 'NONE', #1172, #2511, #458 ) ;
#182 = CARTESIAN_POINT ( 'NONE',  ( 0.1564960629921270108, -0.09842519685039040345, 0.2598425196850390195 ) ) ;
#183 = COLOUR_RGB ( '',0.9490196078431372140, 0.9490196078431372140, 0.9490196078431372140 ) ;
#184 = UNCERTAINTY_MEASURE_WITH_UNIT (LENGTH_MEASURE( 1.000000000000000082E-05 ), #379, 'distance_accuracy_value', 'NONE');
#185 = EDGE_LOOP ( 'NONE', ( #935, #1541, #825, #127 ) ) ;
#186 = CARTESIAN_POINT ( 'NONE',  ( 0.1545275590551190015, -0.04330708661416989708, 0.009842519685039309227 ) ) ;
#187 = LINE ( 'NONE', #4104, #166 ) ;
#188 = LENGTH_MEASURE_WITH_UNIT ( LENGTH_MEASURE( 0.02539999999999999897 ), #3807 );
#189 = FILL_AREA_STYLE_COLOUR ( '', #1338 ) ;
#190 = FACE_BOUND ( 'NONE', #3402, .T. ) ;
#191 = FILL_AREA_STYLE_COLOUR ( '', #1003 ) ;
#192 = ORIENTED_EDGE ( 'NONE', *, *, #648, .T. ) ;
#193 = EDGE_CURVE ( 'NONE', #2323, #3356, #160, .T. ) ;
#194 = EDGE_LOOP ( 'NONE', ( #692, #4181, #1244, #4296 ) ) ;
#195 = SURFACE_STYLE_USAGE ( .BOTH. , #3854 ) ;
#196 = PRESENTATION_STYLE_ASSIGNMENT (( #1813 ) ) ;
#197 = EDGE_CURVE ( 'NONE', #2209, #978, #822, .T. ) ;
#198 = ORIENTED_EDGE ( 'NONE', *, *, #4053, .F. ) ;
#199 = CARTESIAN_POINT ( 'NONE',  ( -0.1309055118110230009, -0.04330708661417290162, 0.01771653543307079304 ) ) ;
#200 = ORIENTED_EDGE ( 'NONE', *, *, #390, .F. ) ;
#201 = CARTESIAN_POINT ( 'NONE',  ( -0.1564960629921270108, 0.06692913385826780581, 0.01968503937007839988 ) ) ;
#202 = DIRECTION ( 'NONE',  ( 1.224606353822379970E-16, 1.000000000000000000, 1.167414689224859965E-16 ) ) ;
#203 = EDGE_CURVE ( 'NONE', #169, #4252, #3203, .T. ) ;
#204 = DIRECTION ( 'NONE',  ( -1.035198944794589901E-14, 1.000000000000000000, 0.0000000000000000000 ) ) ;
#205 = CARTESIAN_POINT ( 'NONE',  ( -0.1210629921259840230, -0.04330708661417293631, 0.2598425196850390195 ) ) ;
#206 = ORIENTED_EDGE ( 'NONE', *, *, #2629, .T. ) ;
#207 = DIRECTION ( 'NONE',  ( 1.000000000000000000, 1.035198944794589901E-14, 1.219403723456549750E-30 ) ) ;
#208 = LINE ( 'NONE', #3889, #3861 ) ;
#209 = DIRECTION ( 'NONE',  ( -1.000000000000000000, 1.224606353822379970E-16, 0.0000000000000000000 ) ) ;
#210 = CARTESIAN_POINT ( 'NONE',  ( -0.02952755905511790166, -0.01377952755905370065, -0.01799632996797460166 ) ) ;
#211 = ORIENTED_EDGE ( 'NONE', *, *, #2264, .F. ) ;
#212 = ORIENTED_EDGE ( 'NONE', *, *, #3925, .F. ) ;
#213 = PLANE ( 'NONE',  #3774 ) ;
#214 =( NAMED_UNIT ( * ) SI_UNIT ( $, .STERADIAN. ) SOLID_ANGLE_UNIT ( ) );
#215 = PRODUCT_DEFINITION_SHAPE ( 'NONE', 'NONE',  #270 ) ;
#216 = ORIENTED_EDGE ( 'NONE', *, *, #4145, .T. ) ;
#217 = CARTESIAN_POINT ( 'NONE',  ( 0.09055118110236326512, -0.09842519685039040345, 0.2007874015748039864 ) ) ;
#218 = ADVANCED_FACE ( 'NONE', ( #3480 ), #3869, .T. ) ;
#219 = FACE_OUTER_BOUND ( 'NONE', #2711, .T. ) ;
#220 = ORIENTED_EDGE ( 'NONE', *, *, #255, .F. ) ;
#221 = CARTESIAN_POINT ( 'NONE',  ( -0.01279527559055040030, -0.06692913385826619599, 0.06889763779527580123 ) ) ;
#222 = ADVANCED_FACE ( 'NONE', ( #2835 ), #2805, .F. ) ;
#223 = FILL_AREA_STYLE_COLOUR ( '', #654 ) ;
#224 = VECTOR ( 'NONE', #2802, 39.37007874015748143 ) ;
#225 = ORIENTED_EDGE ( 'NONE', *, *, #1320, .T. ) ;
#226 = DIRECTION ( 'NONE',  ( 1.219403723456549750E-30, 1.262325447800814145E-44, -1.000000000000000000 ) ) ;
#227 = CARTESIAN_POINT ( 'NONE',  ( -0.1013779527559049987, -0.06692913385826759765, 0.01968503937007879540 ) ) ;
#228 = CARTESIAN_POINT ( 'NONE',  ( -0.1210629921259845365, -0.001968503937007350102, -3.906208353055519818E-16 ) ) ;
#229 = CIRCLE ( 'NONE', #720, 0.007874015748031499423 ) ;
#230 = VECTOR ( 'NONE', #4136, 39.37007874015748143 ) ;
#231 =( NAMED_UNIT ( * ) PLANE_ANGLE_UNIT ( ) SI_UNIT ( $, .RADIAN. ) );
#232 = DIMENSIONAL_EXPONENTS ( 1.000000000000000000, 0.0000000000000000000, 0.0000000000000000000, 0.0000000000000000000, 0.0000000000000000000, 0.0000000000000000000, 0.0000000000000000000 ) ;
#233 = ORIENTED_EDGE ( 'NONE', *, *, #2946, .T. ) ;
#234 = VECTOR ( 'NONE', #824, 39.37007874015748143 ) ;
#235 = ORIENTED_EDGE ( 'NONE', *, *, #2765, .F. ) ;
#236 = CARTESIAN_POINT ( 'NONE',  ( -0.02952755905511770043, -0.03346456692913256370, 0.2077478314662639658 ) ) ;
#237 = CARTESIAN_POINT ( 'NONE',  ( 0.1564960629921260116, 0.07086614173228610036, 0.2598425196850390195 ) ) ;
#238 = MECHANICAL_DESIGN_GEOMETRIC_PRESENTATION_REPRESENTATION (  '', ( #3370 ), #2401 ) ;
#239 = VECTOR ( 'NONE', #1946, 39.37007874015748143 ) ;
#240 = PRESENTATION_STYLE_ASSIGNMENT (( #326 ) ) ;
#241 = ORIENTED_EDGE ( 'NONE', *, *, #2867, .T. ) ;
#242 = FILL_AREA_STYLE_COLOUR ( '', #748 ) ;
#243 =( GEOMETRIC_REPRESENTATION_CONTEXT ( 3 ) GLOBAL_UNCERTAINTY_ASSIGNED_CONTEXT ( ( #2160 ) ) GLOBAL_UNIT_ASSIGNED_CONTEXT ( ( #3491, #2109, #4100 ) ) REPRESENTATION_CONTEXT ( 'NONE', 'WORKASPACE' ) );
#244 = AXIS2_PLACEMENT_3D ( 'NONE', #358, #122, #4106 ) ;
#245 = LINE ( 'NONE', #2305, #664 ) ;
#246 = CARTESIAN_POINT ( 'NONE',  ( 0.02952755905511652429, 0.1624722409150849978, 0.01968503937007879540 ) ) ;
#247 = VECTOR ( 'NONE', #3006, 39.37007874015748143 ) ;
#248 = LINE ( 'NONE', #2562, #1072 ) ;
#249 = EDGE_CURVE ( 'NONE', #4307, #2657, #3328, .T. ) ;
#250 = ORIENTED_EDGE ( 'NONE', *, *, #4215, .T. ) ;
#251 = SURFACE_SIDE_STYLE ('',( #269 ) ) ;
#252 = SURFACE_STYLE_FILL_AREA ( #2580 ) ;
#253 = VERTEX_POINT ( 'NONE', #3936 ) ;
#254 = EDGE_CURVE ( 'NONE', #368, #83, #4232, .T. ) ;
#255 = EDGE_CURVE ( 'NONE', #2585, #2635, #1664, .T. ) ;
#256 = DIRECTION ( 'NONE',  ( -1.000000000000000000, -8.009252384165752639E-44, -2.941054730120090012E-29 ) ) ;
#257 = LENGTH_MEASURE_WITH_UNIT ( LENGTH_MEASURE( 0.02539999999999999897 ), #3890 );
#258 = AXIS2_PLACEMENT_3D ( 'NONE', #3810, #1496, #1852 ) ;
#259 = EDGE_LOOP ( 'NONE', ( #3554, #2015, #2349, #261 ) ) ;
#260 = VECTOR ( 'NONE', #1358, 39.37007874015748143 ) ;
#261 = ORIENTED_EDGE ( 'NONE', *, *, #2222, .T. ) ;
#262 = CARTESIAN_POINT ( 'NONE',  ( 0.09055118110236290430, -0.06692913385826509964, 0.2007874015748039864 ) ) ;
#263 = CARTESIAN_POINT ( 'NONE',  ( 0.004921259842519008429, 0.06496062992126050428, 0.1870078740157480046 ) ) ;
#264 = FACE_OUTER_BOUND ( 'NONE', #2758, .T. ) ;
#265 = LINE ( 'NONE', #1593, #1220 ) ;
#266 = PLANE ( 'NONE',  #4014 ) ;
#267 = UNCERTAINTY_MEASURE_WITH_UNIT (LENGTH_MEASURE( 1.000000000000000082E-05 ), #1265, 'distance_accuracy_value', 'NONE');
#268 = ORIENTED_EDGE ( 'NONE', *, *, #4299, .F. ) ;
#269 = SURFACE_STYLE_FILL_AREA ( #557 ) ;
#270 = PRODUCT_DEFINITION ( 'UNKNOWN', '', #2203, #3884 ) ;
#271 = DIRECTION ( 'NONE',  ( 1.224606353822379970E-16, 1.000000000000000000, 4.233543747740260162E-17 ) ) ;
#272 = ORIENTED_EDGE ( 'NONE', *, *, #3703, .F. ) ;
#273 = DIRECTION ( 'NONE',  ( 1.219403723456549750E-30, 1.262325447800814145E-44, -1.000000000000000000 ) ) ;
#274 = FACE_OUTER_BOUND ( 'NONE', #4099, .T. ) ;
#275 = DIRECTION ( 'NONE',  ( 0.2505628070857449652, -0.9351131265310246299, 0.2505628070857353618 ) ) ;
#276 = PLANE ( 'NONE',  #2905 ) ;
#277 = EDGE_CURVE ( 'NONE', #3493, #1042, #3624, .T. ) ;
#278 = DIRECTION ( 'NONE',  ( 1.182878904194699632E-16, 0.9659258262890666469, 0.2588190451025269567 ) ) ;
#279 = ORIENTED_EDGE ( 'NONE', *, *, #203, .T. ) ;
#280 = CARTESIAN_POINT ( 'NONE',  ( 0.05118110236220590331, -0.09842519685039040345, 0.2007874015748039864 ) ) ;
#281 = FACE_OUTER_BOUND ( 'NONE', #1138, .T. ) ;
#282 = DIRECTION ( 'NONE',  ( 1.000000000000000000, 1.035198944794589901E-14, 0.0000000000000000000 ) ) ;
#283 = EDGE_CURVE ( 'NONE', #3003, #2382, #2, .T. ) ;
#284 = PLANE ( 'NONE',  #2950 ) ;
#285 = ORIENTED_EDGE ( 'NONE', *, *, #1289, .T. ) ;
#286 = DIRECTION ( 'NONE',  ( 1.244717994301509988E-30, 1.315521273338831465E-44, -1.000000000000000000 ) ) ;
#287 = CARTESIAN_POINT ( 'NONE',  ( 0.1564960629921270108, -0.09842519685039040345, 0.2598425196850390195 ) ) ;
#288 = ORIENTED_EDGE ( 'NONE', *, *, #29, .T. ) ;
#289 = PLANE ( 'NONE',  #4199 ) ;
#290 = ORIENTED_EDGE ( 'NONE', *, *, #348, .F. ) ;
#291 = CARTESIAN_POINT ( 'NONE',  ( 0.1564960629921260116, -0.04330708661416989708, -4.007323011177260077E-16 ) ) ;
#292 = DIRECTION ( 'NONE',  ( 1.429623445970342509E-32, 1.167414689224859965E-16, -1.000000000000000000 ) ) ;
#293 = PLANE ( 'NONE',  #2877 ) ;
#294 = DIRECTION ( 'NONE',  ( -1.035198944794589901E-14, 1.000000000000000000, -0.0000000000000000000 ) ) ;
#295 = PRESENTATION_LAYER_ASSIGNMENT (  '', '', ( #575 ) ) ;
#296 = VERTEX_POINT ( 'NONE', #605 ) ;
#297 = CARTESIAN_POINT ( 'NONE',  ( 0.06496064212378628577, 0.02165354694438052438, 0.06889763506730732512 ) ) ;
#298 = FACE_OUTER_BOUND ( 'NONE', #3641, .T. ) ;
#299 = EDGE_CURVE ( 'NONE', #3385, #2920, #901, .T. ) ;
#300 = STYLED_ITEM ( 'NONE', ( #240 ), #3392 ) ;
#301 = CARTESIAN_POINT ( 'NONE',  ( -0.01279527559055023897, -0.09842519685039168020, 0.2598425196850390195 ) ) ;
#302 = AXIS2_PLACEMENT_3D ( 'NONE', #1715, #3660, #3677 ) ;
#303 = ORIENTED_EDGE ( 'NONE', *, *, #3764, .T. ) ;
#304 = LINE ( 'NONE', #4266, #2011 ) ;
#305 = EDGE_CURVE ( 'NONE', #2209, #3969, #1619, .T. ) ;
#306 = DIRECTION ( 'NONE',  ( -1.035198944794589901E-14, 1.000000000000000000, -0.0000000000000000000 ) ) ;
#307 = EDGE_CURVE ( 'NONE', #2155, #1778, #1299, .T. ) ;
#308 = DIRECTION ( 'NONE',  ( 1.000000000000000000, 1.035198944794589901E-14, 0.0000000000000000000 ) ) ;
#309 = DIRECTION ( 'NONE',  ( 1.000000000000000000, -1.272163194318223936E-48, 1.089726903440029871E-32 ) ) ;
#310 = ORIENTED_EDGE ( 'NONE', *, *, #3033, .T. ) ;
#311 = CARTESIAN_POINT ( 'NONE',  ( 0.004921259842519008429, 0.07086614173228419911, 0.1870078740157480046 ) ) ;
#312 =( GEOMETRIC_REPRESENTATION_CONTEXT ( 3 ) GLOBAL_UNCERTAINTY_ASSIGNED_CONTEXT ( ( #881 ) ) GLOBAL_UNIT_ASSIGNED_CONTEXT ( ( #559, #3499, #1552 ) ) REPRESENTATION_CONTEXT ( 'NONE', 'WORKASPACE' ) );
#313 = CARTESIAN_POINT ( 'NONE',  ( -0.03346456692913557518, 0.1771653543307090406, 0.01574803149606283231 ) ) ;
#314 = MECHANICAL_DESIGN_GEOMETRIC_PRESENTATION_REPRESENTATION (  '', ( #941 ), #2760 ) ;
#315 = AXIS2_PLACEMENT_3D ( 'NONE', #1312, #3900, #2262 ) ;
#316 = DIRECTION ( 'NONE',  ( -3.398965425289660775E-33, 4.162394656232306433E-49, -1.000000000000000000 ) ) ;
#317 = CARTESIAN_POINT ( 'NONE',  ( 0.06496064212378629965, -0.001968503937005637063, 0.09251968503937021970 ) ) ;
#318 = DIRECTION ( 'NONE',  ( 0.0000000000000000000, -1.000000000000000000, -1.167414689223770104E-16 ) ) ;
#319 = PRESENTATION_LAYER_ASSIGNMENT (  '', '', ( #2219 ) ) ;
#320 = SURFACE_SIDE_STYLE ('',( #4283 ) ) ;
#321 = VERTEX_POINT ( 'NONE', #578 ) ;
#322 = DIRECTION ( 'NONE',  ( 1.219403723456549750E-30, 1.262325447800814145E-44, -1.000000000000000000 ) ) ;
#323 = DIRECTION ( 'NONE',  ( -1.244717994301509988E-30, -1.315521273338831465E-44, 1.000000000000000000 ) ) ;
#324 = VECTOR ( 'NONE', #2071, 39.37007874015748143 ) ;
#325 = FACE_OUTER_BOUND ( 'NONE', #2706, .T. ) ;
#326 = SURFACE_STYLE_USAGE ( .BOTH. , #1948 ) ;
#327 = EDGE_LOOP ( 'NONE', ( #2113, #995, #211, #4158 ) ) ;
#328 = CARTESIAN_POINT ( 'NONE',  ( -0.02952755905511782880, -0.01377952755905368157, 0.2077478314662639658 ) ) ;
#329 = CARTESIAN_POINT ( 'NONE',  ( 0.02952755905511643755, 0.1624722409150849978, -0.01799632996797429982 ) ) ;
#330 = ADVANCED_FACE ( 'NONE', ( #4253 ), #2632, .F. ) ;
#331 = LINE ( 'NONE', #986, #2132 ) ;
#332 =( CONVERSION_BASED_UNIT ( 'INCH', #915 ) LENGTH_UNIT ( ) NAMED_UNIT ( #1113 ) );
#333 = ORIENTED_EDGE ( 'NONE', *, *, #1285, .F. ) ;
#334 = DIRECTION ( 'NONE',  ( 1.219403723456549750E-30, 1.262325447800814145E-44, -1.000000000000000000 ) ) ;
#335 = DIRECTION ( 'NONE',  ( -1.035198944794590058E-14, 1.000000000000000000, 1.167414689223770104E-16 ) ) ;
#336 = CARTESIAN_POINT ( 'NONE',  ( -0.04921259842519853239, 0.1624722409150840263, -4.437042276536330474E-16 ) ) ;
#337 = ORIENTED_EDGE ( 'NONE', *, *, #1020, .T. ) ;
#338 = DIRECTION ( 'NONE',  ( 1.224606353822379970E-16, 1.000000000000000000, -0.0000000000000000000 ) ) ;
#339 = CARTESIAN_POINT ( 'NONE',  ( 0.02952755905511845330, -0.03346456692913186981, 0.09251968503937020583 ) ) ;
#340 = CARTESIAN_POINT ( 'NONE',  ( -0.02952755905511770043, -0.03346456692913260533, 0.09251968503937020583 ) ) ;
#341 = DIRECTION ( 'NONE',  ( -1.000000000000000000, 1.224606353822360002E-16, 3.396617326346257808E-32 ) ) ;
#342 = ORIENTED_EDGE ( 'NONE', *, *, #3765, .T. ) ;
#343 = CARTESIAN_POINT ( 'NONE',  ( -0.04921259842519671440, -0.01377952755905373881, 0.2077478314662639658 ) ) ;
#344 = CARTESIAN_POINT ( 'NONE',  ( -0.09055118110236150264, -0.06692913385826700090, 0.2598425196850390195 ) ) ;
#345 = DIRECTION ( 'NONE',  ( 0.0000000000000000000, 1.000000000000000000, 1.167414689223770104E-16 ) ) ;
#346 = PLANE ( 'NONE',  #90 ) ;
#347 =( LENGTH_UNIT ( ) NAMED_UNIT ( * ) SI_UNIT ( $, .METRE. ) );
#348 = EDGE_CURVE ( 'NONE', #1513, #2515, #2960, .T. ) ;
#349 = ORIENTED_EDGE ( 'NONE', *, *, #3824, .F. ) ;
#350 = CARTESIAN_POINT ( 'NONE',  ( 0.09055118110236229367, -0.001968503937004480002, 0.2598425196850390195 ) ) ;
#351 = FILL_AREA_STYLE ('',( #3345 ) ) ;
#352 = DIRECTION ( 'NONE',  ( 1.000000000000000000, -1.224606353822379970E-16, -0.0000000000000000000 ) ) ;
#353 = EDGE_CURVE ( 'NONE', #3437, #3255, #922, .T. ) ;
#354 = DIRECTION ( 'NONE',  ( 0.0000000000000000000, 1.000000000000000000, 1.167414689223770104E-16 ) ) ;
#355 = EDGE_CURVE ( 'NONE', #735, #3128, #2270, .T. ) ;
#356 = DIRECTION ( 'NONE',  ( 1.056882988244299989E-14, -1.000000000000000000, 0.0000000000000000000 ) ) ;
#357 = EDGE_LOOP ( 'NONE', ( #1477, #2248, #1656, #3880 ) ) ;
#358 = CARTESIAN_POINT ( 'NONE',  ( 0.1309055118110240001, -0.04330708661417020239, 0.1574803149606300023 ) ) ;
#359 = FILL_AREA_STYLE_COLOUR ( '', #3173 ) ;
#360 = DIRECTION ( 'NONE',  ( 0.0000000000000000000, 1.000000000000000000, 1.167414689223770104E-16 ) ) ;
#361 = CARTESIAN_POINT ( 'NONE',  ( -0.02952755905511763104, -0.03346456692913253594, 0.2077478314662640213 ) ) ;
#362 = ORIENTED_EDGE ( 'NONE', *, *, #1584, .T. ) ;
#363 = PRESENTATION_LAYER_ASSIGNMENT (  '', '', ( #156 ) ) ;
#364 = ORIENTED_EDGE ( 'NONE', *, *, #2260, .F. ) ;
#365 = DIRECTION ( 'NONE',  ( 3.169514471228289254E-17, 0.2588190451025538796, -0.9659258262890594304 ) ) ;
#366 = VECTOR ( 'NONE', #3103, 39.37007874015748143 ) ;
#367 = CARTESIAN_POINT ( 'NONE',  ( 0.02952755905511646531, 0.1624722409150851365, -6.090233652961587655E-16 ) ) ;
#368 = VERTEX_POINT ( 'NONE', #1319 ) ;
#369 = LINE ( 'NONE', #2778, #260 ) ;
#370 = VECTOR ( 'NONE', #2458, 39.37007874015748143 ) ;
#371 = ORIENTED_EDGE ( 'NONE', *, *, #3626, .F. ) ;
#372 = DIRECTION ( 'NONE',  ( 0.0000000000000000000, 1.000000000000000000, 1.167414689223770104E-16 ) ) ;
#373 = VECTOR ( 'NONE', #1227, 39.37007874015748143 ) ;
#374 = VECTOR ( 'NONE', #2454, 39.37007874015748143 ) ;
#375 = SURFACE_STYLE_USAGE ( .BOTH. , #705 ) ;
#376 = EDGE_CURVE ( 'NONE', #2834, #2920, #1032, .T. ) ;
#377 = CARTESIAN_POINT ( 'NONE',  ( 0.04921259842519720012, -0.03346456692913177960, 0.09251968503937020583 ) ) ;
#378 =( GEOMETRIC_REPRESENTATION_CONTEXT ( 3 ) GLOBAL_UNCERTAINTY_ASSIGNED_CONTEXT ( ( #1402 ) ) GLOBAL_UNIT_ASSIGNED_CONTEXT ( ( #3061, #3348, #3412 ) ) REPRESENTATION_CONTEXT ( 'NONE', 'WORKASPACE' ) );
#379 =( CONVERSION_BASED_UNIT ( 'INCH', #707 ) LENGTH_UNIT ( ) NAMED_UNIT ( #3167 ) );
#380 = DIRECTION ( 'NONE',  ( 1.000000000000000000, 1.035198944794589901E-14, 0.0000000000000000000 ) ) ;
#381 = EDGE_CURVE ( 'NONE', #1949, #1146, #3974, .T. ) ;
#382 = EDGE_CURVE ( 'NONE', #803, #1461, #3686, .T. ) ;
#383 = VERTEX_POINT ( 'NONE', #311 ) ;
#384 = DIRECTION ( 'NONE',  ( -1.219403723456549750E-30, -1.262325447800814145E-44, 1.000000000000000000 ) ) ;
#385 = DIRECTION ( 'NONE',  ( -1.035198944794589901E-14, 1.000000000000000000, 0.0000000000000000000 ) ) ;
#386 = LINE ( 'NONE', #2013, #2558 ) ;
#387 = VECTOR ( 'NONE', #3757, 39.37007874015748143 ) ;
#388 = VECTOR ( 'NONE', #1738, 39.37007874015748143 ) ;
#389 = CARTESIAN_POINT ( 'NONE',  ( 0.1564960629921270108, -0.03346456692913379188, 0.2598425196850390195 ) ) ;
#390 = EDGE_CURVE ( 'NONE', #3893, #4105, #2041, .T. ) ;
#391 = ORIENTED_EDGE ( 'NONE', *, *, #3551, .T. ) ;
#392 = VECTOR ( 'NONE', #2330, 39.37007874015748143 ) ;
#393 = ORIENTED_EDGE ( 'NONE', *, *, #277, .T. ) ;
#394 = DIRECTION ( 'NONE',  ( 0.0000000000000000000, 0.9659258262890593194, 0.2588190451025538241 ) ) ;
#395 = CARTESIAN_POINT ( 'NONE',  ( 0.04527559055118138970, -0.01771653543306878423, 0.2224409448818899515 ) ) ;
#396 = LINE ( 'NONE', #2000, #2462 ) ;
#397 = EDGE_LOOP ( 'NONE', ( #847, #945, #362, #3384 ) ) ;
#398 = ORIENTED_EDGE ( 'NONE', *, *, #832, .F. ) ;
#399 = PLANE ( 'NONE',  #3865 ) ;
#400 = CARTESIAN_POINT ( 'NONE',  ( -0.1013779527559060950, 0.06692913385826791683, -2.079946012940571798E-16 ) ) ;
#401 =( NAMED_UNIT ( * ) SI_UNIT ( $, .STERADIAN. ) SOLID_ANGLE_UNIT ( ) );
#402 = UNCERTAINTY_MEASURE_WITH_UNIT (LENGTH_MEASURE( 1.000000000000000082E-05 ), #3644, 'distance_accuracy_value', 'NONE');
#403 = DIRECTION ( 'NONE',  ( 0.0000000000000000000, -1.000000000000000000, -1.167414689223770104E-16 ) ) ;
#404 = FACE_OUTER_BOUND ( 'NONE', #2924, .T. ) ;
#405 = ORIENTED_EDGE ( 'NONE', *, *, #3115, .F. ) ;
#406 = PLANE ( 'NONE',  #3573 ) ;
#407 = EDGE_CURVE ( 'NONE', #4252, #1310, #3958, .T. ) ;
#408 = CARTESIAN_POINT ( 'NONE',  ( -0.02952755905511770043, -0.03346456692913264003, 0.2077478314662640213 ) ) ;
#409 = ORIENTED_EDGE ( 'NONE', *, *, #2653, .F. ) ;
#410 = EDGE_LOOP ( 'NONE', ( #1088, #310, #288, #3311 ) ) ;
#411 = FACE_OUTER_BOUND ( 'NONE', #4134, .T. ) ;
#412 = SURFACE_STYLE_USAGE ( .BOTH. , #2750 ) ;
#413 = EDGE_CURVE ( 'NONE', #3898, #811, #3386, .T. ) ;
#414 = ORIENTED_EDGE ( 'NONE', *, *, #2519, .F. ) ;
#415 = FACE_OUTER_BOUND ( 'NONE', #3755, .T. ) ;
#416 = ORIENTED_EDGE ( 'NONE', *, *, #381, .F. ) ;
#417 = CARTESIAN_POINT ( 'NONE',  ( -0.1545275590551180023, -0.04330708661417303346, 1.904467213606313862E-18 ) ) ;
#418 = DIRECTION ( 'NONE',  ( 0.0000000000000000000, 1.000000000000000000, 4.233543747729280204E-17 ) ) ;
#419 =( LENGTH_UNIT ( ) NAMED_UNIT ( * ) SI_UNIT ( $, .METRE. ) );
#420 = LINE ( 'NONE', #117, #508 ) ;
#421 = CARTESIAN_POINT ( 'NONE',  ( 0.1564960629921250124, 0.09842519685039639865, 0.2598425196850390195 ) ) ;
#422 = ORIENTED_EDGE ( 'NONE', *, *, #427, .T. ) ;
#423 = DIRECTION ( 'NONE',  ( 1.000000000000000000, 1.035198944794589901E-14, 1.219403723456549750E-30 ) ) ;
#424 = CARTESIAN_POINT ( 'NONE',  ( 0.1013779527559059979, 0.09842519685039639865, -3.841862661523499345E-16 ) ) ;
#425 = LINE ( 'NONE', #1352, #1296 ) ;
#426 = VERTEX_POINT ( 'NONE', #4313 ) ;
#427 = EDGE_CURVE ( 'NONE', #1867, #1200, #1381, .T. ) ;
#428 = ORIENTED_EDGE ( 'NONE', *, *, #3007, .F. ) ;
#429 = CARTESIAN_POINT ( 'NONE',  ( -0.1564960629921250124, -0.09842519685039370636, 0.2598425196850390195 ) ) ;
#430 =( GEOMETRIC_REPRESENTATION_CONTEXT ( 3 ) GLOBAL_UNCERTAINTY_ASSIGNED_CONTEXT ( ( #2247 ) ) GLOBAL_UNIT_ASSIGNED_CONTEXT ( ( #2916, #3690, #3008 ) ) REPRESENTATION_CONTEXT ( 'NONE', 'WORKASPACE' ) );
#431 =( NAMED_UNIT ( * ) SI_UNIT ( $, .STERADIAN. ) SOLID_ANGLE_UNIT ( ) );
#432 = ADVANCED_FACE ( 'NONE', ( #1703 ), #3342, .T. ) ;
#433 = ADVANCED_FACE ( 'NONE', ( #2715 ), #2350, .F. ) ;
#434 = ORIENTED_EDGE ( 'NONE', *, *, #4046, .T. ) ;
#435 = ORIENTED_EDGE ( 'NONE', *, *, #4162, .F. ) ;
#436 = VECTOR ( 'NONE', #138, 39.37007874015748143 ) ;
#437 = DIRECTION ( 'NONE',  ( 1.000000000000000000, 1.040834085586085992E-14, 0.0000000000000000000 ) ) ;
#438 = AXIS2_PLACEMENT_3D ( 'NONE', #1588, #1213, #1965 ) ;
#439 = AXIS2_PLACEMENT_3D ( 'NONE', #2680, #714, #4005 ) ;
#440 = PLANE ( 'NONE',  #4073 ) ;
#441 = CARTESIAN_POINT ( 'NONE',  ( -0.09055118110236158591, -0.06692913385826700090, 0.2598425196850390195 ) ) ;
#442 = AXIS2_PLACEMENT_3D ( 'NONE', #443, #2163, #2769 ) ;
#443 = CARTESIAN_POINT ( 'NONE',  ( -0.1309055118110230009, -0.04330708661417290162, 1.789572697884379915E-18 ) ) ;
#444 = ORIENTED_EDGE ( 'NONE', *, *, #1509, .F. ) ;
#445 = VECTOR ( 'NONE', #309, 39.37007874015748143 ) ;
#446 = VECTOR ( 'NONE', #34, 39.37007874015748143 ) ;
#447 = DIRECTION ( 'NONE',  ( 0.2505628070857423007, -0.9351131265310222984, -0.2505628070857465750 ) ) ;
#448 = VECTOR ( 'NONE', #2096, 39.37007874015748143 ) ;
#449 = DIRECTION ( 'NONE',  ( 1.429623445970342509E-32, 1.167414689224859965E-16, -1.000000000000000000 ) ) ;
#450 = DIRECTION ( 'NONE',  ( 1.035198944794590058E-14, -1.000000000000000000, -1.167414689223770104E-16 ) ) ;
#451 = STYLED_ITEM ( 'NONE', ( #1709 ), #140 ) ;
#452 = VECTOR ( 'NONE', #1401, 39.37007874015748143 ) ;
#453 = FACE_BOUND ( 'NONE', #3275, .T. ) ;
#454 = DIMENSIONAL_EXPONENTS ( 1.000000000000000000, 0.0000000000000000000, 0.0000000000000000000, 0.0000000000000000000, 0.0000000000000000000, 0.0000000000000000000, 0.0000000000000000000 ) ;
#455 = ORIENTED_EDGE ( 'NONE', *, *, #1153, .F. ) ;
#456 = ORIENTED_EDGE ( 'NONE', *, *, #3284, .T. ) ;
#457 = VECTOR ( 'NONE', #663, 39.37007874015748143 ) ;
#458 = DIRECTION ( 'NONE',  ( 0.0000000000000000000, 0.7071067811865510144, -0.7071067811865440200 ) ) ;
#459 = VECTOR ( 'NONE', #1817, 39.37007874015748143 ) ;
#460 = MECHANICAL_DESIGN_GEOMETRIC_PRESENTATION_REPRESENTATION (  '', ( #2405 ), #3306 ) ;
#461 = SURFACE_STYLE_USAGE ( .BOTH. , #4096 ) ;
#462 = ORIENTED_EDGE ( 'NONE', *, *, #173, .T. ) ;
#463 = DIRECTION ( 'NONE',  ( -1.244717994301509988E-30, -1.315521273338831465E-44, 1.000000000000000000 ) ) ;
#464 = ORIENTED_EDGE ( 'NONE', *, *, #4264, .F. ) ;
#465 = DIRECTION ( 'NONE',  ( 1.000000000000000000, 1.040834085586085992E-14, 0.0000000000000000000 ) ) ;
#466 = VECTOR ( 'NONE', #4133, 39.37007874015748143 ) ;
#467 = EDGE_CURVE ( 'NONE', #2602, #1694, #48, .T. ) ;
#468 = PLANE ( 'NONE',  #867 ) ;
#469 = DIRECTION ( 'NONE',  ( 1.000000000000000000, 8.009252384165752639E-44, 2.941054730120090012E-29 ) ) ;
#470 = ORIENTED_EDGE ( 'NONE', *, *, #1341, .F. ) ;
#471 = CARTESIAN_POINT ( 'NONE',  ( -0.1407480314960619927, -0.04330708661417299876, 0.0000000000000000000 ) ) ;
#472 = EDGE_CURVE ( 'NONE', #1667, #1739, #23, .T. ) ;
#473 = VECTOR ( 'NONE', #3133, 39.37007874015748143 ) ;
#474 = CARTESIAN_POINT ( 'NONE',  ( -0.05118110236220380083, -0.09842519685039079202, 1.489533867024387883E-16 ) ) ;
#475 = VERTEX_POINT ( 'NONE', #3004 ) ;
#476 = DIRECTION ( 'NONE',  ( -1.000000000000000000, 1.224606353822379970E-16, 0.0000000000000000000 ) ) ;
#477 = DIRECTION ( 'NONE',  ( -1.000000000000000000, -0.0000000000000000000, 0.0000000000000000000 ) ) ;
#478 = CARTESIAN_POINT ( 'NONE',  ( -0.03346456692913549191, 0.1771653543307090406, -0.004076905141467770249 ) ) ;
#479 = CARTESIAN_POINT ( 'NONE',  ( -0.05118110236220380083, -0.09842519685039040345, 1.536664496436148184E-16 ) ) ;
#480 = ORIENTED_EDGE ( 'NONE', *, *, #1741, .F. ) ;
#481 = VERTEX_POINT ( 'NONE', #4297 ) ;
#482 = VERTEX_POINT ( 'NONE', #1318 ) ;
#483 = PLANE ( 'NONE',  #1792 ) ;
#484 = DIMENSIONAL_EXPONENTS ( 1.000000000000000000, 0.0000000000000000000, 0.0000000000000000000, 0.0000000000000000000, 0.0000000000000000000, 0.0000000000000000000, 0.0000000000000000000 ) ;
#485 = ORIENTED_EDGE ( 'NONE', *, *, #3399, .T. ) ;
#486 = DIRECTION ( 'NONE',  ( 1.000000000000000000, -1.224606353822379970E-16, -0.0000000000000000000 ) ) ;
#487 = ADVANCED_FACE ( 'NONE', ( #702 ), #399, .T. ) ;
#488 = FACE_OUTER_BOUND ( 'NONE', #4196, .T. ) ;
#489 = UNCERTAINTY_MEASURE_WITH_UNIT (LENGTH_MEASURE( 1.000000000000000082E-05 ), #3838, 'distance_accuracy_value', 'NONE');
#490 = LINE ( 'NONE', #3180, #2195 ) ;
#491 = LINE ( 'NONE', #1516, #1846 ) ;
#492 = ORIENTED_EDGE ( 'NONE', *, *, #3732, .T. ) ;
#493 = EDGE_CURVE ( 'NONE', #2756, #4238, #3325, .T. ) ;
#494 = EDGE_CURVE ( 'NONE', #2460, #3437, #2324, .T. ) ;
#495 = SURFACE_STYLE_FILL_AREA ( #2836 ) ;
#496 = CARTESIAN_POINT ( 'NONE',  ( 0.1564960629921250679, 0.06692913385827090056, -3.008347479537428654E-16 ) ) ;
#497 = FILL_AREA_STYLE ('',( #1169 ) ) ;
#498 = SURFACE_STYLE_FILL_AREA ( #2859 ) ;
#499 = EDGE_LOOP ( 'NONE', ( #3051, #500, #746, #2452 ) ) ;
#500 = ORIENTED_EDGE ( 'NONE', *, *, #2243, .F. ) ;
#501 = FILL_AREA_STYLE ('',( #2123 ) ) ;
#502 = ORIENTED_EDGE ( 'NONE', *, *, #2757, .F. ) ;
#503 = FACE_OUTER_BOUND ( 'NONE', #2777, .T. ) ;
#504 = ORIENTED_EDGE ( 'NONE', *, *, #1602, .T. ) ;
#505 = DIRECTION ( 'NONE',  ( -3.321193409529909890E-30, 3.208265837431779828E-16, -1.000000000000000000 ) ) ;
#506 =( GEOMETRIC_REPRESENTATION_CONTEXT ( 3 ) GLOBAL_UNCERTAINTY_ASSIGNED_CONTEXT ( ( #1224 ) ) GLOBAL_UNIT_ASSIGNED_CONTEXT ( ( #3364, #3648, #1337 ) ) REPRESENTATION_CONTEXT ( 'NONE', 'WORKASPACE' ) );
#507 = SURFACE_SIDE_STYLE ('',( #2158 ) ) ;
#508 = VECTOR ( 'NONE', #3735, 39.37007874015748143 ) ;
#509 = LINE ( 'NONE', #3094, #2878 ) ;
#510 = DIMENSIONAL_EXPONENTS ( 1.000000000000000000, 0.0000000000000000000, 0.0000000000000000000, 0.0000000000000000000, 0.0000000000000000000, 0.0000000000000000000, 0.0000000000000000000 ) ;
#511 = EDGE_CURVE ( 'NONE', #2323, #2681, #2665, .T. ) ;
#512 = STYLED_ITEM ( 'NONE', ( #2789 ), #3580 ) ;
#513 = CARTESIAN_POINT ( 'NONE',  ( 0.06496064212378629965, 0.05118110236220729109, 0.08070865959867730421 ) ) ;
#514 = EDGE_LOOP ( 'NONE', ( #1718, #629, #1317, #3174 ) ) ;
#515 = FACE_OUTER_BOUND ( 'NONE', #3488, .T. ) ;
#516 = AXIS2_PLACEMENT_3D ( 'NONE', #709, #2048, #380 ) ;
#517 = CARTESIAN_POINT ( 'NONE',  ( -0.02952755905511968842, 0.1624722409150839986, 0.01968503937007850743 ) ) ;
#518 = VECTOR ( 'NONE', #3913, 39.37007874015748143 ) ;
#519 = PRESENTATION_STYLE_ASSIGNMENT (( #3528 ) ) ;
#520 = EDGE_CURVE ( 'NONE', #1721, #3261, #2064, .T. ) ;
#521 = LINE ( 'NONE', #3461, #2397 ) ;
#522 = VECTOR ( 'NONE', #2482, 39.37007874015748143 ) ;
#523 = PRESENTATION_LAYER_ASSIGNMENT (  '', '', ( #2133 ) ) ;
#524 = ORIENTED_EDGE ( 'NONE', *, *, #36, .F. ) ;
#525 = ORIENTED_EDGE ( 'NONE', *, *, #472, .T. ) ;
#526 = CARTESIAN_POINT ( 'NONE',  ( 0.1564960629921270108, -0.09842519685039040345, 1.365923996832131609E-16 ) ) ;
#527 = CARTESIAN_POINT ( 'NONE',  ( -0.03937007874015929776, 0.1771653543307089851, 0.01574803149606280109 ) ) ;
#528 = VECTOR ( 'NONE', #980, 39.37007874015748143 ) ;
#529 = VECTOR ( 'NONE', #335, 39.37007874015748143 ) ;
#530 = ADVANCED_FACE ( 'NONE', ( #2627 ), #2022, .F. ) ;
#532 = ORIENTED_EDGE ( 'NONE', *, *, #1549, .F. ) ;
#531 = PRESENTATION_LAYER_ASSIGNMENT (  '', '', ( #2405 ) ) ;
#533 = CARTESIAN_POINT ( 'NONE',  ( -0.03149606299212769772, 0.1698187976228970053, -0.004076905141467770249 ) ) ;
#534 = VERTEX_POINT ( 'NONE', #2179 ) ;
#535 =( LENGTH_UNIT ( ) NAMED_UNIT ( * ) SI_UNIT ( $, .METRE. ) );
#536 = VECTOR ( 'NONE', #3014, 39.37007874015748143 ) ;
#537 =( NAMED_UNIT ( * ) SI_UNIT ( $, .STERADIAN. ) SOLID_ANGLE_UNIT ( ) );
#538 = MECHANICAL_DESIGN_GEOMETRIC_PRESENTATION_REPRESENTATION (  '', ( #2623 ), #1644 ) ;
#539 = EDGE_LOOP ( 'NONE', ( #742, #1968, #2626, #2747 ) ) ;
#540 = LINE ( 'NONE', #4206, #3638 ) ;
#541 = LINE ( 'NONE', #3097, #2962 ) ;
#542 = VERTEX_POINT ( 'NONE', #2822 ) ;
#543 = CARTESIAN_POINT ( 'NONE',  ( -0.04527559055118179215, 0.06102362204724476324, 0.1723147606001229903 ) ) ;
#544 = MECHANICAL_DESIGN_GEOMETRIC_PRESENTATION_REPRESENTATION (  '', ( #2228 ), #1512 ) ;
#545 = CARTESIAN_POINT ( 'NONE',  ( -0.01279527559055008805, -0.09842519685039149979, 0.09251968503937020583 ) ) ;
#546 = DIRECTION ( 'NONE',  ( -1.000000000000000000, 1.272163194318223936E-48, -1.089726903440029871E-32 ) ) ;
#547 = DIMENSIONAL_EXPONENTS ( 1.000000000000000000, 0.0000000000000000000, 0.0000000000000000000, 0.0000000000000000000, 0.0000000000000000000, 0.0000000000000000000, 0.0000000000000000000 ) ;
#548 = ORIENTED_EDGE ( 'NONE', *, *, #2790, .T. ) ;
#549 = SURFACE_STYLE_USAGE ( .BOTH. , #3533 ) ;
#550 = EDGE_CURVE ( 'NONE', #4020, #2399, #3770, .T. ) ;
#551 = FACE_OUTER_BOUND ( 'NONE', #1389, .T. ) ;
#552 = ORIENTED_EDGE ( 'NONE', *, *, #2846, .F. ) ;
#553 = PLANE ( 'NONE',  #1871 ) ;
#554 = EDGE_CURVE ( 'NONE', #2795, #1858, #3798, .T. ) ;
#555 = DIRECTION ( 'NONE',  ( 1.000000000000000000, -1.272163194318223936E-48, 1.089726903440029871E-32 ) ) ;
#556 = VERTEX_POINT ( 'NONE', #417 ) ;
#557 = FILL_AREA_STYLE ('',( #1597 ) ) ;
#558 = ORIENTED_EDGE ( 'NONE', *, *, #3879, .T. ) ;
#559 =( CONVERSION_BASED_UNIT ( 'INCH', #2188 ) LENGTH_UNIT ( ) NAMED_UNIT ( #484 ) );
#560 = LINE ( 'NONE', #1940, #167 ) ;
#561 = CARTESIAN_POINT ( 'NONE',  ( 0.04921259842519713767, -0.03346456692913164777, 0.2077478314662649372 ) ) ;
#562 = EDGE_LOOP ( 'NONE', ( #176, #3875, #2055, #2261 ) ) ;
#563 = ORIENTED_EDGE ( 'NONE', *, *, #1889, .F. ) ;
#564 = CARTESIAN_POINT ( 'NONE',  ( -0.1309055118110230009, -0.04330708661417290162, 0.1574803149606300023 ) ) ;
#565 = FILL_AREA_STYLE_COLOUR ( '', #645 ) ;
#566 = EDGE_CURVE ( 'NONE', #3221, #1591, #1483, .T. ) ;
#567 = VERTEX_POINT ( 'NONE', #1743 ) ;
#568 = DIMENSIONAL_EXPONENTS ( 1.000000000000000000, 0.0000000000000000000, 0.0000000000000000000, 0.0000000000000000000, 0.0000000000000000000, 0.0000000000000000000, 0.0000000000000000000 ) ;
#569 = PLANE ( 'NONE',  #3587 ) ;
#570 = EDGE_CURVE ( 'NONE', #3540, #3546, #2474, .T. ) ;
#571 = LINE ( 'NONE', #2927, #3439 ) ;
#572 =( NAMED_UNIT ( * ) SI_UNIT ( $, .STERADIAN. ) SOLID_ANGLE_UNIT ( ) );
#573 = EDGE_LOOP ( 'NONE', ( #206, #4228, #414, #3981, #3312, #3506 ) ) ;
#574 = DIRECTION ( 'NONE',  ( 1.000000000000000000, 1.035198944794589901E-14, 1.219403723456549750E-30 ) ) ;
#575 = STYLED_ITEM ( 'NONE', ( #3390 ), #3087 ) ;
#576 = MECHANICAL_DESIGN_GEOMETRIC_PRESENTATION_REPRESENTATION (  '', ( #1617 ), #3639 ) ;
#577 = ORIENTED_EDGE ( 'NONE', *, *, #472, .F. ) ;
#578 = CARTESIAN_POINT ( 'NONE',  ( 0.1564960629921253732, 0.04330708661417598249, 0.01968503937007850049 ) ) ;
#579 =( LENGTH_UNIT ( ) NAMED_UNIT ( * ) SI_UNIT ( $, .METRE. ) );
#580 = VECTOR ( 'NONE', #3081, 39.37007874015748143 ) ;
#581 = ORIENTED_EDGE ( 'NONE', *, *, #4054, .T. ) ;
#582 =( GEOMETRIC_REPRESENTATION_CONTEXT ( 3 ) GLOBAL_UNCERTAINTY_ASSIGNED_CONTEXT ( ( #1746 ) ) GLOBAL_UNIT_ASSIGNED_CONTEXT ( ( #1943, #2235, #1897 ) ) REPRESENTATION_CONTEXT ( 'NONE', 'WORKASPACE' ) );
#583 = ORIENTED_EDGE ( 'NONE', *, *, #381, .T. ) ;
#584 = STYLED_ITEM ( 'NONE', ( #1882 ), #1769 ) ;
#585 = SURFACE_STYLE_FILL_AREA ( #2238 ) ;
#586 = DIRECTION ( 'NONE',  ( 1.035198944794590058E-14, -1.000000000000000000, -1.167414689223759997E-16 ) ) ;
#587 = MECHANICAL_DESIGN_GEOMETRIC_PRESENTATION_REPRESENTATION (  '', ( #1919 ), #933 ) ;
#588 = COLOUR_RGB ( '',0.9490196078431372140, 0.9490196078431372140, 0.9490196078431372140 ) ;
#589 = CARTESIAN_POINT ( 'NONE',  ( -0.04527559055118079295, -0.02952755905511696838, 0.2224409448818900070 ) ) ;
#590 = VERTEX_POINT ( 'NONE', #812 ) ;
#591 = VECTOR ( 'NONE', #2780, 39.37007874015748143 ) ;
#592 = DIRECTION ( 'NONE',  ( 0.0000000000000000000, -2.773640129944130029E-16, 1.000000000000000000 ) ) ;
#593 = VECTOR ( 'NONE', #2604, 39.37007874015748143 ) ;
#594 = CARTESIAN_POINT ( 'NONE',  ( -0.01279527559055009672, -0.06692913385826700090, 0.09251968503937020583 ) ) ;
#595 = VECTOR ( 'NONE', #638, 39.37007874015748143 ) ;
#596 = DIRECTION ( 'NONE',  ( -1.000000000000000000, 9.174411140098523755E-46, 3.368909354510710099E-31 ) ) ;
#597 = DIRECTION ( 'NONE',  ( 1.000000000000000000, 1.035198944794589901E-14, 1.219403723456549750E-30 ) ) ;
#598 = EDGE_CURVE ( 'NONE', #3969, #2795, #750, .T. ) ;
#599 = EDGE_LOOP ( 'NONE', ( #1397, #2054, #1486, #841, #4177, #3762, #2861, #1880, #821, #3475, #3826, #2570, #3769, #837, #3149, #4284 ) ) ;
#600 = CARTESIAN_POINT ( 'NONE',  ( -0.1309055118110230009, -0.04330708661417290162, 0.1574803149606300023 ) ) ;
#601 = STYLED_ITEM ( 'NONE', ( #1446 ), #697 ) ;
#602 = VECTOR ( 'NONE', #3724, 39.37007874015748143 ) ;
#603 = VECTOR ( 'NONE', #1251, 39.37007874015748854 ) ;
#604 = VERTEX_POINT ( 'NONE', #85 ) ;
#605 = CARTESIAN_POINT ( 'NONE',  ( 0.01279526948928919744, -0.06692913385826584904, 0.06889763506730725573 ) ) ;
#606 = ADVANCED_FACE ( 'NONE', ( #3471 ), #2131, .T. ) ;
#607 = DIRECTION ( 'NONE',  ( 1.000000000000000000, 1.035198944794589901E-14, 0.0000000000000000000 ) ) ;
#608 = VECTOR ( 'NONE', #1954, 39.37007874015748143 ) ;
#609 = ORIENTED_EDGE ( 'NONE', *, *, #2679, .F. ) ;
#610 = STYLED_ITEM ( 'NONE', ( #2177 ), #1525 ) ;
#611 = VERTEX_POINT ( 'NONE', #3819 ) ;
#612 = CARTESIAN_POINT ( 'NONE',  ( -0.1564960629921268720, 0.06692913385826779193, -3.029690041987913038E-16 ) ) ;
#613 = DIRECTION ( 'NONE',  ( 1.000000000000000000, 1.035198944794589901E-14, 1.219403723456549750E-30 ) ) ;
#614 = LINE ( 'NONE', #963, #1689 ) ;
#615 = ORIENTED_EDGE ( 'NONE', *, *, #866, .T. ) ;
#616 = PRESENTATION_STYLE_ASSIGNMENT (( #2592 ) ) ;
#617 = PRESENTATION_STYLE_ASSIGNMENT (( #1996 ) ) ;
#618 = CARTESIAN_POINT ( 'NONE',  ( 0.09055118110236266837, -0.03346456692913159225, 0.2598425196850390195 ) ) ;
#619 = DIRECTION ( 'NONE',  ( 0.0000000000000000000, 1.000000000000000000, 1.167414689223770104E-16 ) ) ;
#620 = VERTEX_POINT ( 'NONE', #2427 ) ;
#621 = EDGE_CURVE ( 'NONE', #3261, #4307, #4051, .T. ) ;
#622 = ORIENTED_EDGE ( 'NONE', *, *, #948, .T. ) ;
#623 = DIRECTION ( 'NONE',  ( -1.219403723456549750E-30, -1.262325447800814145E-44, 1.000000000000000000 ) ) ;
#624 = DIRECTION ( 'NONE',  ( 0.0000000000000000000, -1.000000000000000000, -1.167414689223770104E-16 ) ) ;
#625 = CARTESIAN_POINT ( 'NONE',  ( 0.1210629921259849945, -0.09842519685039040345, 0.2598425196850390195 ) ) ;
#626 = CARTESIAN_POINT ( 'NONE',  ( -0.04921259842519849076, 0.1624722409150840541, -6.411754020637787903E-16 ) ) ;
#627 = CARTESIAN_POINT ( 'NONE',  ( 0.04921259842519699890, -0.01574803149606079922, 0.2150943881740769725 ) ) ;
#628 = EDGE_CURVE ( 'NONE', #2569, #2635, #3135, .T. ) ;
#629 = ORIENTED_EDGE ( 'NONE', *, *, #866, .F. ) ;
#630 = ORIENTED_EDGE ( 'NONE', *, *, #736, .F. ) ;
#631 = DIRECTION ( 'NONE',  ( -1.000000000000000000, 1.272163194318223936E-48, -1.089726903440029871E-32 ) ) ;
#632 = ORIENTED_EDGE ( 'NONE', *, *, #3247, .T. ) ;
#633 = DIRECTION ( 'NONE',  ( 1.000000000000000000, 1.035198944794589901E-14, 0.0000000000000000000 ) ) ;
#634 = LENGTH_MEASURE_WITH_UNIT ( LENGTH_MEASURE( 0.02539999999999999897 ), #1262 );
#635 = LINE ( 'NONE', #3953, #2616 ) ;
#636 = LINE ( 'NONE', #2643, #1159 ) ;
#637 = ORIENTED_EDGE ( 'NONE', *, *, #307, .F. ) ;
#638 = DIRECTION ( 'NONE',  ( 1.000000000000000000, -1.224606353822360002E-16, -3.396617326346257808E-32 ) ) ;
#639 = DIRECTION ( 'NONE',  ( -1.646035147422552224E-31, 1.000000000000000000, 1.167414689223770104E-16 ) ) ;
#640 = LINE ( 'NONE', #1648, #1506 ) ;
#641 = VECTOR ( 'NONE', #607, 39.37007874015748143 ) ;
#642 = ORIENTED_EDGE ( 'NONE', *, *, #2186, .T. ) ;
#643 = ORIENTED_EDGE ( 'NONE', *, *, #1584, .F. ) ;
#644 = LINE ( 'NONE', #4022, #1921 ) ;
#645 = COLOUR_RGB ( '',0.9490196078431372140, 0.9490196078431372140, 0.9490196078431372140 ) ;
#646 = CARTESIAN_POINT ( 'NONE',  ( 0.1564960629921260116, -0.03346456692913089143, 0.1850393700787399953 ) ) ;
#647 = AXIS2_PLACEMENT_3D ( 'NONE', #2492, #829, #2085 ) ;
#648 = EDGE_CURVE ( 'NONE', #1874, #3113, #1158, .T. ) ;
#649 = LINE ( 'NONE', #1992, #2740 ) ;
#650 = VERTEX_POINT ( 'NONE', #768 ) ;
#651 = FILL_AREA_STYLE ('',( #2575 ) ) ;
#652 = FACE_OUTER_BOUND ( 'NONE', #4113, .T. ) ;
#653 = EDGE_CURVE ( 'NONE', #1891, #2460, #1641, .T. ) ;
#654 = COLOUR_RGB ( '',0.9490196078431372140, 0.9490196078431372140, 0.9490196078431372140 ) ;
#655 = SURFACE_STYLE_USAGE ( .BOTH. , #1313 ) ;
#656 = DIRECTION ( 'NONE',  ( -1.219403723456549750E-30, -1.262325447800814145E-44, 1.000000000000000000 ) ) ;
#657 = MECHANICAL_DESIGN_GEOMETRIC_PRESENTATION_REPRESENTATION (  '', ( #2275 ), #1923 ) ;
#658 = CARTESIAN_POINT ( 'NONE',  ( 0.1564960629921270108, -0.06692913385826700090, 0.2598425196850390195 ) ) ;
#659 = ORIENTED_EDGE ( 'NONE', *, *, #4130, .T. ) ;
#660 = DIRECTION ( 'NONE',  ( 1.000000000000000000, 1.035198944794589901E-14, 0.0000000000000000000 ) ) ;
#661 =( NAMED_UNIT ( * ) PLANE_ANGLE_UNIT ( ) SI_UNIT ( $, .RADIAN. ) );
#662 = VECTOR ( 'NONE', #3091, 39.37007874015748143 ) ;
#663 = DIRECTION ( 'NONE',  ( -1.035198944794589901E-14, 1.000000000000000000, 0.0000000000000000000 ) ) ;
#664 = VECTOR ( 'NONE', #2908, 39.37007874015748143 ) ;
#665 = CARTESIAN_POINT ( 'NONE',  ( 0.1564960629921265112, -0.09842519685039040345, 0.2598425196850390195 ) ) ;
#666 = LINE ( 'NONE', #2027, #2285 ) ;
#667 = VECTOR ( 'NONE', #1264, 39.37007874015748143 ) ;
#668 = VECTOR ( 'NONE', #3334, 39.37007874015748143 ) ;
#669 = PRESENTATION_STYLE_ASSIGNMENT (( #4037 ) ) ;
#670 = ORIENTED_EDGE ( 'NONE', *, *, #3263, .T. ) ;
#671 = ORIENTED_EDGE ( 'NONE', *, *, #3086, .F. ) ;
#672 = DIRECTION ( 'NONE',  ( 1.000000000000000000, 1.035198944794589901E-14, 1.219403723456549750E-30 ) ) ;
#673 = VECTOR ( 'NONE', #903, 39.37007874015748143 ) ;
#674 = DIRECTION ( 'NONE',  ( 3.111844268123129878E-30, -2.773640129943030061E-16, 1.000000000000000000 ) ) ;
#675 = LINE ( 'NONE', #389, #580 ) ;
#676 = EDGE_CURVE ( 'NONE', #2147, #1310, #2497, .T. ) ;
#677 = ORIENTED_EDGE ( 'NONE', *, *, #3247, .F. ) ;
#678 = SURFACE_SIDE_STYLE ('',( #4045 ) ) ;
#679 = DIRECTION ( 'NONE',  ( 1.089726903440029871E-32, 1.167414689223770104E-16, -1.000000000000000000 ) ) ;
#680 = EDGE_CURVE ( 'NONE', #3898, #3678, #834, .T. ) ;
#681 = ADVANCED_FACE ( 'NONE', ( #3447 ), #2108, .T. ) ;
#682 = ORIENTED_EDGE ( 'NONE', *, *, #3979, .T. ) ;
#683 = DIRECTION ( 'NONE',  ( -1.219403723456549750E-30, -1.262325447800814145E-44, 1.000000000000000000 ) ) ;
#684 =( NAMED_UNIT ( * ) PLANE_ANGLE_UNIT ( ) SI_UNIT ( $, .RADIAN. ) );
#685 = CARTESIAN_POINT ( 'NONE',  ( 0.004921259842519006694, 0.06102362204724481182, 0.06889763779527580123 ) ) ;
#686 = LINE ( 'NONE', #1034, #4120 ) ;
#687 =( LENGTH_UNIT ( ) NAMED_UNIT ( * ) SI_UNIT ( $, .METRE. ) );
#688 = VERTEX_POINT ( 'NONE', #1071 ) ;
#689 = FACE_OUTER_BOUND ( 'NONE', #846, .T. ) ;
#690 = CARTESIAN_POINT ( 'NONE',  ( -0.02952755905511790166, -0.01377952755905370065, 0.01968503937007850049 ) ) ;
#691 = CARTESIAN_POINT ( 'NONE',  ( -0.04921259842519849770, 0.09842519685039639865, -3.841862661523498852E-16 ) ) ;
#692 = ORIENTED_EDGE ( 'NONE', *, *, #2288, .T. ) ;
#693 = ORIENTED_EDGE ( 'NONE', *, *, #2019, .F. ) ;
#694 = CARTESIAN_POINT ( 'NONE',  ( 0.1564960629921250124, 0.09842519685039644028, -3.073328992872296367E-16 ) ) ;
#695 = SURFACE_STYLE_FILL_AREA ( #1350 ) ;
#696 = CARTESIAN_POINT ( 'NONE',  ( -0.1564960629921270663, 0.09842519685039639865, -3.841862661523498359E-16 ) ) ;
#697 = ADVANCED_FACE ( 'NONE', ( #3423 ), #2404, .F. ) ;
#698 = LENGTH_MEASURE_WITH_UNIT ( LENGTH_MEASURE( 0.02539999999999999897 ), #2379 );
#699 = EDGE_LOOP ( 'NONE', ( #2842, #179, #3994, #148 ) ) ;
#700 = DIRECTION ( 'NONE',  ( -1.000000000000000000, 1.224606353822379970E-16, 3.398965425289660775E-33 ) ) ;
#701 = ORIENTED_EDGE ( 'NONE', *, *, #4191, .F. ) ;
#702 = FACE_OUTER_BOUND ( 'NONE', #2075, .T. ) ;
#703 = EDGE_CURVE ( 'NONE', #2021, #1672, #3882, .T. ) ;
#704 = ADVANCED_FACE ( 'NONE', ( #852 ), #569, .F. ) ;
#705 = SURFACE_SIDE_STYLE ('',( #49 ) ) ;
#706 =( CONVERSION_BASED_UNIT ( 'INCH', #1300 ) LENGTH_UNIT ( ) NAMED_UNIT ( #547 ) );
#707 = LENGTH_MEASURE_WITH_UNIT ( LENGTH_MEASURE( 0.02539999999999999897 ), #3997 );
#708 = EDGE_CURVE ( 'NONE', #2993, #604, #898, .T. ) ;
#709 = CARTESIAN_POINT ( 'NONE',  ( 0.1564960629921270108, -0.06692913385826440575, 0.01968503937007879540 ) ) ;
#710 = ORIENTED_EDGE ( 'NONE', *, *, #3164, .F. ) ;
#711 = PRESENTATION_STYLE_ASSIGNMENT (( #3694 ) ) ;
#712 = CARTESIAN_POINT ( 'NONE',  ( -0.06496064212378481473, -0.06692913385826611272, 0.09251968503937026134 ) ) ;
#713 =( NAMED_UNIT ( * ) PLANE_ANGLE_UNIT ( ) SI_UNIT ( $, .RADIAN. ) );
#714 = DIRECTION ( 'NONE',  ( -0.9659258262890709767, 0.2588190451025110805, 1.095721750189759920E-17 ) ) ;
#715 = VERTEX_POINT ( 'NONE', #3922 ) ;
#716 = CIRCLE ( 'NONE', #1268, 0.01968503937007870866 ) ;
#717 = ORIENTED_EDGE ( 'NONE', *, *, #3764, .F. ) ;
#718 = CARTESIAN_POINT ( 'NONE',  ( -0.1564960629921260116, -0.04330708661417319999, -4.007323011177260077E-16 ) ) ;
#719 = LINE ( 'NONE', #2057, #602 ) ;
#720 = AXIS2_PLACEMENT_3D ( 'NONE', #2598, #918, #2912 ) ;
#721 = LENGTH_MEASURE_WITH_UNIT ( LENGTH_MEASURE( 0.02539999999999999897 ), #1046 );
#722 = EDGE_LOOP ( 'NONE', ( #3341, #1507, #2107, #2182, #2792, #3950, #3863, #3745, #504, #710 ) ) ;
#723 = SURFACE_SIDE_STYLE ('',( #82 ) ) ;
#724 = VECTOR ( 'NONE', #2672, 39.37007874015748143 ) ;
#725 = ORIENTED_EDGE ( 'NONE', *, *, #2568, .F. ) ;
#726 = DIRECTION ( 'NONE',  ( -0.0000000000000000000, 1.000000000000000000, 1.167414689223770104E-16 ) ) ;
#727 = VECTOR ( 'NONE', #840, 39.37007874015748143 ) ;
#728 = MECHANICAL_DESIGN_GEOMETRIC_PRESENTATION_REPRESENTATION (  '', ( #3040 ), #1847 ) ;
#729 = SURFACE_STYLE_USAGE ( .BOTH. , #1725 ) ;
#730 = EDGE_CURVE ( 'NONE', #567, #4250, #1906, .T. ) ;
#731 =( NAMED_UNIT ( * ) PLANE_ANGLE_UNIT ( ) SI_UNIT ( $, .RADIAN. ) );
#732 = LINE ( 'NONE', #2367, #2664 ) ;
#733 = CARTESIAN_POINT ( 'NONE',  ( 0.1564960629921268442, -0.06692913385826440575, 1.008322030796436917E-16 ) ) ;
#734 = PRESENTATION_LAYER_ASSIGNMENT (  '', '', ( #3800 ) ) ;
#735 = VERTEX_POINT ( 'NONE', #246 ) ;
#736 = EDGE_CURVE ( 'NONE', #2865, #3113, #1570, .T. ) ;
#737 = LINE ( 'NONE', #3063, #668 ) ;
#738 = VECTOR ( 'NONE', #3598, 39.37007874015748143 ) ;
#739 = COLOUR_RGB ( '',0.9490196078431372140, 0.9490196078431372140, 0.9490196078431372140 ) ;
#740 = SURFACE_SIDE_STYLE ('',( #2374 ) ) ;
#741 = EDGE_LOOP ( 'NONE', ( #272, #220, #4165, #2049 ) ) ;
#742 = ORIENTED_EDGE ( 'NONE', *, *, #3450, .F. ) ;
#743 = LINE ( 'NONE', #3680, #3849 ) ;
#744 = LINE ( 'NONE', #2084, #388 ) ;
#745 = VECTOR ( 'NONE', #1508, 39.37007874015748143 ) ;
#746 = ORIENTED_EDGE ( 'NONE', *, *, #3421, .F. ) ;
#747 = LINE ( 'NONE', #1067, #1373 ) ;
#748 = COLOUR_RGB ( '',0.9490196078431372140, 0.9490196078431372140, 0.9490196078431372140 ) ;
#749 = ORIENTED_EDGE ( 'NONE', *, *, #2407, .T. ) ;
#750 = LINE ( 'NONE', #1110, #662 ) ;
#751 = FACE_OUTER_BOUND ( 'NONE', #4043, .T. ) ;
#752 = PLANE ( 'NONE',  #3522 ) ;
#753 = UNCERTAINTY_MEASURE_WITH_UNIT (LENGTH_MEASURE( 1.000000000000000082E-05 ), #3048, 'distance_accuracy_value', 'NONE');
#754 = CARTESIAN_POINT ( 'NONE',  ( -0.1309055118110230009, -0.04330708661417290162, 0.01771653543307079651 ) ) ;
#755 = LINE ( 'NONE', #421, #724 ) ;
#756 = VERTEX_POINT ( 'NONE', #3258 ) ;
#757 = CARTESIAN_POINT ( 'NONE',  ( -0.1545275590551180023, -0.04330708661417310285, 0.009842519685039309227 ) ) ;
#758 = CARTESIAN_POINT ( 'NONE',  ( 0.1564960629921256230, 0.04330708661417594085, 0.2598425196850390195 ) ) ;
#759 = EDGE_CURVE ( 'NONE', #2010, #1667, #265, .T. ) ;
#760 = EDGE_CURVE ( 'NONE', #4178, #1778, #2284, .T. ) ;
#761 = CARTESIAN_POINT ( 'NONE',  ( -0.1545275590551183076, 0.04330708661417310285, 8.645444421722544251E-18 ) ) ;
#762 = VERTEX_POINT ( 'NONE', #4091 ) ;
#763 = ORIENTED_EDGE ( 'NONE', *, *, #1473, .T. ) ;
#764 = LINE ( 'NONE', #2016, #1271 ) ;
#765 =( CONVERSION_BASED_UNIT ( 'INCH', #4029 ) LENGTH_UNIT ( ) NAMED_UNIT ( #454 ) );
#766 = ORIENTED_EDGE ( 'NONE', *, *, #703, .T. ) ;
#767 = ORIENTED_EDGE ( 'NONE', *, *, #2181, .T. ) ;
#768 = CARTESIAN_POINT ( 'NONE',  ( 0.1564960629921265667, -0.06692913385826440575, 0.01968503937007879193 ) ) ;
#769 =( LENGTH_UNIT ( ) NAMED_UNIT ( * ) SI_UNIT ( $, .METRE. ) );
#770 = CARTESIAN_POINT ( 'NONE',  ( 0.04921259842519720012, -0.03346456692913166164, 0.2077478314662649928 ) ) ;
#771 = LINE ( 'NONE', #139, #2605 ) ;
#772 = EDGE_LOOP ( 'NONE', ( #2848, #3044, #1173, #3140 ) ) ;
#773 = PLANE ( 'NONE',  #3039 ) ;
#774 = CARTESIAN_POINT ( 'NONE',  ( -0.04921259842519652011, -0.03346456692913279268, 0.2077478314662639658 ) ) ;
#775 = LINE ( 'NONE', #1808, #466 ) ;
#776 =( LENGTH_UNIT ( ) NAMED_UNIT ( * ) SI_UNIT ( $, .METRE. ) );
#777 = EDGE_LOOP ( 'NONE', ( #3132, #3876, #984, #3178 ) ) ;
#778 = ORIENTED_EDGE ( 'NONE', *, *, #3846, .T. ) ;
#779 = CARTESIAN_POINT ( 'NONE',  ( -0.1387795275590550104, -0.04330708661417303346, 0.009842519685039304023 ) ) ;
#780 = ADVANCED_FACE ( 'NONE', ( #4011 ), #1971, .T. ) ;
#781 = CARTESIAN_POINT ( 'NONE',  ( 0.1013779527559059979, -0.06692913385826490535, 0.01968503937007879540 ) ) ;
#782 = VECTOR ( 'NONE', #3494, 39.37007874015748143 ) ;
#783 = ORIENTED_EDGE ( 'NONE', *, *, #3548, .T. ) ;
#784 = CARTESIAN_POINT ( 'NONE',  ( 0.05118110236220590331, -0.06692913385826468331, 0.2007874015748039864 ) ) ;
#785 = DIMENSIONAL_EXPONENTS ( 1.000000000000000000, 0.0000000000000000000, 0.0000000000000000000, 0.0000000000000000000, 0.0000000000000000000, 0.0000000000000000000, 0.0000000000000000000 ) ;
#786 = ORIENTED_EDGE ( 'NONE', *, *, #3840, .F. ) ;
#787 = CARTESIAN_POINT ( 'NONE',  ( 0.1564960629921260116, -0.04330708661416989708, 0.01968503937007860111 ) ) ;
#788 =( LENGTH_UNIT ( ) NAMED_UNIT ( * ) SI_UNIT ( $, .METRE. ) );
#789 = LINE ( 'NONE', #4058, #1999 ) ;
#790 = LINE ( 'NONE', #2135, #2326 ) ;
#791 =( GEOMETRIC_REPRESENTATION_CONTEXT ( 3 ) GLOBAL_UNCERTAINTY_ASSIGNED_CONTEXT ( ( #2110 ) ) GLOBAL_UNIT_ASSIGNED_CONTEXT ( ( #3054, #684, #2716 ) ) REPRESENTATION_CONTEXT ( 'NONE', 'WORKASPACE' ) );
#792 = DIRECTION ( 'NONE',  ( -1.000000000000000000, -5.175994723972902172E-15, -5.175994723972953448E-15 ) ) ;
#793 = ORIENTED_EDGE ( 'NONE', *, *, #1238, .T. ) ;
#794 = PRESENTATION_LAYER_ASSIGNMENT (  '', '', ( #2275 ) ) ;
#795 = VECTOR ( 'NONE', #1018, 39.37007874015748143 ) ;
#796 = VECTOR ( 'NONE', #3246, 39.37007874015748143 ) ;
#797 = SURFACE_STYLE_USAGE ( .BOTH. , #4041 ) ;
#798 = PLANE ( 'NONE',  #258 ) ;
#799 = VECTOR ( 'NONE', #3907, 39.37007874015748143 ) ;
#800 = VECTOR ( 'NONE', #2007, 39.37007874015748143 ) ;
#801 = LENGTH_MEASURE_WITH_UNIT ( LENGTH_MEASURE( 0.02539999999999999897 ), #776 );
#802 = ORIENTED_EDGE ( 'NONE', *, *, #2181, .F. ) ;
#803 = VERTEX_POINT ( 'NONE', #3990 ) ;
#804 = LINE ( 'NONE', #3763, #1197 ) ;
#805 = AXIS2_PLACEMENT_3D ( 'NONE', #1467, #1400, #2734 ) ;
#806 = DIRECTION ( 'NONE',  ( 1.000000000000000000, 1.035198944794589901E-14, 1.219403723456549750E-30 ) ) ;
#807 = VECTOR ( 'NONE', #3294, 39.37007874015748143 ) ;
#808 = EDGE_CURVE ( 'NONE', #14, #1831, #1674, .T. ) ;
#809 = ORIENTED_EDGE ( 'NONE', *, *, #1454, .T. ) ;
#810 = LINE ( 'NONE', #1465, #2291 ) ;
#811 = VERTEX_POINT ( 'NONE', #1951 ) ;
#812 = CARTESIAN_POINT ( 'NONE',  ( 0.1387795275590559541, -0.04330708661416999422, 0.009842519685039305757 ) ) ;
#813 = EDGE_CURVE ( 'NONE', #2382, #2900, #2036, .T. ) ;
#814 = PLANE ( 'NONE',  #937 ) ;
#815 = STYLED_ITEM ( 'NONE', ( #3620 ), #1202 ) ;
#816 = CARTESIAN_POINT ( 'NONE',  ( -0.1564960629921250124, -0.09842519685039370636, 0.2598425196850390195 ) ) ;
#817 = EDGE_LOOP ( 'NONE', ( #2320, #250, #198, #2639 ) ) ;
#818 = CARTESIAN_POINT ( 'NONE',  ( -0.01279527253991894452, -0.06692913385826579353, 0.06889763506730725573 ) ) ;
#819 = DIMENSIONAL_EXPONENTS ( 1.000000000000000000, 0.0000000000000000000, 0.0000000000000000000, 0.0000000000000000000, 0.0000000000000000000, 0.0000000000000000000, 0.0000000000000000000 ) ;
#820 = LINE ( 'NONE', #2783, #2272 ) ;
#821 = ORIENTED_EDGE ( 'NONE', *, *, #3611, .T. ) ;
#822 = LINE ( 'NONE', #3143, #3110 ) ;
#823 =( NAMED_UNIT ( * ) PLANE_ANGLE_UNIT ( ) SI_UNIT ( $, .RADIAN. ) );
#824 = DIRECTION ( 'NONE',  ( -1.000000000000000000, -1.035198944794589901E-14, -0.0000000000000000000 ) ) ;
#825 = ORIENTED_EDGE ( 'NONE', *, *, #3743, .F. ) ;
#826 = EDGE_LOOP ( 'NONE', ( #1084, #1685, #2358, #1676 ) ) ;
#827 = CARTESIAN_POINT ( 'NONE',  ( 0.01279526948928919917, 0.05118110236220670128, 0.08070865959867730421 ) ) ;
#828 = LENGTH_MEASURE_WITH_UNIT ( LENGTH_MEASURE( 0.02539999999999999897 ), #2844 );
#829 = DIRECTION ( 'NONE',  ( 0.0000000000000000000, 0.0000000000000000000, 1.000000000000000000 ) ) ;
#830 = EDGE_LOOP ( 'NONE', ( #2479, #2554, #1723, #725 ) ) ;
#831 = CARTESIAN_POINT ( 'NONE',  ( 0.09055118110236223816, -0.001968503937005156110, 0.09251968503937020583 ) ) ;
#832 = EDGE_CURVE ( 'NONE', #2920, #620, #3277, .T. ) ;
#833 = ORIENTED_EDGE ( 'NONE', *, *, #3711, .F. ) ;
#834 = LINE ( 'NONE', #787, #3799 ) ;
#835 = EDGE_CURVE ( 'NONE', #2171, #2510, #635, .T. ) ;
#836 = UNCERTAINTY_MEASURE_WITH_UNIT (LENGTH_MEASURE( 1.000000000000000082E-05 ), #3558, 'distance_accuracy_value', 'NONE');
#837 = ORIENTED_EDGE ( 'NONE', *, *, #1932, .F. ) ;
#838 = LINE ( 'NONE', #2161, #1345 ) ;
#839 = EDGE_CURVE ( 'NONE', #735, #3457, #3019, .T. ) ;
#840 = DIRECTION ( 'NONE',  ( -1.244717994301509988E-30, -1.315521273338831465E-44, 1.000000000000000000 ) ) ;
#841 = ORIENTED_EDGE ( 'NONE', *, *, #2080, .F. ) ;
#842 =( LENGTH_UNIT ( ) NAMED_UNIT ( * ) SI_UNIT ( $, .METRE. ) );
#843 = EDGE_CURVE ( 'NONE', #756, #567, #2306, .T. ) ;
#844 =( NAMED_UNIT ( * ) SI_UNIT ( $, .STERADIAN. ) SOLID_ANGLE_UNIT ( ) );
#845 = DIMENSIONAL_EXPONENTS ( 1.000000000000000000, 0.0000000000000000000, 0.0000000000000000000, 0.0000000000000000000, 0.0000000000000000000, 0.0000000000000000000, 0.0000000000000000000 ) ;
#846 = EDGE_LOOP ( 'NONE', ( #3729, #290, #1049, #2975 ) ) ;
#847 = ORIENTED_EDGE ( 'NONE', *, *, #1829, .F. ) ;
#848 = LINE ( 'NONE', #527, #1642 ) ;
#849 = EDGE_LOOP ( 'NONE', ( #81, #3070, #2421, #552 ) ) ;
#850 = CARTESIAN_POINT ( 'NONE',  ( 0.1387795275590550659, 0.04330708661417616290, 0.009842519685039314431 ) ) ;
#851 = ORIENTED_EDGE ( 'NONE', *, *, #4215, .F. ) ;
#852 = FACE_OUTER_BOUND ( 'NONE', #4048, .T. ) ;
#853 = CARTESIAN_POINT ( 'NONE',  ( 0.1564960629921270108, -0.06692913385826437800, 0.06889763415798451363 ) ) ;
#854 = MECHANICAL_DESIGN_GEOMETRIC_PRESENTATION_REPRESENTATION (  '', ( #1276 ), #2813 ) ;
#855 = AXIS2_PLACEMENT_3D ( 'NONE', #4008, #365, #394 ) ;
#856 = ORIENTED_EDGE ( 'NONE', *, *, #1455, .T. ) ;
#857 =( CONVERSION_BASED_UNIT ( 'INCH', #3904 ) LENGTH_UNIT ( ) NAMED_UNIT ( #3850 ) );
#858 = PRESENTATION_LAYER_ASSIGNMENT (  '', '', ( #3778 ) ) ;
#859 = DIRECTION ( 'NONE',  ( 1.035198944794589901E-14, -1.000000000000000000, -0.0000000000000000000 ) ) ;
#860 = EDGE_CURVE ( 'NONE', #4000, #3255, #425, .T. ) ;
#861 = ORIENTED_EDGE ( 'NONE', *, *, #1161, .T. ) ;
#862 = DIRECTION ( 'NONE',  ( 1.224606353822379970E-16, 1.000000000000000000, 1.167414689224859965E-16 ) ) ;
#863 = CARTESIAN_POINT ( 'NONE',  ( 0.04527559055117936354, 0.1771653543307100398, 0.01574803149606315844 ) ) ;
#864 = STYLED_ITEM ( 'NONE', ( #4314 ), #4026 ) ;
#865 = DIRECTION ( 'NONE',  ( -1.000000000000000000, 1.224606353822379970E-16, 0.0000000000000000000 ) ) ;
#866 = EDGE_CURVE ( 'NONE', #1586, #2433, #1633, .T. ) ;
#867 = AXIS2_PLACEMENT_3D ( 'NONE', #1888, #202, #1594 ) ;
#868 = VECTOR ( 'NONE', #2806, 39.37007874015748143 ) ;
#869 = ORIENTED_EDGE ( 'NONE', *, *, #63, .F. ) ;
#870 = ORIENTED_EDGE ( 'NONE', *, *, #1238, .F. ) ;
#871 = SURFACE_STYLE_FILL_AREA ( #501 ) ;
#872 =( LENGTH_UNIT ( ) NAMED_UNIT ( * ) SI_UNIT ( $, .METRE. ) );
#873 = AXIS2_PLACEMENT_3D ( 'NONE', #1625, #2300, #1945 ) ;
#874 = EDGE_LOOP ( 'NONE', ( #3404, #2413, #2931, #1560, #1109, #3034, #1420 ) ) ;
#875 = DIRECTION ( 'NONE',  ( 1.000000000000000000, -1.272163194318223936E-48, 1.089726903440029871E-32 ) ) ;
#876 = DIMENSIONAL_EXPONENTS ( 1.000000000000000000, 0.0000000000000000000, 0.0000000000000000000, 0.0000000000000000000, 0.0000000000000000000, 0.0000000000000000000, 0.0000000000000000000 ) ;
#877 = DIRECTION ( 'NONE',  ( 0.0000000000000000000, 2.723258531077519969E-15, 1.000000000000000000 ) ) ;
#878 = AXIS2_PLACEMENT_3D ( 'NONE', #2097, #1021, #360 ) ;
#879 = LINE ( 'NONE', #4183, #1989 ) ;
#880 = VECTOR ( 'NONE', #2352, 39.37007874015748143 ) ;
#881 = UNCERTAINTY_MEASURE_WITH_UNIT (LENGTH_MEASURE( 1.000000000000000082E-05 ), #559, 'distance_accuracy_value', 'NONE');
#882 = VECTOR ( 'NONE', #2381, 39.37007874015748143 ) ;
#883 = SURFACE_SIDE_STYLE ('',( #252 ) ) ;
#884 = ORIENTED_EDGE ( 'NONE', *, *, #1147, .T. ) ;
#885 = FILL_AREA_STYLE_COLOUR ( '', #3932 ) ;
#886 = LINE ( 'NONE', #4212, #1425 ) ;
#887 = VECTOR ( 'NONE', #3468, 39.37007874015748143 ) ;
#888 = CARTESIAN_POINT ( 'NONE',  ( -0.03346456692913549191, 0.1771653543307090406, 0.01574803149606280109 ) ) ;
#889 = EDGE_CURVE ( 'NONE', #475, #1949, #2978, .T. ) ;
#890 = LENGTH_MEASURE_WITH_UNIT ( LENGTH_MEASURE( 0.02539999999999999897 ), #1304 );
#891 = ORIENTED_EDGE ( 'NONE', *, *, #3026, .T. ) ;
#892 = ORIENTED_EDGE ( 'NONE', *, *, #2315, .T. ) ;
#893 = LINE ( 'NONE', #1947, #4074 ) ;
#894 = ADVANCED_FACE ( 'NONE', ( #4292 ), #2773, .F. ) ;
#895 = ORIENTED_EDGE ( 'NONE', *, *, #1256, .F. ) ;
#896 = CARTESIAN_POINT ( 'NONE',  ( -0.1564960629921250124, -0.06692913385826759765, 0.01968503937007879540 ) ) ;
#897 = LINE ( 'NONE', #1726, #452 ) ;
#898 = LINE ( 'NONE', #2226, #667 ) ;
#899 = LINE ( 'NONE', #3236, #1628 ) ;
#900 = VERTEX_POINT ( 'NONE', #3125 ) ;
#901 = LINE ( 'NONE', #3005, #3181 ) ;
#902 = SURFACE_STYLE_FILL_AREA ( #3908 ) ;
#903 = DIRECTION ( 'NONE',  ( 1.035198944794589901E-14, -1.000000000000000000, -0.0000000000000000000 ) ) ;
#904 = DIRECTION ( 'NONE',  ( 0.0000000000000000000, -1.000000000000000000, 2.723258531077630015E-15 ) ) ;
#905 = ORIENTED_EDGE ( 'NONE', *, *, #1997, .F. ) ;
#906 = ORIENTED_EDGE ( 'NONE', *, *, #3157, .F. ) ;
#907 = LINE ( 'NONE', #3272, #1985 ) ;
#908 = LINE ( 'NONE', #263, #2889 ) ;
#909 = LINE ( 'NONE', #4306, #4124 ) ;
#910 = EDGE_CURVE ( 'NONE', #59, #4027, #125, .T. ) ;
#911 = ORIENTED_EDGE ( 'NONE', *, *, #570, .F. ) ;
#912 =( NAMED_UNIT ( * ) SI_UNIT ( $, .STERADIAN. ) SOLID_ANGLE_UNIT ( ) );
#913 = DIRECTION ( 'NONE',  ( 1.224606353822360002E-16, 1.000000000000000000, 2.773640129944130029E-16 ) ) ;
#914 = DIRECTION ( 'NONE',  ( -1.000000000000000000, 1.272163194318223936E-48, -1.089726903440029871E-32 ) ) ;
#915 = LENGTH_MEASURE_WITH_UNIT ( LENGTH_MEASURE( 0.02539999999999999897 ), #4226 );
#916 = UNCERTAINTY_MEASURE_WITH_UNIT (LENGTH_MEASURE( 1.000000000000000082E-05 ), #1329, 'distance_accuracy_value', 'NONE');
#917 = ORIENTED_EDGE ( 'NONE', *, *, #3165, .T. ) ;
#918 = DIRECTION ( 'NONE',  ( -1.035198944794590058E-14, 1.000000000000000000, 1.167414689223779965E-16 ) ) ;
#919 = COLOUR_RGB ( '',0.9490196078431372140, 0.9490196078431372140, 0.9490196078431372140 ) ;
#920 = COLOUR_RGB ( '',0.9490196078431372140, 0.9490196078431372140, 0.9490196078431372140 ) ;
#921 = VERTEX_POINT ( 'NONE', #163 ) ;
#922 = LINE ( 'NONE', #2932, #4276 ) ;
#923 = PLANE ( 'NONE',  #3789 ) ;
#924 = CARTESIAN_POINT ( 'NONE',  ( 0.1564960629921260116, -0.001968503937004480002, 0.2598425196850390195 ) ) ;
#925 = LINE ( 'NONE', #1979, #1151 ) ;
#926 = VECTOR ( 'NONE', #3949, 39.37007874015748143 ) ;
#927 =( GEOMETRIC_REPRESENTATION_CONTEXT ( 3 ) GLOBAL_UNCERTAINTY_ASSIGNED_CONTEXT ( ( #753 ) ) GLOBAL_UNIT_ASSIGNED_CONTEXT ( ( #3048, #2467, #2175 ) ) REPRESENTATION_CONTEXT ( 'NONE', 'WORKASPACE' ) );
#928 = EDGE_LOOP ( 'NONE', ( #1128, #911, #1466, #3088 ) ) ;
#929 = AXIS2_PLACEMENT_3D ( 'NONE', #3830, #2191, #3759 ) ;
#930 = PRESENTATION_LAYER_ASSIGNMENT (  '', '', ( #3037 ) ) ;
#931 =( CONVERSION_BASED_UNIT ( 'INCH', #3877 ) LENGTH_UNIT ( ) NAMED_UNIT ( #2170 ) );
#932 = PLANE ( 'NONE',  #878 ) ;
#933 =( GEOMETRIC_REPRESENTATION_CONTEXT ( 3 ) GLOBAL_UNCERTAINTY_ASSIGNED_CONTEXT ( ( #3075 ) ) GLOBAL_UNIT_ASSIGNED_CONTEXT ( ( #950, #2292, #2913 ) ) REPRESENTATION_CONTEXT ( 'NONE', 'WORKASPACE' ) );
#934 = DIRECTION ( 'NONE',  ( 1.035198944794589901E-14, -1.000000000000000000, 0.0000000000000000000 ) ) ;
#935 = ORIENTED_EDGE ( 'NONE', *, *, #3477, .F. ) ;
#936 = CARTESIAN_POINT ( 'NONE',  ( -0.1407480314960629086, 0.04330708661417315836, 9.771638570658653530E-18 ) ) ;
#937 = AXIS2_PLACEMENT_3D ( 'NONE', #2825, #1744, #3821 ) ;
#938 = AXIS2_PLACEMENT_3D ( 'NONE', #1877, #862, #476 ) ;
#939 = DIRECTION ( 'NONE',  ( -1.035198944794589901E-14, 1.000000000000000000, 0.0000000000000000000 ) ) ;
#940 = ADVANCED_FACE ( 'NONE', ( #145, #190 ), #798, .F. ) ;
#941 = STYLED_ITEM ( 'NONE', ( #1645 ), #330 ) ;
#942 = MECHANICAL_DESIGN_GEOMETRIC_PRESENTATION_REPRESENTATION (  '', ( #3315 ), #1498 ) ;
#943 = PLANE ( 'NONE',  #1558 ) ;
#944 = PLANE ( 'NONE',  #3459 ) ;
#945 = ORIENTED_EDGE ( 'NONE', *, *, #2707, .T. ) ;
#946 = DIRECTION ( 'NONE',  ( -1.000000000000000000, -1.035198944794589901E-14, -1.219403723456549750E-30 ) ) ;
#947 = COLOUR_RGB ( '',0.9490196078431372140, 0.9490196078431372140, 0.9490196078431372140 ) ;
#948 = EDGE_CURVE ( 'NONE', #3416, #3818, #775, .T. ) ;
#949 = ADVANCED_FACE ( 'NONE', ( #1457 ), #4156, .T. ) ;
#950 =( CONVERSION_BASED_UNIT ( 'INCH', #1535 ) LENGTH_UNIT ( ) NAMED_UNIT ( #4180 ) );
#951 = AXIS2_PLACEMENT_3D ( 'NONE', #1666, #1682, #1035 ) ;
#952 = ORIENTED_EDGE ( 'NONE', *, *, #4191, .T. ) ;
#953 = DIRECTION ( 'NONE',  ( 1.000000000000000000, -1.272163194318223936E-48, 1.089726903440029871E-32 ) ) ;
#954 = CARTESIAN_POINT ( 'NONE',  ( 0.1564960629921255675, 0.04330708661417590616, 0.2598425196850390195 ) ) ;
#955 = LINE ( 'NONE', #2606, #1615 ) ;
#956 = DIRECTION ( 'NONE',  ( 1.000000000000000000, 1.121935118593429940E-14, 0.0000000000000000000 ) ) ;
#957 = DIRECTION ( 'NONE',  ( 3.368909354510710099E-31, 2.723258531077630015E-15, 1.000000000000000000 ) ) ;
#958 = ORIENTED_EDGE ( 'NONE', *, *, #2120, .T. ) ;
#959 = PRESENTATION_LAYER_ASSIGNMENT (  '', '', ( #2228 ) ) ;
#960 = PLANE ( 'NONE',  #1995 ) ;
#961 = DIRECTION ( 'NONE',  ( 1.000000000000000000, -1.224606353822379970E-16, -0.0000000000000000000 ) ) ;
#962 = DIRECTION ( 'NONE',  ( 1.000000000000000000, -1.272163194318223936E-48, 1.089726903440029871E-32 ) ) ;
#963 = CARTESIAN_POINT ( 'NONE',  ( -0.1309055118110230009, -0.04330708661417290162, 0.1574803149606300023 ) ) ;
#964 = ORIENTED_EDGE ( 'NONE', *, *, #299, .T. ) ;
#965 =( NAMED_UNIT ( * ) PLANE_ANGLE_UNIT ( ) SI_UNIT ( $, .RADIAN. ) );
#966 = PLANE ( 'NONE',  #315 ) ;
#967 = DIRECTION ( 'NONE',  ( -1.058385936934950563E-17, 2.835936570821657510E-18, -1.000000000000000000 ) ) ;
#968 = SURFACE_SIDE_STYLE ('',( #1029 ) ) ;
#969 = ADVANCED_FACE ( 'NONE', ( #3434 ), #2214, .F. ) ;
#970 = ORIENTED_EDGE ( 'NONE', *, *, #1078, .F. ) ;
#971 = DIRECTION ( 'NONE',  ( 0.9659258262890653146, 0.2588190451025318417, 1.095721750189999197E-17 ) ) ;
#972 =( CONVERSION_BASED_UNIT ( 'INCH', #1892 ) LENGTH_UNIT ( ) NAMED_UNIT ( #1515 ) );
#973 = ADVANCED_FACE ( 'NONE', ( #1143 ), #2486, .F. ) ;
#974 = DIRECTION ( 'NONE',  ( -1.000000000000000000, 9.174411140098523755E-46, 3.368909354510710099E-31 ) ) ;
#975 = CARTESIAN_POINT ( 'NONE',  ( 0.1545275590551180023, -0.04330708661416989708, 0.009842519685039309227 ) ) ;
#976 = DIRECTION ( 'NONE',  ( 1.224606353822379970E-16, 1.000000000000000000, 1.167414689224859965E-16 ) ) ;
#977 = PLANE ( 'NONE',  #4150 ) ;
#978 = VERTEX_POINT ( 'NONE', #561 ) ;
#979 = EDGE_CURVE ( 'NONE', #3416, #3160, #1621, .T. ) ;
#980 = DIRECTION ( 'NONE',  ( 0.0000000000000000000, 1.000000000000000000, 1.167414689223770104E-16 ) ) ;
#981 = DIRECTION ( 'NONE',  ( -1.089726903440029871E-32, -1.167414689223770104E-16, 1.000000000000000000 ) ) ;
#982 = DIRECTION ( 'NONE',  ( -1.219403723456549750E-30, -1.262325447800814145E-44, 1.000000000000000000 ) ) ;
#983 = CARTESIAN_POINT ( 'NONE',  ( 0.1545275590551190015, 0.04330708661417610739, 0.009842519685039319635 ) ) ;
#984 = ORIENTED_EDGE ( 'NONE', *, *, #839, .T. ) ;
#985 = PLANE ( 'NONE',  #1362 ) ;
#986 = CARTESIAN_POINT ( 'NONE',  ( 0.1545275590551190015, -0.04330708661417020239, 1.789572697884680360E-18 ) ) ;
#987 = FILL_AREA_STYLE ('',( #3298 ) ) ;
#988 = ORIENTED_EDGE ( 'NONE', *, *, #3874, .F. ) ;
#989 = DIRECTION ( 'NONE',  ( 0.0000000000000000000, -0.2588190451025201844, -0.9659258262890684232 ) ) ;
#990 = CARTESIAN_POINT ( 'NONE',  ( 0.04921259842519699890, -0.01377952755905289921, 0.09251968503937020583 ) ) ;
#991 = LINE ( 'NONE', #2989, #529 ) ;
#992 = CARTESIAN_POINT ( 'NONE',  ( -0.09055118110236294593, 0.07086614173228421298, 0.09251968503937020583 ) ) ;
#993 = EDGE_CURVE ( 'NONE', #756, #3221, #1896, .T. ) ;
#994 = SURFACE_STYLE_FILL_AREA ( #2651 ) ;
#995 = ORIENTED_EDGE ( 'NONE', *, *, #2357, .F. ) ;
#996 = CARTESIAN_POINT ( 'NONE',  ( 0.1545275590551181133, 0.04330708661417629474, 0.009842519685039309227 ) ) ;
#997 = LINE ( 'NONE', #1669, #3570 ) ;
#998 = VECTOR ( 'NONE', #3897, 39.37007874015748143 ) ;
#999 =( CONVERSION_BASED_UNIT ( 'INCH', #4002 ) LENGTH_UNIT ( ) NAMED_UNIT ( #2255 ) );
#1000 = VECTOR ( 'NONE', #1105, 39.37007874015748143 ) ;
#1001 = EDGE_CURVE ( 'NONE', #3221, #2528, #1582, .T. ) ;
#1002 = LINE ( 'NONE', #3316, #1062 ) ;
#1003 = COLOUR_RGB ( '',0.9490196078431372140, 0.9490196078431372140, 0.9490196078431372140 ) ;
#1004 = EDGE_LOOP ( 'NONE', ( #435, #3280, #2673, #3072, #3835, #895, #2153, #1332 ) ) ;
#1005 = SURFACE_STYLE_FILL_AREA ( #3597 ) ;
#1006 = AXIS2_PLACEMENT_3D ( 'NONE', #120, #3478, #2803 ) ;
#1007 = VECTOR ( 'NONE', #1214, 39.37007874015748143 ) ;
#1008 = DIRECTION ( 'NONE',  ( -1.000000000000000000, 9.174411140098523755E-46, 3.368909354510710099E-31 ) ) ;
#1009 = ORIENTED_EDGE ( 'NONE', *, *, #4167, .F. ) ;
#1010 = DIRECTION ( 'NONE',  ( 1.035198944794589901E-14, -1.000000000000000000, -0.0000000000000000000 ) ) ;
#1011 = AXIS2_PLACEMENT_3D ( 'NONE', #3674, #423, #2415 ) ;
#1012 = DIRECTION ( 'NONE',  ( -1.035198944794589901E-14, 1.000000000000000000, 0.0000000000000000000 ) ) ;
#1013 = AXIS2_PLACEMENT_3D ( 'NONE', #3024, #2984, #2003 ) ;
#1014 = VECTOR ( 'NONE', #4309, 39.37007874015748143 ) ;
#1015 = LINE ( 'NONE', #4036, #324 ) ;
#1016 = DIRECTION ( 'NONE',  ( 1.035198944794589901E-14, -1.000000000000000000, -0.0000000000000000000 ) ) ;
#1017 = VERTEX_POINT ( 'NONE', #2896 ) ;
#1018 = DIRECTION ( 'NONE',  ( 1.000000000000000000, 1.035198944794589901E-14, 0.0000000000000000000 ) ) ;
#1019 = CARTESIAN_POINT ( 'NONE',  ( 0.02952755905511711410, 0.09842519685039509414, -0.01799632996797429982 ) ) ;
#1020 = EDGE_CURVE ( 'NONE', #2433, #3565, #3608, .T. ) ;
#1021 = DIRECTION ( 'NONE',  ( 1.089726903440029871E-32, 1.167414689223770104E-16, -1.000000000000000000 ) ) ;
#1022 = PRESENTATION_LAYER_ASSIGNMENT (  '', '', ( #815 ) ) ;
#1023 = ORIENTED_EDGE ( 'NONE', *, *, #2709, .T. ) ;
#1024 = DIRECTION ( 'NONE',  ( 0.2588190451025210725, 0.0000000000000000000, 0.9659258262890682012 ) ) ;
#1025 = CARTESIAN_POINT ( 'NONE',  ( -0.04527559055118304809, 0.1771653543307090406, 0.003937007874015359399 ) ) ;
#1026 = EDGE_CURVE ( 'NONE', #1146, #2510, #2253, .T. ) ;
#1027 = SURFACE_STYLE_FILL_AREA ( #3637 ) ;
#1028 =( GEOMETRIC_REPRESENTATION_CONTEXT ( 3 ) GLOBAL_UNCERTAINTY_ASSIGNED_CONTEXT ( ( #1450 ) ) GLOBAL_UNIT_ASSIGNED_CONTEXT ( ( #3920, #965, #912 ) ) REPRESENTATION_CONTEXT ( 'NONE', 'WORKASPACE' ) );
#1029 = SURFACE_STYLE_FILL_AREA ( #1658 ) ;
#1030 = CARTESIAN_POINT ( 'NONE',  ( 0.1564960629921260116, -0.06692913385826490535, 0.01968503937007879540 ) ) ;
#1031 = VERTEX_POINT ( 'NONE', #1231 ) ;
#1032 = LINE ( 'NONE', #1050, #2613 ) ;
#1033 = DIRECTION ( 'NONE',  ( 0.0000000000000000000, 1.000000000000000000, 1.167414689223770104E-16 ) ) ;
#1034 = CARTESIAN_POINT ( 'NONE',  ( -0.04527559055118082071, -0.01771653543306959955, 0.2224409448818899515 ) ) ;
#1035 = DIRECTION ( 'NONE',  ( 0.0000000000000000000, 1.000000000000000000, 1.167414689223770104E-16 ) ) ;
#1036 = PLANE ( 'NONE',  #516 ) ;
#1037 = ORIENTED_EDGE ( 'NONE', *, *, #277, .F. ) ;
#1038 = SURFACE_SIDE_STYLE ('',( #4021 ) ) ;
#1039 = CARTESIAN_POINT ( 'NONE',  ( 0.1210629921259839953, -0.06692913385826490535, 0.01968503937007879540 ) ) ;
#1040 = LINE ( 'NONE', #3741, #2409 ) ;
#1041 = FILL_AREA_STYLE ('',( #4024 ) ) ;
#1042 = VERTEX_POINT ( 'NONE', #2917 ) ;
#1043 = ORIENTED_EDGE ( 'NONE', *, *, #255, .T. ) ;
#1044 =( NAMED_UNIT ( * ) PLANE_ANGLE_UNIT ( ) SI_UNIT ( $, .RADIAN. ) );
#1045 = EDGE_CURVE ( 'NONE', #296, #3241, #925, .T. ) ;
#1046 =( LENGTH_UNIT ( ) NAMED_UNIT ( * ) SI_UNIT ( $, .METRE. ) );
#1047 = ORIENTED_EDGE ( 'NONE', *, *, #3548, .F. ) ;
#1048 = CARTESIAN_POINT ( 'NONE',  ( -0.004921259842520370187, 0.07086614173228419911, 0.1279527559055120001 ) ) ;
#1049 = ORIENTED_EDGE ( 'NONE', *, *, #3211, .F. ) ;
#1050 = CARTESIAN_POINT ( 'NONE',  ( 0.1564960629921250124, 0.06692913385827040096, -2.984143439136844059E-16 ) ) ;
#1051 = EDGE_CURVE ( 'NONE', #1867, #2569, #2567, .T. ) ;
#1052 = CARTESIAN_POINT ( 'NONE',  ( 0.1407480314960625478, 0.04330708661417621841, 1.190589481570895778E-17 ) ) ;
#1053 = CARTESIAN_POINT ( 'NONE',  ( -0.03937007874015929776, 0.1771653543307089851, 0.009842519685039059427 ) ) ;
#1054 = PLANE ( 'NONE',  #951 ) ;
#1055 = DIRECTION ( 'NONE',  ( 0.0000000000000000000, 1.000000000000000000, 1.167414689223770104E-16 ) ) ;
#1056 = ORIENTED_EDGE ( 'NONE', *, *, #2157, .F. ) ;
#1057 = CARTESIAN_POINT ( 'NONE',  ( -0.1210629921259849945, 0.04330708661417310285, 0.1574803149606300023 ) ) ;
#1058 = LINE ( 'NONE', #690, #2221 ) ;
#1059 = PRESENTATION_LAYER_ASSIGNMENT (  '', '', ( #1194 ) ) ;
#1060 = CARTESIAN_POINT ( 'NONE',  ( 0.03346456692913200165, 0.1771653543307100120, 0.009842519685039340452 ) ) ;
#1061 = VERTEX_POINT ( 'NONE', #3940 ) ;
#1062 = VECTOR ( 'NONE', #2280, 39.37007874015748143 ) ;
#1063 = ORIENTED_EDGE ( 'NONE', *, *, #3290, .F. ) ;
#1064 = DIRECTION ( 'NONE',  ( -0.9659258262890682012, -1.023892065261770181E-14, 0.2588190451025210725 ) ) ;
#1065 = VECTOR ( 'NONE', #1347, 39.37007874015748143 ) ;
#1066 = VERTEX_POINT ( 'NONE', #2274 ) ;
#1067 = CARTESIAN_POINT ( 'NONE',  ( 0.1564960629921250124, 0.1624722409150849978, -5.586029252918180993E-16 ) ) ;
#1068 = VECTOR ( 'NONE', #385, 39.37007874015748143 ) ;
#1069 = ADVANCED_FACE ( 'NONE', ( #2964 ), #3586, .F. ) ;
#1070 = ORIENTED_EDGE ( 'NONE', *, *, #4299, .T. ) ;
#1071 = CARTESIAN_POINT ( 'NONE',  ( -0.1309055118110239169, 0.04330708661417327632, 0.01771653543307080345 ) ) ;
#1072 = VECTOR ( 'NONE', #1532, 39.37007874015748143 ) ;
#1073 = COLOUR_RGB ( '',0.9490196078431372140, 0.9490196078431372140, 0.9490196078431372140 ) ;
#1074 = LENGTH_MEASURE_WITH_UNIT ( LENGTH_MEASURE( 0.02539999999999999897 ), #1704 );
#1075 = CARTESIAN_POINT ( 'NONE',  ( 0.06496064212378629965, -0.06692913385826475270, 0.06889763506730725573 ) ) ;
#1076 = ADVANCED_FACE ( 'NONE', ( #1960 ), #276, .T. ) ;
#1077 = STYLED_ITEM ( 'NONE', ( #1203 ), #222 ) ;
#1078 = EDGE_CURVE ( 'NONE', #3401, #1874, #3283, .T. ) ;
#1079 = CARTESIAN_POINT ( 'NONE',  ( -0.03346456692913350045, -0.01771653543306959261, 0.2224409448818900070 ) ) ;
#1080 =( GEOMETRIC_REPRESENTATION_CONTEXT ( 3 ) GLOBAL_UNCERTAINTY_ASSIGNED_CONTEXT ( ( #1844 ) ) GLOBAL_UNIT_ASSIGNED_CONTEXT ( ( #68, #2429, #2091 ) ) REPRESENTATION_CONTEXT ( 'NONE', 'WORKASPACE' ) );
#1081 = EDGE_LOOP ( 'NONE', ( #630, #642, #1749, #1561 ) ) ;
#1082 = SURFACE_SIDE_STYLE ('',( #4065 ) ) ;
#1083 = CARTESIAN_POINT ( 'NONE',  ( 0.1564960629921250124, 0.09842519685039644028, -3.756290991288361679E-16 ) ) ;
#1084 = ORIENTED_EDGE ( 'NONE', *, *, #2735, .T. ) ;
#1085 = ORIENTED_EDGE ( 'NONE', *, *, #1585, .F. ) ;
#1086 = CARTESIAN_POINT ( 'NONE',  ( -0.09055118110236139162, -0.06692913385826564088, 0.06889763597663015049 ) ) ;
#1087 = DIRECTION ( 'NONE',  ( 0.2505628070857307543, 0.2505628070857375267, -0.9351131265310279606 ) ) ;
#1088 = ORIENTED_EDGE ( 'NONE', *, *, #1801, .T. ) ;
#1089 =( CONVERSION_BASED_UNIT ( 'INCH', #4077 ) LENGTH_UNIT ( ) NAMED_UNIT ( #2138 ) );
#1090 = MECHANICAL_DESIGN_GEOMETRIC_PRESENTATION_REPRESENTATION (  '', ( #2986 ), #3326 ) ;
#1091 = ORIENTED_EDGE ( 'NONE', *, *, #1864, .T. ) ;
#1092 = CARTESIAN_POINT ( 'NONE',  ( 0.1210629921259839953, -0.001968503937004475665, 0.2598425196850390195 ) ) ;
#1093 = CARTESIAN_POINT ( 'NONE',  ( -0.09055118110236216877, -0.001968503937005818775, 0.1850393700787399953 ) ) ;
#1094 = ADVANCED_FACE ( 'NONE', ( #1302 ), #977, .T. ) ;
#1095 = DIRECTION ( 'NONE',  ( -1.182878904194710233E-16, -0.9659258262890682012, 0.2588190451025210725 ) ) ;
#1096 = LINE ( 'NONE', #186, #2461 ) ;
#1097 = CARTESIAN_POINT ( 'NONE',  ( 0.1210629921259844394, -0.03346456692913129388, 0.1850393700787399953 ) ) ;
#1098 = ORIENTED_EDGE ( 'NONE', *, *, #376, .F. ) ;
#1099 = CARTESIAN_POINT ( 'NONE',  ( -0.04921259842519670052, -0.01377952755905390014, 0.2077478314662639658 ) ) ;
#1100 = DIRECTION ( 'NONE',  ( -1.219403723456549750E-30, -1.262325447800814145E-44, 1.000000000000000000 ) ) ;
#1101 = PLANE ( 'NONE',  #302 ) ;
#1102 = EDGE_CURVE ( 'NONE', #4252, #1411, #640, .T. ) ;
#1103 = ORIENTED_EDGE ( 'NONE', *, *, #1320, .F. ) ;
#1104 = ORIENTED_EDGE ( 'NONE', *, *, #2679, .T. ) ;
#1105 = DIRECTION ( 'NONE',  ( -0.0000000000000000000, -0.7071067811865510144, 0.7071067811865440200 ) ) ;
#1106 = FACE_OUTER_BOUND ( 'NONE', #3179, .T. ) ;
#1107 = ORIENTED_EDGE ( 'NONE', *, *, #1865, .F. ) ;
#1108 = CARTESIAN_POINT ( 'NONE',  ( 0.1210629921259836900, 0.04330708661417610739, 0.01968503937007849702 ) ) ;
#1109 = ORIENTED_EDGE ( 'NONE', *, *, #62, .T. ) ;
#1110 = CARTESIAN_POINT ( 'NONE',  ( 0.04921259842519699890, -0.01377952755905292870, 0.09251968503937020583 ) ) ;
#1111 = PLANE ( 'NONE',  #2475 ) ;
#1112 = CARTESIAN_POINT ( 'NONE',  ( 0.01279526948928919224, -0.06692913385826579353, -0.09195546864524579977 ) ) ;
#1113 = DIMENSIONAL_EXPONENTS ( 1.000000000000000000, 0.0000000000000000000, 0.0000000000000000000, 0.0000000000000000000, 0.0000000000000000000, 0.0000000000000000000, 0.0000000000000000000 ) ;
#1114 = CARTESIAN_POINT ( 'NONE',  ( -0.004921259842520379728, 0.07086614173228421298, 0.06889763779527580123 ) ) ;
#1115 = EDGE_LOOP ( 'NONE', ( #2714, #108, #3394, #1480 ) ) ;
#1116 = DIRECTION ( 'NONE',  ( 1.089726903440029871E-32, 1.167414689223770104E-16, -1.000000000000000000 ) ) ;
#1117 = DIRECTION ( 'NONE',  ( 1.429623445970342509E-32, 1.167414689224859965E-16, -1.000000000000000000 ) ) ;
#1118 = CARTESIAN_POINT ( 'NONE',  ( 0.09055118110236254347, -0.06692913385826455841, 0.06889763597663008110 ) ) ;
#1119 =( CONVERSION_BASED_UNIT ( 'INCH', #2808 ) LENGTH_UNIT ( ) NAMED_UNIT ( #3796 ) );
#1120 = EDGE_CURVE ( 'NONE', #2399, #1836, #666, .T. ) ;
#1121 = ORIENTED_EDGE ( 'NONE', *, *, #3136, .T. ) ;
#1122 = VERTEX_POINT ( 'NONE', #3691 ) ;
#1123 = LINE ( 'NONE', #2843, #230 ) ;
#1124 = EDGE_CURVE ( 'NONE', #3232, #3898, #1015, .T. ) ;
#1125 = EDGE_CURVE ( 'NONE', #3104, #604, #3030, .T. ) ;
#1126 = ORIENTED_EDGE ( 'NONE', *, *, #3899, .T. ) ;
#1127 = SURFACE_STYLE_FILL_AREA ( #4117 ) ;
#1128 = ORIENTED_EDGE ( 'NONE', *, *, #1177, .F. ) ;
#1129 = VECTOR ( 'NONE', #204, 39.37007874015748143 ) ;
#1130 = CARTESIAN_POINT ( 'NONE',  ( -0.1545275590551188905, 0.04330708661417310285, 0.009842519685039309227 ) ) ;
#1131 = CARTESIAN_POINT ( 'NONE',  ( 0.01279526948928919224, 0.02165354330708759920, 0.06889763779527580123 ) ) ;
#1132 = FACE_OUTER_BOUND ( 'NONE', #3324, .T. ) ;
#1133 = UNCERTAINTY_MEASURE_WITH_UNIT (LENGTH_MEASURE( 1.000000000000000082E-05 ), #2190, 'distance_accuracy_value', 'NONE');
#1134 = DIRECTION ( 'NONE',  ( -1.035198944794589901E-14, 1.000000000000000000, 0.0000000000000000000 ) ) ;
#1135 = COLOUR_RGB ( '',0.9490196078431372140, 0.9490196078431372140, 0.9490196078431372140 ) ;
#1136 = MECHANICAL_DESIGN_GEOMETRIC_PRESENTATION_REPRESENTATION (  '', ( #3037 ), #1766 ) ;
#1137 = CARTESIAN_POINT ( 'NONE',  ( -0.09055118110236118345, -0.09842519685039120836, 1.489533867024399223E-16 ) ) ;
#1138 = EDGE_LOOP ( 'NONE', ( #906, #409, #159, #2402 ) ) ;
#1139 = COLOUR_RGB ( '',0.9490196078431372140, 0.9490196078431372140, 0.9490196078431372140 ) ;
#1140 =( NAMED_UNIT ( * ) SI_UNIT ( $, .STERADIAN. ) SOLID_ANGLE_UNIT ( ) );
#1141 = LINE ( 'NONE', #2771, #3441 ) ;
#1142 =( NAMED_UNIT ( * ) PLANE_ANGLE_UNIT ( ) SI_UNIT ( $, .RADIAN. ) );
#1143 = FACE_OUTER_BOUND ( 'NONE', #562, .T. ) ;
#1144 = VECTOR ( 'NONE', #1360, 39.37007874015748143 ) ;
#1145 = DIMENSIONAL_EXPONENTS ( 1.000000000000000000, 0.0000000000000000000, 0.0000000000000000000, 0.0000000000000000000, 0.0000000000000000000, 0.0000000000000000000, 0.0000000000000000000 ) ;
#1146 = VERTEX_POINT ( 'NONE', #336 ) ;
#1147 = EDGE_CURVE ( 'NONE', #4020, #3894, #2650, .T. ) ;
#1148 = ORIENTED_EDGE ( 'NONE', *, *, #3738, .F. ) ;
#1149 = CARTESIAN_POINT ( 'NONE',  ( -0.09055118110236290430, 0.06102362204724484651, 0.06889763779527578735 ) ) ;
#1150 = VECTOR ( 'NONE', #1100, 39.37007874015748143 ) ;
#1151 = VECTOR ( 'NONE', #4302, 39.37007874015748143 ) ;
#1152 =( CONVERSION_BASED_UNIT ( 'INCH', #3131 ) LENGTH_UNIT ( ) NAMED_UNIT ( #3523 ) );
#1153 = EDGE_CURVE ( 'NONE', #76, #4252, #3391, .T. ) ;
#1154 = ADVANCED_FACE ( 'NONE', ( #3365 ), #1054, .T. ) ;
#1155 = ORIENTED_EDGE ( 'NONE', *, *, #4137, .T. ) ;
#1156 = FILL_AREA_STYLE_COLOUR ( '', #2845 ) ;
#1157 = ORIENTED_EDGE ( 'NONE', *, *, #1261, .F. ) ;
#1158 = LINE ( 'NONE', #3750, #459 ) ;
#1159 = VECTOR ( 'NONE', #1638, 39.37007874015748143 ) ;
#1160 = LINE ( 'NONE', #1131, #2678 ) ;
#1161 = EDGE_CURVE ( 'NONE', #1042, #4307, #3076, .T. ) ;
#1162 = CARTESIAN_POINT ( 'NONE',  ( -0.1210629921259844949, 0.04330708661417305427, 0.1574803149606300023 ) ) ;
#1163 = ORIENTED_EDGE ( 'NONE', *, *, #3845, .F. ) ;
#1164 = DIRECTION ( 'NONE',  ( 1.000000000000000000, 1.121935118593429940E-14, 0.0000000000000000000 ) ) ;
#1165 = CARTESIAN_POINT ( 'NONE',  ( 0.02952755905511830065, -0.01377952755905309870, -0.01799632996797429982 ) ) ;
#1166 = ORIENTED_EDGE ( 'NONE', *, *, #1102, .F. ) ;
#1167 = DIRECTION ( 'NONE',  ( 1.429623445970342509E-32, 1.167414689224859965E-16, -1.000000000000000000 ) ) ;
#1168 = SURFACE_STYLE_FILL_AREA ( #3828 ) ;
#1169 = FILL_AREA_STYLE_COLOUR ( '', #2693 ) ;
#1170 = ORIENTED_EDGE ( 'NONE', *, *, #1455, .F. ) ;
#1171 = VERTEX_POINT ( 'NONE', #52 ) ;
#1172 = CARTESIAN_POINT ( 'NONE',  ( -0.09055118110236240470, 0.02165354330708759920, 0.06889763779527580123 ) ) ;
#1173 = ORIENTED_EDGE ( 'NONE', *, *, #1938, .F. ) ;
#1174 = CARTESIAN_POINT ( 'NONE',  ( 0.1013779527559059979, -0.06692913385826483597, 0.01968503937007879540 ) ) ;
#1175 = DIMENSIONAL_EXPONENTS ( 1.000000000000000000, 0.0000000000000000000, 0.0000000000000000000, 0.0000000000000000000, 0.0000000000000000000, 0.0000000000000000000, 0.0000000000000000000 ) ;
#1176 = ORIENTED_EDGE ( 'NONE', *, *, #2074, .T. ) ;
#1177 = EDGE_CURVE ( 'NONE', #3546, #426, #3977, .T. ) ;
#1178 = CARTESIAN_POINT ( 'NONE',  ( 0.04527559055117940517, 0.1771653543307100398, 0.003937007874015648230 ) ) ;
#1179 = UNCERTAINTY_MEASURE_WITH_UNIT (LENGTH_MEASURE( 1.000000000000000082E-05 ), #1119, 'distance_accuracy_value', 'NONE');
#1180 = ORIENTED_EDGE ( 'NONE', *, *, #3270, .F. ) ;
#1181 = LINE ( 'NONE', #1451, #1547 ) ;
#1182 = EDGE_CURVE ( 'NONE', #1342, #41, #69, .T. ) ;
#1183 = LINE ( 'NONE', #3524, #522 ) ;
#1184 = ORIENTED_EDGE ( 'NONE', *, *, #407, .T. ) ;
#1185 = CARTESIAN_POINT ( 'NONE',  ( -0.1210629921259849945, 0.04330708661417310285, -3.906208353055519818E-16 ) ) ;
#1186 =( NAMED_UNIT ( * ) SI_UNIT ( $, .STERADIAN. ) SOLID_ANGLE_UNIT ( ) );
#1187 = PLANE ( 'NONE',  #3843 ) ;
#1188 = DIRECTION ( 'NONE',  ( 1.000000000000000000, 1.035198944794589901E-14, 0.0000000000000000000 ) ) ;
#1189 = EDGE_LOOP ( 'NONE', ( #3721, #2732, #2689, #3739 ) ) ;
#1190 = ORIENTED_EDGE ( 'NONE', *, *, #2103, .T. ) ;
#1191 = EDGE_LOOP ( 'NONE', ( #1957, #1869, #3698, #2370, #4143, #1267 ) ) ;
#1192 = PLANE ( 'NONE',  #3733 ) ;
#1193 = EDGE_LOOP ( 'NONE', ( #3209, #671, #4290, #1816, #110, #1374 ) ) ;
#1194 = STYLED_ITEM ( 'NONE', ( #1539 ), #2948 ) ;
#1195 = ADVANCED_FACE ( 'NONE', ( #3651 ), #2388, .T. ) ;
#1196 = VECTOR ( 'NONE', #1967, 39.37007874015748143 ) ;
#1197 = VECTOR ( 'NONE', #129, 39.37007874015748143 ) ;
#1198 = DIMENSIONAL_EXPONENTS ( 1.000000000000000000, 0.0000000000000000000, 0.0000000000000000000, 0.0000000000000000000, 0.0000000000000000000, 0.0000000000000000000, 0.0000000000000000000 ) ;
#1199 = VECTOR ( 'NONE', #1277, 39.37007874015748143 ) ;
#1200 = VERTEX_POINT ( 'NONE', #2670 ) ;
#1201 = ADVANCED_FACE ( 'NONE', ( #1365 ), #1728, .F. ) ;
#1202 = ADVANCED_FACE ( 'NONE', ( #3238 ), #944, .F. ) ;
#1203 = PRESENTATION_STYLE_ASSIGNMENT (( #2546 ) ) ;
#1204 = CARTESIAN_POINT ( 'NONE',  ( -0.1564960629921269275, 0.06692913385826809725, 0.01968503937007844498 ) ) ;
#1205 = DIRECTION ( 'NONE',  ( -0.0000000000000000000, -1.000000000000000000, -1.167414689223770104E-16 ) ) ;
#1206 = AXIS2_PLACEMENT_3D ( 'NONE', #33, #672, #3718 ) ;
#1207 = CARTESIAN_POINT ( 'NONE',  ( 0.02952755905511830065, -0.01377952755905309870, -0.01799632996797429982 ) ) ;
#1208 = SURFACE_STYLE_USAGE ( .BOTH. , #320 ) ;
#1209 = VECTOR ( 'NONE', #962, 39.37007874015748143 ) ;
#1210 = VECTOR ( 'NONE', #316, 39.37007874015748143 ) ;
#1211 = ORIENTED_EDGE ( 'NONE', *, *, #2767, .F. ) ;
#1212 = ORIENTED_EDGE ( 'NONE', *, *, #1884, .F. ) ;
#1213 = DIRECTION ( 'NONE',  ( 1.224606353822670123E-16, 1.000000000000000000, -2.723258531077519969E-15 ) ) ;
#1214 = DIRECTION ( 'NONE',  ( 1.000000000000000000, -1.224606353822379970E-16, -0.0000000000000000000 ) ) ;
#1215 = AXIS2_PLACEMENT_3D ( 'NONE', #1185, #207, #4128 ) ;
#1216 = AXIS2_PLACEMENT_3D ( 'NONE', #4079, #4147, #437 ) ;
#1217 = ORIENTED_EDGE ( 'NONE', *, *, #3136, .F. ) ;
#1218 = PLANE ( 'NONE',  #2630 ) ;
#1219 = DIRECTION ( 'NONE',  ( 1.035198944794589901E-14, -1.000000000000000000, -0.0000000000000000000 ) ) ;
#1220 = VECTOR ( 'NONE', #2593, 39.37007874015748143 ) ;
#1221 = CIRCLE ( 'NONE', #3649, 0.01968503937007870866 ) ;
#1222 = DIRECTION ( 'NONE',  ( 1.000000000000000000, -1.224606353822379970E-16, -3.398965425289660775E-33 ) ) ;
#1223 = VECTOR ( 'NONE', #2607, 39.37007874015748143 ) ;
#1224 = UNCERTAINTY_MEASURE_WITH_UNIT (LENGTH_MEASURE( 1.000000000000000082E-05 ), #3364, 'distance_accuracy_value', 'NONE');
#1225 = EDGE_CURVE ( 'NONE', #3531, #2193, #1595, .T. ) ;
#1226 = VECTOR ( 'NONE', #4311, 39.37007874015748143 ) ;
#1227 = DIRECTION ( 'NONE',  ( 1.219403723456549750E-30, 1.262325447800814145E-44, -1.000000000000000000 ) ) ;
#1228 = ORIENTED_EDGE ( 'NONE', *, *, #2296, .F. ) ;
#1229 = LINE ( 'NONE', #2933, #1991 ) ;
#1230 = AXIS2_PLACEMENT_3D ( 'NONE', #177, #4179, #2200 ) ;
#1231 = CARTESIAN_POINT ( 'NONE',  ( 0.09055118110236311246, -0.06692913385826532169, 0.2598425196850390195 ) ) ;
#1232 = ADVANCED_FACE ( 'NONE', ( #1243 ), #266, .T. ) ;
#1233 = DIMENSIONAL_EXPONENTS ( 1.000000000000000000, 0.0000000000000000000, 0.0000000000000000000, 0.0000000000000000000, 0.0000000000000000000, 0.0000000000000000000, 0.0000000000000000000 ) ;
#1234 = ORIENTED_EDGE ( 'NONE', *, *, #3215, .F. ) ;
#1235 = ORIENTED_EDGE ( 'NONE', *, *, #1298, .F. ) ;
#1236 = CARTESIAN_POINT ( 'NONE',  ( 0.004921259842519007562, 0.06496062992126043489, 0.1870078740157480046 ) ) ;
#1237 = LINE ( 'NONE', #646, #3860 ) ;
#1238 = EDGE_CURVE ( 'NONE', #3987, #83, #2596, .T. ) ;
#1239 = CARTESIAN_POINT ( 'NONE',  ( 0.09055118110236329287, -0.09842519685039040345, 0.2598425196850390195 ) ) ;
#1240 = ORIENTED_EDGE ( 'NONE', *, *, #4046, .F. ) ;
#1241 = FACE_OUTER_BOUND ( 'NONE', #2529, .T. ) ;
#1242 = LINE ( 'NONE', #3902, #2751 ) ;
#1243 = FACE_OUTER_BOUND ( 'NONE', #514, .T. ) ;
#1244 = ORIENTED_EDGE ( 'NONE', *, *, #3284, .F. ) ;
#1245 = SURFACE_STYLE_USAGE ( .BOTH. , #4229 ) ;
#1246 = DIRECTION ( 'NONE',  ( 1.224606353822360002E-16, 1.000000000000000000, 2.508695727351260080E-16 ) ) ;
#1247 = ORIENTED_EDGE ( 'NONE', *, *, #2709, .F. ) ;
#1248 = LENGTH_MEASURE_WITH_UNIT ( LENGTH_MEASURE( 0.02539999999999999897 ), #2251 );
#1249 = DIRECTION ( 'NONE',  ( -0.0000000000000000000, 0.0000000000000000000, -1.000000000000000000 ) ) ;
#1250 = LINE ( 'NONE', #888, #3023 ) ;
#1251 = DIRECTION ( 'NONE',  ( 0.2505628070857234269, 0.9351131265310271834, 0.2505628070857478518 ) ) ;
#1252 = CARTESIAN_POINT ( 'NONE',  ( -0.09055118110236150264, -0.06692913385826700090, 0.09251968503937020583 ) ) ;
#1253 = ORIENTED_EDGE ( 'NONE', *, *, #1657, .T. ) ;
#1254 = ORIENTED_EDGE ( 'NONE', *, *, #1822, .F. ) ;
#1255 = LINE ( 'NONE', #262, #518 ) ;
#1256 = EDGE_CURVE ( 'NONE', #3853, #1342, #2307, .T. ) ;
#1257 = CARTESIAN_POINT ( 'NONE',  ( 0.1564960629921270108, -0.09842519685039040345, 0.2598425196850390195 ) ) ;
#1258 = CARTESIAN_POINT ( 'NONE',  ( 0.1564960629921250679, 0.06692913385827080341, 0.01968503937007844498 ) ) ;
#1259 = ORIENTED_EDGE ( 'NONE', *, *, #1263, .F. ) ;
#1260 = PLANE ( 'NONE',  #1444 ) ;
#1261 = EDGE_CURVE ( 'NONE', #1411, #3531, #636, .T. ) ;
#1262 =( LENGTH_UNIT ( ) NAMED_UNIT ( * ) SI_UNIT ( $, .METRE. ) );
#1263 = EDGE_CURVE ( 'NONE', #3261, #1874, #3972, .T. ) ;
#1264 = DIRECTION ( 'NONE',  ( 1.000000000000000000, -1.142573282934170895E-16, -3.061515884555955471E-17 ) ) ;
#1265 =( CONVERSION_BASED_UNIT ( 'INCH', #1842 ) LENGTH_UNIT ( ) NAMED_UNIT ( #2520 ) );
#1266 = DIRECTION ( 'NONE',  ( 0.0000000000000000000, -0.2588190451025269012, 0.9659258262890665359 ) ) ;
#1267 = ORIENTED_EDGE ( 'NONE', *, *, #36, .T. ) ;
#1268 = AXIS2_PLACEMENT_3D ( 'NONE', #98, #3145, #3102 ) ;
#1269 = CARTESIAN_POINT ( 'NONE',  ( -0.04921259842519856015, 0.1624722409150839986, 0.01968503937007851090 ) ) ;
#1270 = CARTESIAN_POINT ( 'NONE',  ( -0.02952755905511906392, 0.09842519685039459454, -0.01799632996797460166 ) ) ;
#1271 = VECTOR ( 'NONE', #2102, 39.37007874015748143 ) ;
#1272 = ORIENTED_EDGE ( 'NONE', *, *, #3534, .T. ) ;
#1273 = CARTESIAN_POINT ( 'NONE',  ( 0.04527559055117930109, 0.1771653543307100120, 0.009842519685039340452 ) ) ;
#1274 = CARTESIAN_POINT ( 'NONE',  ( -0.02952755905511907780, 0.09842519685039469168, -3.201434722683581714E-16 ) ) ;
#1275 =( NAMED_UNIT ( * ) SI_UNIT ( $, .STERADIAN. ) SOLID_ANGLE_UNIT ( ) );
#1276 = STYLED_ITEM ( 'NONE', ( #3885 ), #3338 ) ;
#1277 = DIRECTION ( 'NONE',  ( 1.035198944794589901E-14, -1.000000000000000000, -0.0000000000000000000 ) ) ;
#1278 = EDGE_LOOP ( 'NONE', ( #2727, #2863, #233, #3486 ) ) ;
#1279 = VECTOR ( 'NONE', #1016, 39.37007874015748143 ) ;
#1280 = FACE_OUTER_BOUND ( 'NONE', #772, .T. ) ;
#1281 = PLANE ( 'NONE',  #2600 ) ;
#1282 = CARTESIAN_POINT ( 'NONE',  ( 0.1407480314960621037, 0.04330708661417621147, 0.01968503937007871213 ) ) ;
#1283 = VECTOR ( 'NONE', #1553, 39.37007874015748854 ) ;
#1284 = DIRECTION ( 'NONE',  ( 0.0000000000000000000, -0.7071067811865507924, 0.7071067811865442421 ) ) ;
#1285 = EDGE_CURVE ( 'NONE', #2821, #1614, #3323, .T. ) ;
#1286 = ORIENTED_EDGE ( 'NONE', *, *, #1298, .T. ) ;
#1287 = SURFACE_STYLE_FILL_AREA ( #3320 ) ;
#1288 = DIRECTION ( 'NONE',  ( -1.056882988244299989E-14, 1.000000000000000000, -0.0000000000000000000 ) ) ;
#1289 = EDGE_CURVE ( 'NONE', #3493, #2657, #1331, .T. ) ;
#1290 = EDGE_CURVE ( 'NONE', #4304, #3816, #3112, .T. ) ;
#1291 = STYLED_ITEM ( 'NONE', ( #105 ), #2514 ) ;
#1292 = FILL_AREA_STYLE_COLOUR ( '', #3578 ) ;
#1293 =( NAMED_UNIT ( * ) PLANE_ANGLE_UNIT ( ) SI_UNIT ( $, .RADIAN. ) );
#1294 = ORIENTED_EDGE ( 'NONE', *, *, #2315, .F. ) ;
#1295 = CARTESIAN_POINT ( 'NONE',  ( -0.03346456692913340331, -0.01377952755905370065, 0.2224409448818900070 ) ) ;
#1296 = VECTOR ( 'NONE', #2684, 39.37007874015748143 ) ;
#1297 = STYLED_ITEM ( 'NONE', ( #196 ), #2552 ) ;
#1298 = EDGE_CURVE ( 'NONE', #1694, #3467, #369, .T. ) ;
#1299 = LINE ( 'NONE', #2006, #2897 ) ;
#1300 = LENGTH_MEASURE_WITH_UNIT ( LENGTH_MEASURE( 0.02539999999999999897 ), #3708 );
#1301 = PRESENTATION_STYLE_ASSIGNMENT (( #2963 ) ) ;
#1302 = FACE_OUTER_BOUND ( 'NONE', #151, .T. ) ;
#1303 = VECTOR ( 'NONE', #2444, 39.37007874015748143 ) ;
#1304 =( LENGTH_UNIT ( ) NAMED_UNIT ( * ) SI_UNIT ( $, .METRE. ) );
#1305 = EDGE_LOOP ( 'NONE', ( #3489, #1157, #1166, #455 ) ) ;
#1306 = CARTESIAN_POINT ( 'NONE',  ( 0.1564960629921260116, -0.03346456692913089143, 0.1850393700787399953 ) ) ;
#1307 = CARTESIAN_POINT ( 'NONE',  ( 0.1564960629921270108, -0.03346456692913159919, 0.2598425196850390195 ) ) ;
#1308 = CARTESIAN_POINT ( 'NONE',  ( 0.09055118110236309859, -0.06692913385826439188, 1.141599001122289567E-16 ) ) ;
#1309 = CARTESIAN_POINT ( 'NONE',  ( 0.04921259842519720012, -0.02952755905511587203, 0.2224409448818899515 ) ) ;
#1310 = VERTEX_POINT ( 'NONE', #1701 ) ;
#1311 =( CONVERSION_BASED_UNIT ( 'INCH', #1969 ) LENGTH_UNIT ( ) NAMED_UNIT ( #2459 ) );
#1312 = CARTESIAN_POINT ( 'NONE',  ( 0.1545275590551190015, -0.04330708661416989708, 0.009842519685039309227 ) ) ;
#1313 = SURFACE_SIDE_STYLE ('',( #1027 ) ) ;
#1314 = DIRECTION ( 'NONE',  ( 1.000000000000000000, 1.035198944794589901E-14, 1.219403723456549750E-30 ) ) ;
#1315 = CARTESIAN_POINT ( 'NONE',  ( -0.09055118110236290430, 0.07086614173228425462, 0.06889763779527578735 ) ) ;
#1316 = EDGE_CURVE ( 'NONE', #4032, #3457, #747, .T. ) ;
#1317 = ORIENTED_EDGE ( 'NONE', *, *, #3068, .F. ) ;
#1318 = CARTESIAN_POINT ( 'NONE',  ( 0.01279526948928919397, 0.02165354694438016009, 0.06889763506730726961 ) ) ;
#1319 = CARTESIAN_POINT ( 'NONE',  ( -0.1210629921259840508, -0.03346456692913363923, 0.1850393700787399953 ) ) ;
#1320 = EDGE_CURVE ( 'NONE', #2862, #1122, #1418, .T. ) ;
#1321 = PLANE ( 'NONE',  #3497 ) ;
#1322 = DIRECTION ( 'NONE',  ( -1.035198944794590058E-14, 1.000000000000000000, 1.167414689223770104E-16 ) ) ;
#1323 = ORIENTED_EDGE ( 'NONE', *, *, #680, .T. ) ;
#1324 = ORIENTED_EDGE ( 'NONE', *, *, #676, .T. ) ;
#1325 = CARTESIAN_POINT ( 'NONE',  ( -0.01279527559055039510, -0.06692913385826659844, 0.2598425196850390195 ) ) ;
#1326 = CARTESIAN_POINT ( 'NONE',  ( 0.1013779527559050542, 0.06692913385827062300, -2.987004917086926520E-16 ) ) ;
#1327 = ORIENTED_EDGE ( 'NONE', *, *, #889, .F. ) ;
#1328 = CARTESIAN_POINT ( 'NONE',  ( -0.07086614173228250602, -0.09842519685039040345, 0.2007874015748039864 ) ) ;
#1329 =( CONVERSION_BASED_UNIT ( 'INCH', #634 ) LENGTH_UNIT ( ) NAMED_UNIT ( #2830 ) );
#1330 = DIRECTION ( 'NONE',  ( -1.224606353822379970E-16, -1.000000000000000000, 0.0000000000000000000 ) ) ;
#1331 = LINE ( 'NONE', #3357, #2772 ) ;
#1332 = ORIENTED_EDGE ( 'NONE', *, *, #3899, .F. ) ;
#1333 = DIRECTION ( 'NONE',  ( 1.083706106470080166E-14, -0.9659258262890684232, 0.2588190451025201844 ) ) ;
#1334 = DIRECTION ( 'NONE',  ( 1.000000000000000000, 1.035198944794589901E-14, 1.219403723456549750E-30 ) ) ;
#1335 = EDGE_CURVE ( 'NONE', #3356, #1799, #3728, .T. ) ;
#1336 = CARTESIAN_POINT ( 'NONE',  ( -0.1210629921259841896, -0.03346456692913379188, -3.906208353055519818E-16 ) ) ;
#1337 =( NAMED_UNIT ( * ) SI_UNIT ( $, .STERADIAN. ) SOLID_ANGLE_UNIT ( ) );
#1338 = COLOUR_RGB ( '',0.9490196078431372140, 0.9490196078431372140, 0.9490196078431372140 ) ;
#1339 = FACE_OUTER_BOUND ( 'NONE', #1893, .T. ) ;
#1340 = EDGE_CURVE ( 'NONE', #762, #2101, #4033, .T. ) ;
#1341 = EDGE_CURVE ( 'NONE', #3678, #650, #3667, .T. ) ;
#1342 = VERTEX_POINT ( 'NONE', #2425 ) ;
#1343 = DIRECTION ( 'NONE',  ( 1.219403723456549750E-30, 1.262325447800814145E-44, -1.000000000000000000 ) ) ;
#1344 = CARTESIAN_POINT ( 'NONE',  ( -0.01279527559055011407, -0.09842519685039038957, 0.2598425196850390195 ) ) ;
#1345 = VECTOR ( 'NONE', #2183, 39.37007874015748143 ) ;
#1346 = FILL_AREA_STYLE ('',( #1387 ) ) ;
#1347 = DIRECTION ( 'NONE',  ( -5.184424572667733372E-33, -4.233543747740260162E-17, 1.000000000000000000 ) ) ;
#1348 = VECTOR ( 'NONE', #341, 39.37007874015748143 ) ;
#1349 = EDGE_LOOP ( 'NONE', ( #102, #1814, #268, #47 ) ) ;
#1350 = FILL_AREA_STYLE ('',( #1970 ) ) ;
#1351 = MECHANICAL_DESIGN_GEOMETRIC_PRESENTATION_REPRESENTATION (  '', ( #1983 ), #3927 ) ;
#1352 = CARTESIAN_POINT ( 'NONE',  ( -0.1564960629921250124, -0.09842519685039370636, 0.01968503937007879193 ) ) ;
#1353 = FACE_OUTER_BOUND ( 'NONE', #4097, .T. ) ;
#1354 = AXIS2_PLACEMENT_3D ( 'NONE', #3069, #1377, #19 ) ;
#1355 = STYLED_ITEM ( 'NONE', ( #711 ), #171 ) ;
#1357 = ORIENTED_EDGE ( 'NONE', *, *, #3322, .T. ) ;
#1356 = MECHANICAL_DESIGN_GEOMETRIC_PRESENTATION_REPRESENTATION (  '', ( #2133 ), #3307 ) ;
#1358 = DIRECTION ( 'NONE',  ( -1.224606353822379970E-16, -1.000000000000000000, 0.0000000000000000000 ) ) ;
#1359 = ORIENTED_EDGE ( 'NONE', *, *, #2867, .F. ) ;
#1360 = DIRECTION ( 'NONE',  ( -1.219403723456549750E-30, -1.262325447800814145E-44, 1.000000000000000000 ) ) ;
#1361 = VECTOR ( 'NONE', #1660, 39.37007874015748143 ) ;
#1362 = AXIS2_PLACEMENT_3D ( 'NONE', #2620, #2283, #3321 ) ;
#1363 = CARTESIAN_POINT ( 'NONE',  ( -0.1545275590551180023, -0.04330708661417290162, 1.789572697884379529E-18 ) ) ;
#1364 = FACE_OUTER_BOUND ( 'NONE', #826, .T. ) ;
#1365 = FACE_OUTER_BOUND ( 'NONE', #2559, .T. ) ;
#1366 = COLOUR_RGB ( '',0.9490196078431372140, 0.9490196078431372140, 0.9490196078431372140 ) ;
#1367 = ORIENTED_EDGE ( 'NONE', *, *, #283, .T. ) ;
#1368 = FILL_AREA_STYLE_COLOUR ( '', #3242 ) ;
#1369 = FILL_AREA_STYLE ('',( #359 ) ) ;
#1370 = VECTOR ( 'NONE', #3963, 39.37007874015748143 ) ;
#1371 = DIRECTION ( 'NONE',  ( -1.035198944794590058E-14, 1.000000000000000000, 1.167414689223759997E-16 ) ) ;
#1372 = FACE_OUTER_BOUND ( 'NONE', #2553, .T. ) ;
#1373 = VECTOR ( 'NONE', #1008, 39.37007874015748143 ) ;
#1374 = ORIENTED_EDGE ( 'NONE', *, *, #1961, .F. ) ;
#1375 = ORIENTED_EDGE ( 'NONE', *, *, #3529, .T. ) ;
#1376 = ADVANCED_FACE ( 'NONE', ( #3021 ), #1443, .T. ) ;
#1377 = DIRECTION ( 'NONE',  ( 1.224606353822379970E-16, 1.000000000000000000, 1.167414689224859965E-16 ) ) ;
#1378 = ORIENTED_EDGE ( 'NONE', *, *, #2267, .T. ) ;
#1379 = DIRECTION ( 'NONE',  ( -1.035198944794589901E-14, 1.000000000000000000, 0.0000000000000000000 ) ) ;
#1380 = ORIENTED_EDGE ( 'NONE', *, *, #3172, .F. ) ;
#1381 = LINE ( 'NONE', #350, #1777 ) ;
#1382 = PRESENTATION_STYLE_ASSIGNMENT (( #3585 ) ) ;
#1383 = DIRECTION ( 'NONE',  ( -1.035198944794589901E-14, 1.000000000000000000, 0.0000000000000000000 ) ) ;
#1384 = LINE ( 'NONE', #2720, #3176 ) ;
#1385 = ORIENTED_EDGE ( 'NONE', *, *, #2884, .T. ) ;
#1386 = FILL_AREA_STYLE_COLOUR ( '', #2210 ) ;
#1387 = FILL_AREA_STYLE_COLOUR ( '', #2351 ) ;
#1388 = CARTESIAN_POINT ( 'NONE',  ( 0.02952755905511639592, 0.1624722409150850255, -1.937230471845577598E-16 ) ) ;
#1389 = EDGE_LOOP ( 'NONE', ( #2012, #3685, #1357, #1758 ) ) ;
#1390 = ADVANCED_FACE ( 'NONE', ( #415 ), #4013, .F. ) ;
#1391 = ORIENTED_EDGE ( 'NONE', *, *, #993, .T. ) ;
#1392 = DIRECTION ( 'NONE',  ( 1.000000000000000000, 0.0000000000000000000, 1.409983241273949911E-15 ) ) ;
#1393 =( LENGTH_UNIT ( ) NAMED_UNIT ( * ) SI_UNIT ( $, .METRE. ) );
#1394 = PRODUCT_CONTEXT ( 'NONE', #2612, 'mechanical' ) ;
#1395 = EDGE_CURVE ( 'NONE', #3128, #2035, #1837, .T. ) ;
#1396 = EDGE_CURVE ( 'NONE', #1586, #762, #1545, .T. ) ;
#1397 = ORIENTED_EDGE ( 'NONE', *, *, #2186, .F. ) ;
#1398 = CARTESIAN_POINT ( 'NONE',  ( -0.1013779527559049987, 0.04330708661417301264, 0.01968503937007849702 ) ) ;
#1399 = VERTEX_POINT ( 'NONE', #1886 ) ;
#1400 = DIRECTION ( 'NONE',  ( 1.035198944794590058E-14, -1.000000000000000000, -1.167414689223759997E-16 ) ) ;
#1401 = DIRECTION ( 'NONE',  ( -1.000000000000000000, -1.035198944794589901E-14, -0.0000000000000000000 ) ) ;
#1402 = UNCERTAINTY_MEASURE_WITH_UNIT (LENGTH_MEASURE( 1.000000000000000082E-05 ), #3061, 'distance_accuracy_value', 'NONE');
#1403 = PLANE ( 'NONE',  #3914 ) ;
#1404 = FILL_AREA_STYLE ('',( #3331 ) ) ;
#1405 = CARTESIAN_POINT ( 'NONE',  ( -0.1564960629921250124, -0.09842519685039370636, 0.2598425196850390195 ) ) ;
#1406 = EDGE_LOOP ( 'NONE', ( #3191, #2748, #22, #1043 ) ) ;
#1407 = CARTESIAN_POINT ( 'NONE',  ( 0.1309055118110240001, -0.04330708661417020239, 0.1574803149606300023 ) ) ;
#1408 = CARTESIAN_POINT ( 'NONE',  ( 0.1407480314960634360, -0.04330708661417009830, 4.473931744711729788E-19 ) ) ;
#1409 = DIRECTION ( 'NONE',  ( 1.219403723456549750E-30, 1.262325447800814145E-44, -1.000000000000000000 ) ) ;
#1410 = CARTESIAN_POINT ( 'NONE',  ( -0.1545275590551189460, 0.04330708661417324162, 0.009842519685039319635 ) ) ;
#1411 = VERTEX_POINT ( 'NONE', #1481 ) ;
#1412 = STYLED_ITEM ( 'NONE', ( #3930 ), #3310 ) ;
#1413 = ORIENTED_EDGE ( 'NONE', *, *, #1997, .T. ) ;
#1414 = CARTESIAN_POINT ( 'NONE',  ( 0.03149606299212610178, -0.01377952755905309870, 0.2150943881740769725 ) ) ;
#1415 = PRESENTATION_LAYER_ASSIGNMENT (  '', '', ( #512 ) ) ;
#1416 = FILL_AREA_STYLE ('',( #2731 ) ) ;
#1417 = VERTEX_POINT ( 'NONE', #1108 ) ;
#1418 = LINE ( 'NONE', #46, #3809 ) ;
#1419 =( GEOMETRIC_REPRESENTATION_CONTEXT ( 3 ) GLOBAL_UNCERTAINTY_ASSIGNED_CONTEXT ( ( #3752 ) ) GLOBAL_UNIT_ASSIGNED_CONTEXT ( ( #2353, #2028, #1684 ) ) REPRESENTATION_CONTEXT ( 'NONE', 'WORKASPACE' ) );
#1420 = ORIENTED_EDGE ( 'NONE', *, *, #2707, .F. ) ;
#1421 = DIRECTION ( 'NONE',  ( -1.219403723456549750E-30, -1.262325447800814145E-44, 1.000000000000000000 ) ) ;
#1422 = ADVANCED_FACE ( 'NONE', ( #2536 ), #1192, .F. ) ;
#1423 = VECTOR ( 'NONE', #1636, 39.37007874015748854 ) ;
#1424 = VECTOR ( 'NONE', #4260, 39.37007874015748143 ) ;
#1425 = VECTOR ( 'NONE', #2915, 39.37007874015748143 ) ;
#1426 = LINE ( 'NONE', #1447, #591 ) ;
#1427 = SURFACE_STYLE_USAGE ( .BOTH. , #136 ) ;
#1428 = LINE ( 'NONE', #4122, #782 ) ;
#1429 = ADVANCED_FACE ( 'NONE', ( #503 ), #553, .T. ) ;
#1430 = PLANE ( 'NONE',  #442 ) ;
#1431 = ORIENTED_EDGE ( 'NONE', *, *, #3626, .T. ) ;
#1432 = CARTESIAN_POINT ( 'NONE',  ( 0.1564960629921250124, 0.09842519685039562150, 0.2598425196850390195 ) ) ;
#1433 = PLANE ( 'NONE',  #3928 ) ;
#1434 = DIRECTION ( 'NONE',  ( 1.224606353822379970E-16, 1.000000000000000000, 1.167414689224859965E-16 ) ) ;
#1435 = CARTESIAN_POINT ( 'NONE',  ( 0.1564960629921250124, 0.09842519685039639865, -3.841862661523499345E-16 ) ) ;
#1436 = CARTESIAN_POINT ( 'NONE',  ( 0.05118110236220590331, -0.09842519685039158306, 1.489533867024387883E-16 ) ) ;
#1437 = ORIENTED_EDGE ( 'NONE', *, *, #3115, .T. ) ;
#1438 = AXIS2_PLACEMENT_3D ( 'NONE', #1207, #2117, #2168 ) ;
#1439 = ORIENTED_EDGE ( 'NONE', *, *, #3933, .F. ) ;
#1440 = DIRECTION ( 'NONE',  ( -1.000000000000000000, 1.224606353822360002E-16, 3.072164727521360229E-32 ) ) ;
#1441 = LENGTH_MEASURE_WITH_UNIT ( LENGTH_MEASURE( 0.02539999999999999897 ), #1393 );
#1442 = ORIENTED_EDGE ( 'NONE', *, *, #3602, .T. ) ;
#1443 = PLANE ( 'NONE',  #2697 ) ;
#1444 = AXIS2_PLACEMENT_3D ( 'NONE', #718, #3746, #3723 ) ;
#1445 = VERTEX_POINT ( 'NONE', #784 ) ;
#1446 = PRESENTATION_STYLE_ASSIGNMENT (( #1795 ) ) ;
#1447 = CARTESIAN_POINT ( 'NONE',  ( -0.06496064212378480085, 0.02165354694437920252, 0.06889763415798449975 ) ) ;
#1448 = EDGE_CURVE ( 'NONE', #4218, #2201, #4098, .T. ) ;
#1449 = LINE ( 'NONE', #1592, #2761 ) ;
#1450 = UNCERTAINTY_MEASURE_WITH_UNIT (LENGTH_MEASURE( 1.000000000000000082E-05 ), #3920, 'distance_accuracy_value', 'NONE');
#1451 = CARTESIAN_POINT ( 'NONE',  ( -0.02952755905511790166, -0.01377952755905370065, 0.09251968503937020583 ) ) ;
#1452 = DIRECTION ( 'NONE',  ( 1.244717994301509988E-30, 1.315521273338831465E-44, -1.000000000000000000 ) ) ;
#1453 = ORIENTED_EDGE ( 'NONE', *, *, #307, .T. ) ;
#1454 = EDGE_CURVE ( 'NONE', #2101, #2855, #2129, .T. ) ;
#1455 = EDGE_CURVE ( 'NONE', #3151, #688, #3195, .T. ) ;
#1456 = FACE_OUTER_BOUND ( 'NONE', #1472, .T. ) ;
#1457 = FACE_OUTER_BOUND ( 'NONE', #357, .T. ) ;
#1458 = CARTESIAN_POINT ( 'NONE',  ( 0.1564960629921250124, -0.09842519685039199939, 1.518882478393122323E-16 ) ) ;
#1459 = DIMENSIONAL_EXPONENTS ( 1.000000000000000000, 0.0000000000000000000, 0.0000000000000000000, 0.0000000000000000000, 0.0000000000000000000, 0.0000000000000000000, 0.0000000000000000000 ) ;
#1460 = ORIENTED_EDGE ( 'NONE', *, *, #2629, .F. ) ;
#1461 = VERTEX_POINT ( 'NONE', #2513 ) ;
#1462 = CARTESIAN_POINT ( 'NONE',  ( 0.04921259842519553479, 0.09842519685039528843, 0.01968503937007872254 ) ) ;
#1463 = SURFACE_SIDE_STYLE ('',( #4138 ) ) ;
#1464 = VERTEX_POINT ( 'NONE', #217 ) ;
#1465 = CARTESIAN_POINT ( 'NONE',  ( -0.09055118110236291817, -0.001968503937004480002, 0.2598425196850390195 ) ) ;
#1466 = ORIENTED_EDGE ( 'NONE', *, *, #2288, .F. ) ;
#1467 = CARTESIAN_POINT ( 'NONE',  ( 0.1407480314960629919, -0.04330708661417009830, 0.01968503937007870172 ) ) ;
#1468 = ORIENTED_EDGE ( 'NONE', *, *, #3362, .F. ) ;
#1469 = LINE ( 'NONE', #1112, #3095 ) ;
#1470 = EDGE_CURVE ( 'NONE', #1867, #2585, #2864, .T. ) ;
#1471 = DIRECTION ( 'NONE',  ( -0.0000000000000000000, 1.000000000000000000, 1.167414689223770104E-16 ) ) ;
#1472 = EDGE_LOOP ( 'NONE', ( #4258, #1623, #1247, #622 ) ) ;
#1473 = EDGE_CURVE ( 'NONE', #1445, #1310, #3836, .T. ) ;
#1474 = EDGE_CURVE ( 'NONE', #426, #1702, #1868, .T. ) ;
#1475 = LINE ( 'NONE', #1458, #370 ) ;
#1476 = ORIENTED_EDGE ( 'NONE', *, *, #598, .F. ) ;
#1477 = ORIENTED_EDGE ( 'NONE', *, *, #554, .T. ) ;
#1478 = ADVANCED_FACE ( 'NONE', ( #2225 ), #2819, .T. ) ;
#1479 = AXIS2_PLACEMENT_3D ( 'NONE', #4018, #1978, #2718 ) ;
#1480 = ORIENTED_EDGE ( 'NONE', *, *, #2120, .F. ) ;
#1481 = CARTESIAN_POINT ( 'NONE',  ( 0.01279527559055197716, -0.06692913385826591843, 0.2598425196850390195 ) ) ;
#1482 = ORIENTED_EDGE ( 'NONE', *, *, #1686, .T. ) ;
#1483 = LINE ( 'NONE', #2759, #4207 ) ;
#1484 = CARTESIAN_POINT ( 'NONE',  ( 0.1309055118110230009, 0.04330708661417600330, -3.906208353055519818E-16 ) ) ;
#1485 = UNCERTAINTY_MEASURE_WITH_UNIT (LENGTH_MEASURE( 1.000000000000000082E-05 ), #2143, 'distance_accuracy_value', 'NONE');
#1486 = ORIENTED_EDGE ( 'NONE', *, *, #2590, .F. ) ;
#1487 = DIRECTION ( 'NONE',  ( -1.000000000000000000, 1.224606353822379970E-16, 0.0000000000000000000 ) ) ;
#1488 = VECTOR ( 'NONE', #449, 39.37007874015748143 ) ;
#1489 = LINE ( 'NONE', #1270, #373 ) ;
#1490 = ORIENTED_EDGE ( 'NONE', *, *, #2239, .F. ) ;
#1491 = VECTOR ( 'NONE', #1872, 39.37007874015748143 ) ;
#1492 = MECHANICAL_DESIGN_GEOMETRIC_PRESENTATION_REPRESENTATION (  '', ( #1077 ), #312 ) ;
#1493 =( NAMED_UNIT ( * ) PLANE_ANGLE_UNIT ( ) SI_UNIT ( $, .RADIAN. ) );
#1494 = CARTESIAN_POINT ( 'NONE',  ( 0.04921259842519522948, 0.1624722409150849978, 0.01968503937007880927 ) ) ;
#1495 = DIRECTION ( 'NONE',  ( 0.2505628070857484069, -0.9351131265310164142, -0.2505628070857625067 ) ) ;
#1496 = DIRECTION ( 'NONE',  ( 1.089726903440029871E-32, 1.167414689223770104E-16, -1.000000000000000000 ) ) ;
#1497 = VECTOR ( 'NONE', #1976, 39.37007874015748854 ) ;
#1498 =( GEOMETRIC_REPRESENTATION_CONTEXT ( 3 ) GLOBAL_UNCERTAINTY_ASSIGNED_CONTEXT ( ( #916 ) ) GLOBAL_UNIT_ASSIGNED_CONTEXT ( ( #1329, #1950, #3276 ) ) REPRESENTATION_CONTEXT ( 'NONE', 'WORKASPACE' ) );
#1499 = ORIENTED_EDGE ( 'NONE', *, *, #2572, .F. ) ;
#1500 = VERTEX_POINT ( 'NONE', #850 ) ;
#1501 = CARTESIAN_POINT ( 'NONE',  ( -0.09055118110236150264, -0.06692913385826659844, 0.09251968503937020583 ) ) ;
#1502 = ADVANCED_FACE ( 'NONE', ( #4164 ), #3536, .F. ) ;
#1503 = COLOUR_RGB ( '',0.9490196078431372140, 0.9490196078431372140, 0.9490196078431372140 ) ;
#1504 = FACE_OUTER_BOUND ( 'NONE', #928, .T. ) ;
#1505 = VECTOR ( 'NONE', #2676, 39.37007874015748143 ) ;
#1506 = VECTOR ( 'NONE', #2991, 39.37007874015748143 ) ;
#1507 = ORIENTED_EDGE ( 'NONE', *, *, #2067, .T. ) ;
#1508 = DIRECTION ( 'NONE',  ( 1.244717994301509988E-30, 1.315521273338831465E-44, -1.000000000000000000 ) ) ;
#1509 = EDGE_CURVE ( 'NONE', #41, #1591, #810, .T. ) ;
#1510 = ORIENTED_EDGE ( 'NONE', *, *, #3215, .T. ) ;
#1511 = FILL_AREA_STYLE ('',( #4182 ) ) ;
#1512 =( GEOMETRIC_REPRESENTATION_CONTEXT ( 3 ) GLOBAL_UNCERTAINTY_ASSIGNED_CONTEXT ( ( #3155 ) ) GLOBAL_UNIT_ASSIGNED_CONTEXT ( ( #1311, #3550, #3293 ) ) REPRESENTATION_CONTEXT ( 'NONE', 'WORKASPACE' ) );
#1513 = VERTEX_POINT ( 'NONE', #1174 ) ;
#1514 = DIRECTION ( 'NONE',  ( -1.000000000000000000, 1.272163194318223936E-48, -1.089726903440029871E-32 ) ) ;
#1515 = DIMENSIONAL_EXPONENTS ( 1.000000000000000000, 0.0000000000000000000, 0.0000000000000000000, 0.0000000000000000000, 0.0000000000000000000, 0.0000000000000000000, 0.0000000000000000000 ) ;
#1516 = CARTESIAN_POINT ( 'NONE',  ( -0.09055118110236290430, 0.07086614173228421298, 0.1870078740157480046 ) ) ;
#1517 = ORIENTED_EDGE ( 'NONE', *, *, #4184, .F. ) ;
#1518 = CARTESIAN_POINT ( 'NONE',  ( 0.1013779527559059979, -0.06692913385826490535, 0.01968503937007879540 ) ) ;
#1519 =( LENGTH_UNIT ( ) NAMED_UNIT ( * ) SI_UNIT ( $, .METRE. ) );
#1520 =( NAMED_UNIT ( * ) PLANE_ANGLE_UNIT ( ) SI_UNIT ( $, .RADIAN. ) );
#1521 = ORIENTED_EDGE ( 'NONE', *, *, #1341, .T. ) ;
#1522 = ORIENTED_EDGE ( 'NONE', *, *, #910, .F. ) ;
#1523 = DIRECTION ( 'NONE',  ( 0.0000000000000000000, 0.7071067811865510144, -0.7071067811865440200 ) ) ;
#1524 = SURFACE_STYLE_USAGE ( .BOTH. , #3210 ) ;
#1525 = ADVANCED_FACE ( 'NONE', ( #2796 ), #483, .F. ) ;
#1526 = VERTEX_POINT ( 'NONE', #936 ) ;
#1527 = DIRECTION ( 'NONE',  ( 1.219403723456549750E-30, 1.262325447800814145E-44, -1.000000000000000000 ) ) ;
#1528 = EDGE_LOOP ( 'NONE', ( #3121, #1359, #2392, #121, #3016, #1385, #1972 ) ) ;
#1529 =( CONVERSION_BASED_UNIT ( 'INCH', #2538 ) LENGTH_UNIT ( ) NAMED_UNIT ( #819 ) );
#1530 = ADVANCED_FACE ( 'NONE', ( #2560 ), #1218, .F. ) ;
#1531 = EDGE_CURVE ( 'NONE', #2585, #2756, #3233, .T. ) ;
#1532 = DIRECTION ( 'NONE',  ( 1.000000000000000000, -1.272163194318223936E-48, 1.089726903440029871E-32 ) ) ;
#1533 = UNCERTAINTY_MEASURE_WITH_UNIT (LENGTH_MEASURE( 1.000000000000000082E-05 ), #857, 'distance_accuracy_value', 'NONE');
#1534 = LINE ( 'NONE', #1269, #84 ) ;
#1535 = LENGTH_MEASURE_WITH_UNIT ( LENGTH_MEASURE( 0.02539999999999999897 ), #3220 );
#1536 = ORIENTED_EDGE ( 'NONE', *, *, #3529, .F. ) ;
#1537 = SURFACE_STYLE_FILL_AREA ( #2856 ) ;
#1538 = LINE ( 'NONE', #1878, #4066 ) ;
#1539 = PRESENTATION_STYLE_ASSIGNMENT (( #2273 ) ) ;
#1540 = ORIENTED_EDGE ( 'NONE', *, *, #3449, .F. ) ;
#1541 = ORIENTED_EDGE ( 'NONE', *, *, #1020, .F. ) ;
#1542 =( NAMED_UNIT ( * ) PLANE_ANGLE_UNIT ( ) SI_UNIT ( $, .RADIAN. ) );
#1543 =( CONVERSION_BASED_UNIT ( 'INCH', #828 ) LENGTH_UNIT ( ) NAMED_UNIT ( #2551 ) );
#1544 = ORIENTED_EDGE ( 'NONE', *, *, #808, .T. ) ;
#1545 = LINE ( 'NONE', #1815, #745 ) ;
#1546 = CARTESIAN_POINT ( 'NONE',  ( -0.1564960629921264834, 0.04330708661417271427, 0.2598425196850390195 ) ) ;
#1547 = VECTOR ( 'NONE', #1134, 39.37007874015748143 ) ;
#1548 = DIRECTION ( 'NONE',  ( 1.000000000000000000, -1.272163194318223936E-48, 1.089726903440029871E-32 ) ) ;
#1549 = EDGE_CURVE ( 'NONE', #1614, #1575, #304, .T. ) ;
#1550 = DIRECTION ( 'NONE',  ( 0.2505628070857216505, 0.9351131265310306251, -0.2505628070857369161 ) ) ;
#1551 = ORIENTED_EDGE ( 'NONE', *, *, #979, .F. ) ;
#1552 =( NAMED_UNIT ( * ) SI_UNIT ( $, .STERADIAN. ) SOLID_ANGLE_UNIT ( ) );
#1553 = DIRECTION ( 'NONE',  ( -0.2505628070857342515, 0.2505628070857306988, -0.9351131265310288487 ) ) ;
#1554 = ADVANCED_FACE ( 'NONE', ( #4291 ), #1260, .F. ) ;
#1555 = VECTOR ( 'NONE', #2112, 39.37007874015748143 ) ;
#1556 = LINE ( 'NONE', #1920, #641 ) ;
#1557 = CARTESIAN_POINT ( 'NONE',  ( 0.1210629921259839953, 0.04330708661417601718, -3.906208353055519818E-16 ) ) ;
#1558 = AXIS2_PLACEMENT_3D ( 'NONE', #3216, #2909, #2952 ) ;
#1559 = VECTOR ( 'NONE', #292, 39.37007874015748143 ) ;
#1560 = ORIENTED_EDGE ( 'NONE', *, *, #3421, .T. ) ;
#1561 = ORIENTED_EDGE ( 'NONE', *, *, #4246, .F. ) ;
#1562 = CARTESIAN_POINT ( 'NONE',  ( 0.1210629921259841202, -0.001968503937004733272, 0.1850393700787399953 ) ) ;
#1563 = VECTOR ( 'NONE', #3371, 39.37007874015748143 ) ;
#1564 = CARTESIAN_POINT ( 'NONE',  ( 0.03346456692913404862, -0.01377952755905309870, 0.2224409448818900070 ) ) ;
#1565 = VECTOR ( 'NONE', #3669, 39.37007874015748143 ) ;
#1567 = ORIENTED_EDGE ( 'NONE', *, *, #3398, .F. ) ;
#1566 = PRESENTATION_LAYER_ASSIGNMENT (  '', '', ( #3315 ) ) ;
#1568 = DIMENSIONAL_EXPONENTS ( 1.000000000000000000, 0.0000000000000000000, 0.0000000000000000000, 0.0000000000000000000, 0.0000000000000000000, 0.0000000000000000000, 0.0000000000000000000 ) ;
#1569 = CARTESIAN_POINT ( 'NONE',  ( 0.1545275590551186684, 0.04330708661417629474, 1.220253816347312734E-17 ) ) ;
#1570 = LINE ( 'NONE', #594, #738 ) ;
#1571 = AXIS2_PLACEMENT_3D ( 'NONE', #16, #2018, #99 ) ;
#1572 = CARTESIAN_POINT ( 'NONE',  ( 0.1564960629921260116, -0.001968503937004480002, 0.2598425196850390195 ) ) ;
#1573 = PRESENTATION_LAYER_ASSIGNMENT (  '', '', ( #2839 ) ) ;
#1574 = UNCERTAINTY_MEASURE_WITH_UNIT (LENGTH_MEASURE( 1.000000000000000082E-05 ), #1760, 'distance_accuracy_value', 'NONE');
#1575 = VERTEX_POINT ( 'NONE', #1086 ) ;
#1576 = SURFACE_STYLE_USAGE ( .BOTH. , #251 ) ;
#1577 = VECTOR ( 'NONE', #3050, 39.37007874015748143 ) ;
#1578 = ADVANCED_FACE ( 'NONE', ( #2056 ), #2422, .F. ) ;
#1579 = ORIENTED_EDGE ( 'NONE', *, *, #1733, .F. ) ;
#1580 = SURFACE_STYLE_FILL_AREA ( #3304 ) ;
#1581 = LINE ( 'NONE', #1273, #593 ) ;
#1582 = LINE ( 'NONE', #228, #112 ) ;
#1583 = FACE_OUTER_BOUND ( 'NONE', #2579, .T. ) ;
#1584 = EDGE_CURVE ( 'NONE', #2192, #1823, #743, .T. ) ;
#1585 = EDGE_CURVE ( 'NONE', #3003, #1631, #3418, .T. ) ;
#1586 = VERTEX_POINT ( 'NONE', #343 ) ;
#1587 = ORIENTED_EDGE ( 'NONE', *, *, #3895, .T. ) ;
#1588 = CARTESIAN_POINT ( 'NONE',  ( 0.1564960629921250124, 0.06692913385827109485, 0.01968503937007839988 ) ) ;
#1589 = LINE ( 'NONE', #2259, #1990 ) ;
#1590 = PLANE ( 'NONE',  #2390 ) ;
#1591 = VERTEX_POINT ( 'NONE', #3354 ) ;
#1592 = CARTESIAN_POINT ( 'NONE',  ( 0.1210629921259839953, 0.04330708661417559391, 0.2598425196850390195 ) ) ;
#1593 = CARTESIAN_POINT ( 'NONE',  ( 0.02952755905511830065, -0.01377952755905309870, 0.2077478314662649928 ) ) ;
#1594 = DIRECTION ( 'NONE',  ( -1.000000000000000000, 1.224606353822379970E-16, 0.0000000000000000000 ) ) ;
#1595 = LINE ( 'NONE', #4295, #114 ) ;
#1596 = ORIENTED_EDGE ( 'NONE', *, *, #1125, .F. ) ;
#1597 = FILL_AREA_STYLE_COLOUR ( '', #3564 ) ;
#1598 = FACE_OUTER_BOUND ( 'NONE', #2512, .T. ) ;
#1599 = ORIENTED_EDGE ( 'NONE', *, *, #1706, .T. ) ;
#1600 = FILL_AREA_STYLE_COLOUR ( '', #3717 ) ;
#1601 = CARTESIAN_POINT ( 'NONE',  ( -0.02952755905511770043, -0.03346456692913250125, -0.01799632996797460166 ) ) ;
#1602 = EDGE_CURVE ( 'NONE', #4304, #4250, #764, .T. ) ;
#1603 = CARTESIAN_POINT ( 'NONE',  ( -0.1210629921259849945, 0.04330708661417310285, 0.1850393700787399953 ) ) ;
#1604 = VERTEX_POINT ( 'NONE', #2682 ) ;
#1605 = CARTESIAN_POINT ( 'NONE',  ( -0.09055118110236291817, 0.07086614173228467095, 0.2598425196850390195 ) ) ;
#1606 = LINE ( 'NONE', #3253, #2542 ) ;
#1607 = ADVANCED_FACE ( 'NONE', ( #3085 ), #2998, .T. ) ;
#1608 = ADVANCED_FACE ( 'NONE', ( #4308 ), #2658, .T. ) ;
#1609 = FACE_OUTER_BOUND ( 'NONE', #2130, .T. ) ;
#1610 = ORIENTED_EDGE ( 'NONE', *, *, #1509, .T. ) ;
#1611 = CARTESIAN_POINT ( 'NONE',  ( -0.1564960629921260116, -0.04330708661417321387, 0.1574803149606300023 ) ) ;
#1612 = LINE ( 'NONE', #3926, #3108 ) ;
#1613 = SURFACE_STYLE_FILL_AREA ( #987 ) ;
#1614 = VERTEX_POINT ( 'NONE', #3988 ) ;
#1615 = VECTOR ( 'NONE', #1205, 39.37007874015748143 ) ;
#1616 = FACE_OUTER_BOUND ( 'NONE', #3606, .T. ) ;
#1617 = STYLED_ITEM ( 'NONE', ( #1832 ), #1714 ) ;
#1618 = ORIENTED_EDGE ( 'NONE', *, *, #2127, .T. ) ;
#1619 = LINE ( 'NONE', #990, #457 ) ;
#1620 = DIRECTION ( 'NONE',  ( 1.035198944794589901E-14, -1.000000000000000000, -3.208265837431779828E-16 ) ) ;
#1621 = LINE ( 'NONE', #1557, #1223 ) ;
#1622 = VECTOR ( 'NONE', #3351, 39.37007874015748143 ) ;
#1623 = ORIENTED_EDGE ( 'NONE', *, *, #87, .T. ) ;
#1624 = AXIS2_PLACEMENT_3D ( 'NONE', #513, #3428, #1802 ) ;
#1625 = CARTESIAN_POINT ( 'NONE',  ( 0.04429133858267639279, 0.1698187976228980045, 0.01771653543307090059 ) ) ;
#1626 = DIRECTION ( 'NONE',  ( 1.000000000000000000, -1.272163194318223936E-48, 1.089726903440029871E-32 ) ) ;
#1627 = DIRECTION ( 'NONE',  ( 0.0000000000000000000, -1.000000000000000000, -1.167414689223770104E-16 ) ) ;
#1628 = VECTOR ( 'NONE', #3198, 39.37007874015748143 ) ;
#1629 = MECHANICAL_DESIGN_GEOMETRIC_PRESENTATION_REPRESENTATION (  '', ( #2974 ), #2752 ) ;
#1630 = ADVANCED_FACE ( 'NONE', ( #411 ), #2342, .F. ) ;
#1631 = VERTEX_POINT ( 'NONE', #2441 ) ;
#1632 = CARTESIAN_POINT ( 'NONE',  ( -0.02952755905511790166, -0.01377952755905370065, -0.01799632996797460166 ) ) ;
#1633 = LINE ( 'NONE', #3296, #3725 ) ;
#1634 = VECTOR ( 'NONE', #1640, 39.37007874015748143 ) ;
#1635 = AXIS2_PLACEMENT_3D ( 'NONE', #429, #2017, #1761 ) ;
#1636 = DIRECTION ( 'NONE',  ( 0.2505628070857239265, 0.9351131265310226315, 0.2505628070857641720 ) ) ;
#1637 = EDGE_CURVE ( 'NONE', #1799, #2681, #804, .T. ) ;
#1638 = DIRECTION ( 'NONE',  ( 1.035198944794589901E-14, -1.000000000000000000, -0.0000000000000000000 ) ) ;
#1639 = EDGE_LOOP ( 'NONE', ( #4159, #168, #1587, #141, #749 ) ) ;
#1640 = DIRECTION ( 'NONE',  ( -0.0000000000000000000, -1.000000000000000000, -1.167414689223770104E-16 ) ) ;
#1641 = CIRCLE ( 'NONE', #2691, 0.01968503937007870866 ) ;
#1642 = VECTOR ( 'NONE', #1862, 39.37007874015748143 ) ;
#1643 = FACE_OUTER_BOUND ( 'NONE', #1925, .T. ) ;
#1644 =( GEOMETRIC_REPRESENTATION_CONTEXT ( 3 ) GLOBAL_UNCERTAINTY_ASSIGNED_CONTEXT ( ( #184 ) ) GLOBAL_UNIT_ASSIGNED_CONTEXT ( ( #379, #1293, #572 ) ) REPRESENTATION_CONTEXT ( 'NONE', 'WORKASPACE' ) );
#1645 = PRESENTATION_STYLE_ASSIGNMENT (( #3265 ) ) ;
#1646 = DIRECTION ( 'NONE',  ( 0.0000000000000000000, -2.773640129944130029E-16, 1.000000000000000000 ) ) ;
#1647 = DIRECTION ( 'NONE',  ( -1.000000000000000000, 1.224606353822379970E-16, 0.0000000000000000000 ) ) ;
#1648 = CARTESIAN_POINT ( 'NONE',  ( 0.01279527559055190084, -0.06692913385826590456, 0.06889763779527580123 ) ) ;
#1649 = AXIS2_PLACEMENT_3D ( 'NONE', #1722, #109, #3702 ) ;
#1650 = DIRECTION ( 'NONE',  ( 1.089726903440029871E-32, 1.167414689223770104E-16, -1.000000000000000000 ) ) ;
#1651 = EDGE_LOOP ( 'NONE', ( #2891, #2122, #1935, #1176, #133, #2224, #1323, #1521, #3679, #71 ) ) ;
#1652 = CARTESIAN_POINT ( 'NONE',  ( 0.1564960629921250124, 0.06692913385826780581, -2.984143439136773555E-16 ) ) ;
#1653 = CARTESIAN_POINT ( 'NONE',  ( -0.1210629921259839953, -0.04330708661417284611, 0.1574803149606300023 ) ) ;
#1654 = DIRECTION ( 'NONE',  ( -1.429623445970342509E-32, -1.167414689224859965E-16, 1.000000000000000000 ) ) ;
#1655 =( NAMED_UNIT ( * ) PLANE_ANGLE_UNIT ( ) SI_UNIT ( $, .RADIAN. ) );
#1656 = ORIENTED_EDGE ( 'NONE', *, *, #759, .T. ) ;
#1657 = EDGE_CURVE ( 'NONE', #3775, #3782, #2530, .T. ) ;
#1658 = FILL_AREA_STYLE ('',( #1292 ) ) ;
#1659 = ORIENTED_EDGE ( 'NONE', *, *, #2311, .T. ) ;
#1660 = DIRECTION ( 'NONE',  ( -1.219403723456549750E-30, -1.262325447800814145E-44, 1.000000000000000000 ) ) ;
#1661 = ADVANCED_FACE ( 'NONE', ( #2194 ), #3129, .F. ) ;
#1662 = EDGE_CURVE ( 'NONE', #1061, #1042, #1123, .T. ) ;
#1663 = FILL_AREA_STYLE_COLOUR ( '', #1135 ) ;
#1664 = LINE ( 'NONE', #3888, #2685 ) ;
#1665 = CARTESIAN_POINT ( 'NONE',  ( 0.1013779527559049987, 0.06692913385827110873, 0.01968503937007839988 ) ) ;
#1666 = CARTESIAN_POINT ( 'NONE',  ( -0.1309055118110230009, -0.04330708661417290162, 1.789572697884379915E-18 ) ) ;
#1667 = VERTEX_POINT ( 'NONE', #2218 ) ;
#1668 = LINE ( 'NONE', #1964, #2755 ) ;
#1669 = CARTESIAN_POINT ( 'NONE',  ( 0.1564960629921250124, 0.1624722409150839986, -5.586029252918153383E-16 ) ) ;
#1670 = LINE ( 'NONE', #57, #536 ) ;
#1671 = LINE ( 'NONE', #1060, #1065 ) ;
#1672 = VERTEX_POINT ( 'NONE', #1462 ) ;
#1673 = SURFACE_STYLE_USAGE ( .BOTH. , #678 ) ;
#1674 = LINE ( 'NONE', #1611, #2483 ) ;
#1675 = CARTESIAN_POINT ( 'NONE',  ( 0.01279527177726271295, -0.06692913385826552986, 0.09251968503937020583 ) ) ;
#1676 = ORIENTED_EDGE ( 'NONE', *, *, #1937, .F. ) ;
#1677 = CARTESIAN_POINT ( 'NONE',  ( -0.04921259842519856015, 0.1624722409150839986, -0.01799632996797460166 ) ) ;
#1678 = DIRECTION ( 'NONE',  ( 1.224606353822379970E-16, 1.000000000000000000, 1.167414689224859965E-16 ) ) ;
#1679 = EDGE_CURVE ( 'NONE', #1061, #1876, #1812, .T. ) ;
#1680 = CARTESIAN_POINT ( 'NONE',  ( -0.1564960629921251789, -0.06692913385826754213, 1.008322030796455652E-16 ) ) ;
#1681 = PLANE ( 'NONE',  #1479 ) ;
#1682 = DIRECTION ( 'NONE',  ( 1.089726903440029871E-32, 1.167414689223770104E-16, -1.000000000000000000 ) ) ;
#1683 = AXIS2_PLACEMENT_3D ( 'NONE', #3501, #1434, #865 ) ;
#1684 =( NAMED_UNIT ( * ) SI_UNIT ( $, .STERADIAN. ) SOLID_ANGLE_UNIT ( ) );
#1685 = ORIENTED_EDGE ( 'NONE', *, *, #1335, .T. ) ;
#1686 = EDGE_CURVE ( 'NONE', #45, #3067, #2173, .T. ) ;
#1687 = FACE_OUTER_BOUND ( 'NONE', #599, .T. ) ;
#1688 = DIRECTION ( 'NONE',  ( 0.0000000000000000000, -1.000000000000000000, 2.723258531077630015E-15 ) ) ;
#1689 = VECTOR ( 'NONE', #2319, 39.37007874015748143 ) ;
#1690 = LINE ( 'NONE', #424, #446 ) ;
#1691 = FACE_OUTER_BOUND ( 'NONE', #3208, .T. ) ;
#1692 = VECTOR ( 'NONE', #2745, 39.37007874015748143 ) ;
#1693 = STYLED_ITEM ( 'NONE', ( #1825 ), #1913 ) ;
#1694 = VERTEX_POINT ( 'NONE', #103 ) ;
#1695 = ORIENTED_EDGE ( 'NONE', *, *, #1994, .T. ) ;
#1696 = VECTOR ( 'NONE', #2208, 39.37007874015748143 ) ;
#1697 = VECTOR ( 'NONE', #1117, 39.37007874015748143 ) ;
#1698 = DIRECTION ( 'NONE',  ( -0.0000000000000000000, -1.000000000000000000, -0.0000000000000000000 ) ) ;
#1699 = VECTOR ( 'NONE', #4149, 39.37007874015748143 ) ;
#1700 = VECTOR ( 'NONE', #447, 39.37007874015748854 ) ;
#1701 = CARTESIAN_POINT ( 'NONE',  ( 0.05118110236220590331, -0.06692913385826453065, 0.09251968503937020583 ) ) ;
#1702 = VERTEX_POINT ( 'NONE', #779 ) ;
#1703 = FACE_OUTER_BOUND ( 'NONE', #1115, .T. ) ;
#1704 =( LENGTH_UNIT ( ) NAMED_UNIT ( * ) SI_UNIT ( $, .METRE. ) );
#1705 = VECTOR ( 'NONE', #2435, 39.37007874015748143 ) ;
#1706 = EDGE_CURVE ( 'NONE', #2201, #611, #4160, .T. ) ;
#1707 = CARTESIAN_POINT ( 'NONE',  ( 0.1564960629921270108, -0.09842519685039080590, 1.404163617222379349E-16 ) ) ;
#1708 = ORIENTED_EDGE ( 'NONE', *, *, #2039, .T. ) ;
#1709 = PRESENTATION_STYLE_ASSIGNMENT (( #3430 ) ) ;
#1710 = DIRECTION ( 'NONE',  ( -0.0000000000000000000, 1.000000000000000000, 0.0000000000000000000 ) ) ;
#1711 = VECTOR ( 'NONE', #2712, 39.37007874015748143 ) ;
#1712 = DIRECTION ( 'NONE',  ( 1.035198944794589901E-14, -1.000000000000000000, -0.0000000000000000000 ) ) ;
#1713 = EDGE_CURVE ( 'NONE', #3148, #4178, #3785, .T. ) ;
#1714 = ADVANCED_FACE ( 'NONE', ( #3814 ), #3487, .F. ) ;
#1715 = CARTESIAN_POINT ( 'NONE',  ( -0.03149606299212569932, -0.01377952755905379953, 0.2150943881740769725 ) ) ;
#1716 = MECHANICAL_DESIGN_GEOMETRIC_PRESENTATION_REPRESENTATION (  '', ( #610 ), #1028 ) ;
#1717 = ORIENTED_EDGE ( 'NONE', *, *, #910, .T. ) ;
#1718 = ORIENTED_EDGE ( 'NONE', *, *, #3743, .T. ) ;
#1719 =( CONVERSION_BASED_UNIT ( 'INCH', #4028 ) LENGTH_UNIT ( ) NAMED_UNIT ( #4123 ) );
#1720 = LINE ( 'NONE', #3297, #445 ) ;
#1721 = VERTEX_POINT ( 'NONE', #4286 ) ;
#1722 = CARTESIAN_POINT ( 'NONE',  ( 0.1564960629921260116, 0.04330708661417600330, -3.906208353055519818E-16 ) ) ;
#1723 = ORIENTED_EDGE ( 'NONE', *, *, #3032, .F. ) ;
#1724 = CARTESIAN_POINT ( 'NONE',  ( 0.04921259842519720012, -0.03149606299212379806, 0.2150943881740769725 ) ) ;
#1725 = SURFACE_SIDE_STYLE ('',( #2365 ) ) ;
#1726 = CARTESIAN_POINT ( 'NONE',  ( -0.1564960629921260116, -0.04330708661417323468, 0.2598425196850390195 ) ) ;
#1727 = FILL_AREA_STYLE_COLOUR ( '', #4255 ) ;
#1728 = PLANE ( 'NONE',  #4080 ) ;
#1729 = CARTESIAN_POINT ( 'NONE',  ( -0.1210629921259845782, 0.04330708661417317223, 0.01968503937007849702 ) ) ;
#1730 = EDGE_LOOP ( 'NONE', ( #1212, #778, #4163, #1482 ) ) ;
#1731 = CARTESIAN_POINT ( 'NONE',  ( -0.09055118110236150264, -0.06692913385826700090, 0.09251968503937020583 ) ) ;
#1732 = FILL_AREA_STYLE ('',( #2335 ) ) ;
#1733 = EDGE_CURVE ( 'NONE', #1399, #1742, #2258, .T. ) ;
#1734 = PLANE ( 'NONE',  #3159 ) ;
#1735 = DIRECTION ( 'NONE',  ( -0.2505628070857218170, 0.2505628070857296996, 0.9351131265310324014 ) ) ;
#1736 = ORIENTED_EDGE ( 'NONE', *, *, #1793, .F. ) ;
#1737 = ORIENTED_EDGE ( 'NONE', *, *, #1549, .T. ) ;
#1738 = DIRECTION ( 'NONE',  ( -1.219403723456549750E-30, -1.262325447800814145E-44, 1.000000000000000000 ) ) ;
#1739 = VERTEX_POINT ( 'NONE', #2939 ) ;
#1740 = FILL_AREA_STYLE_COLOUR ( '', #3259 ) ;
#1741 = EDGE_CURVE ( 'NONE', #4238, #1017, #3967, .T. ) ;
#1742 = VERTEX_POINT ( 'NONE', #1236 ) ;
#1743 = CARTESIAN_POINT ( 'NONE',  ( -0.1564960629921260948, 0.04330708661417290162, 0.2598425196850390195 ) ) ;
#1744 = DIRECTION ( 'NONE',  ( 0.0000000000000000000, -1.000000000000000000, 6.123031769111889989E-17 ) ) ;
#1745 = DIRECTION ( 'NONE',  ( 1.056882988244299989E-14, -1.000000000000000000, 0.0000000000000000000 ) ) ;
#1746 = UNCERTAINTY_MEASURE_WITH_UNIT (LENGTH_MEASURE( 1.000000000000000082E-05 ), #1943, 'distance_accuracy_value', 'NONE');
#1747 = CARTESIAN_POINT ( 'NONE',  ( 0.03346456692913191144, 0.1771653543307100398, 0.01574803149606313762 ) ) ;
#1748 = CARTESIAN_POINT ( 'NONE',  ( -0.004921259842520370187, 0.07086614173228419911, 0.1870078740157480046 ) ) ;
#1749 = ORIENTED_EDGE ( 'NONE', *, *, #1153, .T. ) ;
#1750 = CARTESIAN_POINT ( 'NONE',  ( 0.01279527559055206043, -0.09842519685039149979, 0.09251968503937020583 ) ) ;
#1751 = CARTESIAN_POINT ( 'NONE',  ( -0.1309055118110240001, 0.04330708661417270039, -3.906208353055519818E-16 ) ) ;
#1752 = CARTESIAN_POINT ( 'NONE',  ( 0.1407480314960629919, -0.04330708661416995259, 0.01968503937007870172 ) ) ;
#1753 =( NAMED_UNIT ( * ) PLANE_ANGLE_UNIT ( ) SI_UNIT ( $, .RADIAN. ) );
#1754 = VECTOR ( 'NONE', #3871, 39.37007874015748143 ) ;
#1755 = CARTESIAN_POINT ( 'NONE',  ( 0.01279527559055219747, -0.09842519685039038957, 0.2598425196850390195 ) ) ;
#1756 = ORIENTED_EDGE ( 'NONE', *, *, #2767, .T. ) ;
#1757 = AXIS2_PLACEMENT_3D ( 'NONE', #221, #946, #3916 ) ;
#1758 = ORIENTED_EDGE ( 'NONE', *, *, #3362, .T. ) ;
#1759 = VECTOR ( 'NONE', #1626, 39.37007874015748143 ) ;
#1760 =( CONVERSION_BASED_UNIT ( 'INCH', #3171 ) LENGTH_UNIT ( ) NAMED_UNIT ( #1145 ) );
#1761 = DIRECTION ( 'NONE',  ( -1.035198944794589901E-14, 1.000000000000000000, 0.0000000000000000000 ) ) ;
#1762 = VECTOR ( 'NONE', #3435, 39.37007874015748143 ) ;
#1763 = ADVANCED_FACE ( 'NONE', ( #2555 ), #213, .T. ) ;
#1764 = ORIENTED_EDGE ( 'NONE', *, *, #3703, .T. ) ;
#1765 = PRESENTATION_LAYER_ASSIGNMENT (  '', '', ( #1983 ) ) ;
#1766 =( GEOMETRIC_REPRESENTATION_CONTEXT ( 3 ) GLOBAL_UNCERTAINTY_ASSIGNED_CONTEXT ( ( #2578 ) ) GLOBAL_UNIT_ASSIGNED_CONTEXT ( ( #4040, #2077, #2994 ) ) REPRESENTATION_CONTEXT ( 'NONE', 'WORKASPACE' ) );
#1767 = EDGE_LOOP ( 'NONE', ( #2705, #2812, #558, #462, #1070 ) ) ;
#1768 = CARTESIAN_POINT ( 'NONE',  ( -0.09055118110236150264, -0.06692913385826700090, 0.2598425196850390195 ) ) ;
#1769 = ADVANCED_FACE ( 'NONE', ( #281 ), #1281, .F. ) ;
#1770 = PRESENTATION_LAYER_ASSIGNMENT (  '', '', ( #2888 ) ) ;
#1771 = STYLED_ITEM ( 'NONE', ( #1966 ), #2713 ) ;
#1772 = VECTOR ( 'NONE', #2961, 39.37007874015748143 ) ;
#1773 = CARTESIAN_POINT ( 'NONE',  ( 0.004921259842519006694, 0.02165354330708759920, 0.06889763779527580123 ) ) ;
#1774 = DIRECTION ( 'NONE',  ( 0.0000000000000000000, -0.2588190451025210725, -0.9659258262890682012 ) ) ;
#1775 = CARTESIAN_POINT ( 'NONE',  ( 0.1210629921259841341, -0.04330708661417012606, 0.01968503937007873295 ) ) ;
#1776 = FACE_OUTER_BOUND ( 'NONE', #1794, .T. ) ;
#1777 = VECTOR ( 'NONE', #372, 39.37007874015748143 ) ;
#1778 = VERTEX_POINT ( 'NONE', #612 ) ;
#1779 = CARTESIAN_POINT ( 'NONE',  ( 0.09055118110236290430, -0.06692913385826509964, 0.2598425196850390195 ) ) ;
#1780 = DIRECTION ( 'NONE',  ( -1.000000000000000000, -1.084202172485503961E-14, 0.0000000000000000000 ) ) ;
#1781 = MECHANICAL_DESIGN_GEOMETRIC_PRESENTATION_REPRESENTATION (  '', ( #180 ), #2556 ) ;
#1782 = MECHANICAL_DESIGN_GEOMETRIC_PRESENTATION_REPRESENTATION (  '', ( #1771 ), #4202 ) ;
#1783 = ORIENTED_EDGE ( 'NONE', *, *, #2385, .T. ) ;
#1784 = AXIS2_PLACEMENT_3D ( 'NONE', #3163, #2788, #3206 ) ;
#1785 = VERTEX_POINT ( 'NONE', #3946 ) ;
#1786 =( NAMED_UNIT ( * ) PLANE_ANGLE_UNIT ( ) SI_UNIT ( $, .RADIAN. ) );
#1787 = MECHANICAL_DESIGN_GEOMETRIC_PRESENTATION_REPRESENTATION (  '', ( #815 ), #43 ) ;
#1788 = APPLICATION_PROTOCOL_DEFINITION ( 'draft international standard', 'automotive_design', 1998, #1952 ) ;
#1789 = ORIENTED_EDGE ( 'NONE', *, *, #1285, .T. ) ;
#1790 = DIRECTION ( 'NONE',  ( -1.035198944794589901E-14, 1.000000000000000000, 0.0000000000000000000 ) ) ;
#1791 = DIMENSIONAL_EXPONENTS ( 1.000000000000000000, 0.0000000000000000000, 0.0000000000000000000, 0.0000000000000000000, 0.0000000000000000000, 0.0000000000000000000, 0.0000000000000000000 ) ;
#1792 = AXIS2_PLACEMENT_3D ( 'NONE', #2907, #2881, #2976 ) ;
#1793 = EDGE_CURVE ( 'NONE', #3160, #2818, #907, .T. ) ;
#1794 = EDGE_LOOP ( 'NONE', ( #3628, #3078, #632, #4201 ) ) ;
#1795 = SURFACE_STYLE_USAGE ( .BOTH. , #111 ) ;
#1796 = PRESENTATION_STYLE_ASSIGNMENT (( #2447 ) ) ;
#1797 = DIRECTION ( 'NONE',  ( 1.000000000000000000, 1.035198944794589901E-14, 1.219403723456549750E-30 ) ) ;
#1798 = EDGE_CURVE ( 'NONE', #3565, #2855, #2921, .T. ) ;
#1799 = VERTEX_POINT ( 'NONE', #3252 ) ;
#1800 = LINE ( 'NONE', #4152, #3771 ) ;
#1801 = EDGE_CURVE ( 'NONE', #2128, #1464, #1255, .T. ) ;
#1802 = DIRECTION ( 'NONE',  ( 0.0000000000000000000, 0.0000000000000000000, 1.000000000000000000 ) ) ;
#1803 = ORIENTED_EDGE ( 'NONE', *, *, #3664, .F. ) ;
#1804 = CARTESIAN_POINT ( 'NONE',  ( -0.09055118110236240470, -0.001968503937006683968, 0.09251968503936984500 ) ) ;
#1805 = CARTESIAN_POINT ( 'NONE',  ( 0.1564960629921270108, -0.09842519685039040345, 0.2598425196850390195 ) ) ;
#1806 = ADVANCED_FACE ( 'NONE', ( #298 ), #55, .T. ) ;
#1807 = FACE_OUTER_BOUND ( 'NONE', #259, .T. ) ;
#1808 = CARTESIAN_POINT ( 'NONE',  ( 0.1210629921259839953, 0.04330708661417559391, 0.1574803149606300023 ) ) ;
#1809 = DIRECTION ( 'NONE',  ( 3.321193409529909890E-30, -3.208265837431779828E-16, 1.000000000000000000 ) ) ;
#1810 = ORIENTED_EDGE ( 'NONE', *, *, #1045, .T. ) ;
#1811 = ORIENTED_EDGE ( 'NONE', *, *, #3765, .F. ) ;
#1812 = LINE ( 'NONE', #1501, #86 ) ;
#1813 = SURFACE_STYLE_USAGE ( .BOTH. , #1463 ) ;
#1814 = ORIENTED_EDGE ( 'NONE', *, *, #2126, .F. ) ;
#1815 = CARTESIAN_POINT ( 'NONE',  ( -0.04921259842519670052, -0.01377952755905390014, -0.01799632996797460166 ) ) ;
#1816 = ORIENTED_EDGE ( 'NONE', *, *, #730, .T. ) ;
#1817 = DIRECTION ( 'NONE',  ( 1.219403723456549750E-30, 1.262325447800814145E-44, -1.000000000000000000 ) ) ;
#1818 = DIRECTION ( 'NONE',  ( 1.089726903440029871E-32, 1.167414689223770104E-16, -1.000000000000000000 ) ) ;
#1819 = FILL_AREA_STYLE ('',( #2501 ) ) ;
#1820 = CARTESIAN_POINT ( 'NONE',  ( -0.1564960629921265112, 0.09842519685039319288, 0.2598425196850390195 ) ) ;
#1821 = LINE ( 'NONE', #2139, #1555 ) ;
#1822 = EDGE_CURVE ( 'NONE', #1604, #1721, #644, .T. ) ;
#1823 = VERTEX_POINT ( 'NONE', #1408 ) ;
#1824 = CARTESIAN_POINT ( 'NONE',  ( 0.02952755905511830065, -0.01377952755905309870, -0.01799632996797429982 ) ) ;
#1825 = PRESENTATION_STYLE_ASSIGNMENT (( #4129 ) ) ;
#1826 = CARTESIAN_POINT ( 'NONE',  ( -0.1309055118110240001, 0.04330708661417329713, 1.190103851005869969E-17 ) ) ;
#1827 = SURFACE_STYLE_FILL_AREA ( #497 ) ;
#1828 = SURFACE_SIDE_STYLE ('',( #498 ) ) ;
#1829 = EDGE_CURVE ( 'NONE', #1417, #3232, #3349, .T. ) ;
#1830 = ORIENTED_EDGE ( 'NONE', *, *, #2243, .T. ) ;
#1831 = VERTEX_POINT ( 'NONE', #1653 ) ;
#1832 = PRESENTATION_STYLE_ASSIGNMENT (( #195 ) ) ;
#1833 = CIRCLE ( 'NONE', #80, 0.007874015748031499423 ) ;
#1834 = PRESENTATION_STYLE_ASSIGNMENT (( #1524 ) ) ;
#1835 = STYLED_ITEM ( 'NONE', ( #3017 ), #1630 ) ;
#1836 = VERTEX_POINT ( 'NONE', #2743 ) ;
#1837 = LINE ( 'NONE', #2154, #1303 ) ;
#1838 = ORIENTED_EDGE ( 'NONE', *, *, #1448, .T. ) ;
#1839 = CARTESIAN_POINT ( 'NONE',  ( -0.1013779527559059979, 0.09842519685039639865, -3.841862661523498852E-16 ) ) ;
#1840 = STYLED_ITEM ( 'NONE', ( #2104 ), #93 ) ;
#1841 = COLOUR_RGB ( '',0.9490196078431372140, 0.9490196078431372140, 0.9490196078431372140 ) ;
#1842 = LENGTH_MEASURE_WITH_UNIT ( LENGTH_MEASURE( 0.02539999999999999897 ), #788 );
#1843 = COLOUR_RGB ( '',0.9490196078431372140, 0.9490196078431372140, 0.9490196078431372140 ) ;
#1844 = UNCERTAINTY_MEASURE_WITH_UNIT (LENGTH_MEASURE( 1.000000000000000082E-05 ), #68, 'distance_accuracy_value', 'NONE');
#1845 = CARTESIAN_POINT ( 'NONE',  ( -0.01279527101460321489, -0.06692913385826607109, 0.09251968503937020583 ) ) ;
#1846 = VECTOR ( 'NONE', #94, 39.37007874015748143 ) ;
#1847 =( GEOMETRIC_REPRESENTATION_CONTEXT ( 3 ) GLOBAL_UNCERTAINTY_ASSIGNED_CONTEXT ( ( #3492 ) ) GLOBAL_UNIT_ASSIGNED_CONTEXT ( ( #706, #731, #401 ) ) REPRESENTATION_CONTEXT ( 'NONE', 'WORKASPACE' ) );
#1848 = CARTESIAN_POINT ( 'NONE',  ( 0.1564960629921270108, -0.04330708661417029259, 0.2598425196850390195 ) ) ;
#1849 = AXIS2_PLACEMENT_3D ( 'NONE', #2313, #1977, #1646 ) ;
#1850 = PRESENTATION_STYLE_ASSIGNMENT (( #3777 ) ) ;
#1851 = DIRECTION ( 'NONE',  ( -1.000000000000000000, 1.272163194318223936E-48, -1.089726903440029871E-32 ) ) ;
#1852 = DIRECTION ( 'NONE',  ( 0.0000000000000000000, 1.000000000000000000, 1.167414689223770104E-16 ) ) ;
#1853 = ADVANCED_FACE ( 'NONE', ( #72 ), #406, .F. ) ;
#1854 = VECTOR ( 'NONE', #3301, 39.37007874015748143 ) ;
#1855 = COLOUR_RGB ( '',0.9490196078431372140, 0.9490196078431372140, 0.9490196078431372140 ) ;
#1856 = LINE ( 'NONE', #3504, #234 ) ;
#1857 = DIMENSIONAL_EXPONENTS ( 1.000000000000000000, 0.0000000000000000000, 0.0000000000000000000, 0.0000000000000000000, 0.0000000000000000000, 0.0000000000000000000, 0.0000000000000000000 ) ;
#1858 = VERTEX_POINT ( 'NONE', #339 ) ;
#1859 = ORIENTED_EDGE ( 'NONE', *, *, #2572, .T. ) ;
#1860 =( NAMED_UNIT ( * ) SI_UNIT ( $, .STERADIAN. ) SOLID_ANGLE_UNIT ( ) );
#1861 = VECTOR ( 'NONE', #1288, 39.37007874015748143 ) ;
#1862 = DIRECTION ( 'NONE',  ( 1.000000000000000000, -1.224606353822379970E-16, -0.0000000000000000000 ) ) ;
#1863 =( GEOMETRIC_REPRESENTATION_CONTEXT ( 3 ) GLOBAL_UNCERTAINTY_ASSIGNED_CONTEXT ( ( #1890 ) ) GLOBAL_UNIT_ASSIGNED_CONTEXT ( ( #1543, #2220, #2174 ) ) REPRESENTATION_CONTEXT ( 'NONE', 'WORKASPACE' ) );
#1864 = EDGE_CURVE ( 'NONE', #3401, #2865, #3630, .T. ) ;
#1865 = EDGE_CURVE ( 'NONE', #1831, #2308, #1986, .T. ) ;
#1866 = VECTOR ( 'NONE', #294, 39.37007874015748143 ) ;
#1867 = VERTEX_POINT ( 'NONE', #2394 ) ;
#1868 = LINE ( 'NONE', #2849, #3736 ) ;
#1869 = ORIENTED_EDGE ( 'NONE', *, *, #3295, .T. ) ;
#1870 =( NAMED_UNIT ( * ) SI_UNIT ( $, .STERADIAN. ) SOLID_ANGLE_UNIT ( ) );
#1871 = AXIS2_PLACEMENT_3D ( 'NONE', #533, #2469, #3768 ) ;
#1872 = DIRECTION ( 'NONE',  ( 1.035198944794589901E-14, -1.000000000000000000, -0.0000000000000000000 ) ) ;
#1873 = PRESENTATION_LAYER_ASSIGNMENT (  '', '', ( #2986 ) ) ;
#1874 = VERTEX_POINT ( 'NONE', #1325 ) ;
#1875 = SURFACE_STYLE_FILL_AREA ( #2887 ) ;
#1876 = VERTEX_POINT ( 'NONE', #712 ) ;
#1877 = CARTESIAN_POINT ( 'NONE',  ( 0.1564960629921270108, -0.09842519685039040345, 0.2598425196850390195 ) ) ;
#1878 = CARTESIAN_POINT ( 'NONE',  ( 0.1309055118110230842, 0.04330708661417610739, 0.1574803149606300023 ) ) ;
#1879 = SURFACE_STYLE_USAGE ( .BOTH. , #740 ) ;
#1880 = ORIENTED_EDGE ( 'NONE', *, *, #2677, .F. ) ;
#1881 = ORIENTED_EDGE ( 'NONE', *, *, #1256, .T. ) ;
#1882 = PRESENTATION_STYLE_ASSIGNMENT (( #549 ) ) ;
#1883 = PLANE ( 'NONE',  #2833 ) ;
#1884 = EDGE_CURVE ( 'NONE', #2147, #3067, #3038, .T. ) ;
#1885 = ORIENTED_EDGE ( 'NONE', *, *, #2622, .F. ) ;
#1886 = CARTESIAN_POINT ( 'NONE',  ( -0.004921259842520371054, 0.06496062992126043489, 0.1870078740157480046 ) ) ;
#1887 = DIMENSIONAL_EXPONENTS ( 1.000000000000000000, 0.0000000000000000000, 0.0000000000000000000, 0.0000000000000000000, 0.0000000000000000000, 0.0000000000000000000, 0.0000000000000000000 ) ;
#1888 = CARTESIAN_POINT ( 'NONE',  ( -0.1564960629921260116, 0.04330708661417270039, -3.906208353055519818E-16 ) ) ;
#1889 = EDGE_CURVE ( 'NONE', #1631, #542, #3313, .T. ) ;
#1890 = UNCERTAINTY_MEASURE_WITH_UNIT (LENGTH_MEASURE( 1.000000000000000082E-05 ), #1543, 'distance_accuracy_value', 'NONE');
#1891 = VERTEX_POINT ( 'NONE', #2655 ) ;
#1892 = LENGTH_MEASURE_WITH_UNIT ( LENGTH_MEASURE( 0.02539999999999999897 ), #1956 );
#1893 = EDGE_LOOP ( 'NONE', ( #2398, #856, #3934, #364 ) ) ;
#1894 = LINE ( 'NONE', #3223, #1283 ) ;
#1895 = FILL_AREA_STYLE_COLOUR ( '', #919 ) ;
#1896 = LINE ( 'NONE', #3225, #2223 ) ;
#1897 =( NAMED_UNIT ( * ) SI_UNIT ( $, .STERADIAN. ) SOLID_ANGLE_UNIT ( ) );
#1898 = ORIENTED_EDGE ( 'NONE', *, *, #493, .F. ) ;
#1899 = ORIENTED_EDGE ( 'NONE', *, *, #730, .F. ) ;
#1900 = DIRECTION ( 'NONE',  ( 1.035198944794589901E-14, -1.000000000000000000, -1.167414689223770104E-16 ) ) ;
#1901 = DIRECTION ( 'NONE',  ( -1.219403723456549750E-30, -1.262325447800814145E-44, 1.000000000000000000 ) ) ;
#1902 = FILL_AREA_STYLE ('',( #565 ) ) ;
#1903 = ORIENTED_EDGE ( 'NONE', *, *, #1396, .T. ) ;
#1904 = DIRECTION ( 'NONE',  ( 1.035198944794589901E-14, -1.000000000000000000, 2.723258531077630015E-15 ) ) ;
#1905 = CARTESIAN_POINT ( 'NONE',  ( -0.01279527559055038642, -0.06692913385826579353, -0.09195546864524579977 ) ) ;
#1906 = LINE ( 'NONE', #1546, #35 ) ;
#1907 = EDGE_CURVE ( 'NONE', #2382, #1146, #997, .T. ) ;
#1908 = AXIS2_PLACEMENT_3D ( 'NONE', #4174, #477, #2145 ) ;
#1909 = LINE ( 'NONE', #2204, #3931 ) ;
#1910 = ORIENTED_EDGE ( 'NONE', *, *, #2573, .F. ) ;
#1911 =( NAMED_UNIT ( * ) PLANE_ANGLE_UNIT ( ) SI_UNIT ( $, .RADIAN. ) );
#1912 = DIMENSIONAL_EXPONENTS ( 1.000000000000000000, 0.0000000000000000000, 0.0000000000000000000, 0.0000000000000000000, 0.0000000000000000000, 0.0000000000000000000, 0.0000000000000000000 ) ;
#1913 = ADVANCED_FACE ( 'NONE', ( #689 ), #2031, .F. ) ;
#1914 = VECTOR ( 'NONE', #38, 39.37007874015748143 ) ;
#1915 = FILL_AREA_STYLE_COLOUR ( '', #4271 ) ;
#1916 = ORIENTED_EDGE ( 'NONE', *, *, #1531, .F. ) ;
#1917 =( CONVERSION_BASED_UNIT ( 'INCH', #1248 ) LENGTH_UNIT ( ) NAMED_UNIT ( #1459 ) );
#1918 = FACE_OUTER_BOUND ( 'NONE', #3610, .T. ) ;
#1919 = STYLED_ITEM ( 'NONE', ( #2543 ), #3980 ) ;
#1920 = CARTESIAN_POINT ( 'NONE',  ( 0.1564960629921260116, -0.04330708661416991095, 0.1574803149606300023 ) ) ;
#1921 = VECTOR ( 'NONE', #3396, 39.37007874015748143 ) ;
#1922 = PRESENTATION_STYLE_ASSIGNMENT (( #1208 ) ) ;
#1923 =( GEOMETRIC_REPRESENTATION_CONTEXT ( 3 ) GLOBAL_UNCERTAINTY_ASSIGNED_CONTEXT ( ( #267 ) ) GLOBAL_UNIT_ASSIGNED_CONTEXT ( ( #1265, #1953, #537 ) ) REPRESENTATION_CONTEXT ( 'NONE', 'WORKASPACE' ) );
#1924 = ORIENTED_EDGE ( 'NONE', *, *, #835, .F. ) ;
#1925 = EDGE_LOOP ( 'NONE', ( #4217, #1253, #2785, #470, #2178, #1155 ) ) ;
#1926 = DIRECTION ( 'NONE',  ( 1.000000000000000000, 1.040834085586085992E-14, 0.0000000000000000000 ) ) ;
#1927 = VECTOR ( 'NONE', #3583, 39.37007874015748143 ) ;
#1928 = ORIENTED_EDGE ( 'NONE', *, *, #4054, .F. ) ;
#1929 = SURFACE_SIDE_STYLE ('',( #1287 ) ) ;
#1930 = LINE ( 'NONE', #2977, #2829 ) ;
#1931 = DIRECTION ( 'NONE',  ( 1.224606353822379970E-16, 1.000000000000000000, 0.0000000000000000000 ) ) ;
#1932 = EDGE_CURVE ( 'NONE', #2193, #3775, #3431, .T. ) ;
#1933 = PRESENTATION_LAYER_ASSIGNMENT (  '', '', ( #1936 ) ) ;
#1934 = UNCERTAINTY_MEASURE_WITH_UNIT (LENGTH_MEASURE( 1.000000000000000082E-05 ), #3309, 'distance_accuracy_value', 'NONE');
#1935 = ORIENTED_EDGE ( 'NONE', *, *, #3142, .T. ) ;
#1936 = STYLED_ITEM ( 'NONE', ( #2062 ), #1390 ) ;
#1937 = EDGE_CURVE ( 'NONE', #2855, #1586, #3740, .T. ) ;
#1938 = EDGE_CURVE ( 'NONE', #2035, #2021, #2189, .T. ) ;
#1939 = SURFACE_SIDE_STYLE ('',( #1580 ) ) ;
#1940 = CARTESIAN_POINT ( 'NONE',  ( -0.06496064212378480085, -0.06692913385826690376, 0.08070865959867740136 ) ) ;
#1941 = DIRECTION ( 'NONE',  ( -1.000000000000000000, 1.224606353822379970E-16, 0.0000000000000000000 ) ) ;
#1942 = DIRECTION ( 'NONE',  ( 1.035198944794589901E-14, -1.000000000000000000, -1.167414689223770104E-16 ) ) ;
#1943 =( CONVERSION_BASED_UNIT ( 'INCH', #890 ) LENGTH_UNIT ( ) NAMED_UNIT ( #1857 ) );
#1944 = ORIENTED_EDGE ( 'NONE', *, *, #1713, .T. ) ;
#1945 = DIRECTION ( 'NONE',  ( 0.0000000000000000000, -0.9659258262890684232, 0.2588190451025201844 ) ) ;
#1946 = DIRECTION ( 'NONE',  ( -1.000000000000000000, -1.121935118593429940E-14, -0.0000000000000000000 ) ) ;
#1947 = CARTESIAN_POINT ( 'NONE',  ( -0.09055118110236150264, -0.06692913385826700090, 0.06889763415798449975 ) ) ;
#1948 = SURFACE_SIDE_STYLE ('',( #3230 ) ) ;
#1949 = VERTEX_POINT ( 'NONE', #4153 ) ;
#1950 =( NAMED_UNIT ( * ) PLANE_ANGLE_UNIT ( ) SI_UNIT ( $, .RADIAN. ) );
#1951 = CARTESIAN_POINT ( 'NONE',  ( 0.1309055118110237503, -0.04330708661417018157, 0.1574803149606300023 ) ) ;
#1952 = APPLICATION_CONTEXT ( 'automotive_design' ) ;
#1953 =( NAMED_UNIT ( * ) PLANE_ANGLE_UNIT ( ) SI_UNIT ( $, .RADIAN. ) );
#1954 = DIRECTION ( 'NONE',  ( -1.000000000000000000, 1.224606353822360002E-16, 3.072164727521360229E-32 ) ) ;
#1955 = ORIENTED_EDGE ( 'NONE', *, *, #1102, .T. ) ;
#1956 =( LENGTH_UNIT ( ) NAMED_UNIT ( * ) SI_UNIT ( $, .METRE. ) );
#1957 = ORIENTED_EDGE ( 'NONE', *, *, #808, .F. ) ;
#1958 = DIRECTION ( 'NONE',  ( -1.429623445970342509E-32, -1.167414689224859965E-16, 1.000000000000000000 ) ) ;
#1959 = FACE_OUTER_BOUND ( 'NONE', #3251, .T. ) ;
#1960 = FACE_OUTER_BOUND ( 'NONE', #3377, .T. ) ;
#1961 = EDGE_CURVE ( 'NONE', #3185, #4304, #3413, .T. ) ;
#1962 = LINE ( 'NONE', #1603, #1199 ) ;
#1963 = ORIENTED_EDGE ( 'NONE', *, *, #3783, .T. ) ;
#1964 = CARTESIAN_POINT ( 'NONE',  ( -0.1210629921259840924, -0.04330708661417279753, -3.906208353055519818E-16 ) ) ;
#1965 = DIRECTION ( 'NONE',  ( 0.0000000000000000000, 2.723258531077519969E-15, 1.000000000000000000 ) ) ;
#1966 = PRESENTATION_STYLE_ASSIGNMENT (( #2302 ) ) ;
#1967 = DIRECTION ( 'NONE',  ( 1.000000000000000000, 1.121935118593429940E-14, 0.0000000000000000000 ) ) ;
#1968 = ORIENTED_EDGE ( 'NONE', *, *, #1706, .F. ) ;
#1969 = LENGTH_MEASURE_WITH_UNIT ( LENGTH_MEASURE( 0.02539999999999999897 ), #3616 );
#1970 = FILL_AREA_STYLE_COLOUR ( '', #3116 ) ;
#1971 = PLANE ( 'NONE',  #1571 ) ;
#1972 = ORIENTED_EDGE ( 'NONE', *, *, #2491, .T. ) ;
#1973 = CARTESIAN_POINT ( 'NONE',  ( 0.1564960629921270108, -0.06692913385826436412, 1.707404996040164512E-16 ) ) ;
#1974 = MECHANICAL_DESIGN_GEOMETRIC_PRESENTATION_REPRESENTATION (  '', ( #1412 ), #2667 ) ;
#1975 = AXIS2_PLACEMENT_3D ( 'NONE', #2661, #1314, #3991 ) ;
#1976 = DIRECTION ( 'NONE',  ( 0.2505628070857239265, 0.9351131265310300700, -0.2505628070857365275 ) ) ;
#1977 = DIRECTION ( 'NONE',  ( 1.224606353822360002E-16, 1.000000000000000000, 2.773640129944130029E-16 ) ) ;
#1978 = DIRECTION ( 'NONE',  ( -0.9659258262890682012, -1.023892065261770181E-14, 0.2588190451025210725 ) ) ;
#1979 = CARTESIAN_POINT ( 'NONE',  ( -0.09055118110236240470, -0.06692913385826579353, 0.06889763779527578735 ) ) ;
#1980 = STYLED_ITEM ( 'NONE', ( #669 ), #3820 ) ;
#1981 = PRESENTATION_LAYER_ASSIGNMENT (  '', '', ( #584 ) ) ;
#1982 = EDGE_LOOP ( 'NONE', ( #1327, #1294, #235, #4025 ) ) ;
#1983 = STYLED_ITEM ( 'NONE', ( #3074 ), #4030 ) ;
#1984 = ORIENTED_EDGE ( 'NONE', *, *, #3663, .T. ) ;
#1985 = VECTOR ( 'NONE', #961, 39.37007874015748143 ) ;
#1986 = LINE ( 'NONE', #1057, #1068 ) ;
#1987 = EDGE_CURVE ( 'NONE', #1949, #2900, #3481, .T. ) ;
#1988 = DIRECTION ( 'NONE',  ( 0.0000000000000000000, -0.2588190451025265681, -0.9659258262890667579 ) ) ;
#1989 = VECTOR ( 'NONE', #1548, 39.37007874015748143 ) ;
#1990 = VECTOR ( 'NONE', #3562, 39.37007874015748143 ) ;
#1991 = VECTOR ( 'NONE', #2295, 39.37007874015748143 ) ;
#1992 = CARTESIAN_POINT ( 'NONE',  ( -0.004921259842520371054, 0.06102362204724479100, 0.1279527559055120001 ) ) ;
#1993 = ORIENTED_EDGE ( 'NONE', *, *, #2517, .F. ) ;
#1994 = EDGE_CURVE ( 'NONE', #2257, #3467, #2434, .T. ) ;
#1995 = AXIS2_PLACEMENT_3D ( 'NONE', #3333, #3629, #2586 ) ;
#1996 = SURFACE_STYLE_USAGE ( .BOTH. , #2344 ) ;
#1997 = EDGE_CURVE ( 'NONE', #4238, #1031, #3808, .T. ) ;
#1998 = CARTESIAN_POINT ( 'NONE',  ( -0.04921259842519670052, -0.01377952755905390014, 0.01968503937007850049 ) ) ;
#1999 = VECTOR ( 'NONE', #3137, 39.37007874015748143 ) ;
#2000 = CARTESIAN_POINT ( 'NONE',  ( -0.06496064212378480085, 0.05118110236220559106, 0.09251968503937030297 ) ) ;
#2001 = DIRECTION ( 'NONE',  ( 1.000000000000000000, -1.272163194318223936E-48, 1.089726903440029871E-32 ) ) ;
#2002 = ORIENTED_EDGE ( 'NONE', *, *, #56, .F. ) ;
#2003 = DIRECTION ( 'NONE',  ( 0.0000000000000000000, 1.000000000000000000, 4.233543747729280204E-17 ) ) ;
#2004 = AXIS2_PLACEMENT_3D ( 'NONE', #564, #613, #4220 ) ;
#2005 = COLOUR_RGB ( '',0.9490196078431372140, 0.9490196078431372140, 0.9490196078431372140 ) ;
#2006 = CARTESIAN_POINT ( 'NONE',  ( -0.1564960629921267055, 0.06692913385826780581, 0.2598425196850390195 ) ) ;
#2007 = DIRECTION ( 'NONE',  ( 3.398965425289660775E-33, -4.162394656232306433E-49, 1.000000000000000000 ) ) ;
#2008 = DIRECTION ( 'NONE',  ( -1.000000000000000000, -1.056882988244299989E-14, -1.244717994301509988E-30 ) ) ;
#2009 = CARTESIAN_POINT ( 'NONE',  ( -0.09055118110236150264, -0.06692913385826694539, 0.09251968503937020583 ) ) ;
#2010 = VERTEX_POINT ( 'NONE', #143 ) ;
#2011 = VECTOR ( 'NONE', #2640, 39.37007874015748143 ) ;
#2012 = ORIENTED_EDGE ( 'NONE', *, *, #3901, .F. ) ;
#2013 = CARTESIAN_POINT ( 'NONE',  ( -0.1309055118110230009, -0.04330708661417290162, 0.1574803149606300023 ) ) ;
#2014 = DIRECTION ( 'NONE',  ( 3.398965425289660775E-33, -4.162394656232306433E-49, 1.000000000000000000 ) ) ;
#2015 = ORIENTED_EDGE ( 'NONE', *, *, #1474, .T. ) ;
#2016 = CARTESIAN_POINT ( 'NONE',  ( -0.1564960629921260116, 0.04330708661417270039, 0.01968503937007850049 ) ) ;
#2017 = DIRECTION ( 'NONE',  ( 1.000000000000000000, 1.035198944794589901E-14, 1.219403723456549750E-30 ) ) ;
#2018 = DIRECTION ( 'NONE',  ( 1.000000000000000000, 1.035198944794589901E-14, 1.219403723456549750E-30 ) ) ;
#2019 = EDGE_CURVE ( 'NONE', #253, #3549, #1141, .T. ) ;
#2020 = SURFACE_STYLE_USAGE ( .BOTH. , #968 ) ;
#2021 = VERTEX_POINT ( 'NONE', #1494 ) ;
#2022 = PLANE ( 'NONE',  #2065 ) ;
#2023 = ADVANCED_FACE ( 'NONE', ( #515 ), #1433, .F. ) ;
#2024 = PLANE ( 'NONE',  #2823 ) ;
#2025 = PLANE ( 'NONE',  #1849 ) ;
#2026 = DIRECTION ( 'NONE',  ( 1.089726903440029871E-32, 1.167414689223770104E-16, -1.000000000000000000 ) ) ;
#2027 = CARTESIAN_POINT ( 'NONE',  ( -0.1013779527559049987, -0.06692913385826702866, 0.01968503937007879540 ) ) ;
#2028 =( NAMED_UNIT ( * ) PLANE_ANGLE_UNIT ( ) SI_UNIT ( $, .RADIAN. ) );
#2029 = ORIENTED_EDGE ( 'NONE', *, *, #4162, .T. ) ;
#2030 = PLANE ( 'NONE',  #3999 ) ;
#2031 = PLANE ( 'NONE',  #2753 ) ;
#2032 = FACE_OUTER_BOUND ( 'NONE', #830, .T. ) ;
#2033 = CARTESIAN_POINT ( 'NONE',  ( 0.1309055118110240001, -0.04330708661417016769, 0.01771653543307079651 ) ) ;
#2034 = ORIENTED_EDGE ( 'NONE', *, *, #2187, .T. ) ;
#2035 = VERTEX_POINT ( 'NONE', #863 ) ;
#2036 = LINE ( 'NONE', #3618, #1150 ) ;
#2037 = PRESENTATION_STYLE_ASSIGNMENT (( #2020 ) ) ;
#2038 = ORIENTED_EDGE ( 'NONE', *, *, #736, .T. ) ;
#2039 = EDGE_CURVE ( 'NONE', #3561, #4218, #3541, .T. ) ;
#2040 = VERTEX_POINT ( 'NONE', #4254 ) ;
#2041 = LINE ( 'NONE', #3052, #1634 ) ;
#2042 = FACE_OUTER_BOUND ( 'NONE', #3831, .T. ) ;
#2043 = CARTESIAN_POINT ( 'NONE',  ( 0.05118110236220590331, -0.06692913385826440575, 0.1003937007874019932 ) ) ;
#2044 = EDGE_CURVE ( 'NONE', #3463, #253, #1538, .T. ) ;
#2045 = LENGTH_MEASURE_WITH_UNIT ( LENGTH_MEASURE( 0.02539999999999999897 ), #2070 );
#2046 = ADVANCED_FACE ( 'NONE', ( #1918 ), #923, .F. ) ;
#2047 = SURFACE_STYLE_USAGE ( .BOTH. , #3672 ) ;
#2048 = DIRECTION ( 'NONE',  ( 1.035198944794589901E-14, -1.000000000000000000, 2.723258531077630015E-15 ) ) ;
#2049 = ORIENTED_EDGE ( 'NONE', *, *, #2653, .T. ) ;
#2050 = PRESENTATION_LAYER_ASSIGNMENT (  '', '', ( #1412 ) ) ;
#2051 = CARTESIAN_POINT ( 'NONE',  ( -0.04921259842519653399, -0.03346456692913270248, 0.2077478314662639658 ) ) ;
#2052 = AXIS2_PLACEMENT_3D ( 'NONE', #627, #278, #3589 ) ;
#2053 =( GEOMETRIC_REPRESENTATION_CONTEXT ( 3 ) GLOBAL_UNCERTAINTY_ASSIGNED_CONTEXT ( ( #2069 ) ) GLOBAL_UNIT_ASSIGNED_CONTEXT ( ( #3144, #823, #3458 ) ) REPRESENTATION_CONTEXT ( 'NONE', 'WORKASPACE' ) );
#2054 = ORIENTED_EDGE ( 'NONE', *, *, #1864, .F. ) ;
#2055 = ORIENTED_EDGE ( 'NONE', *, *, #1147, .F. ) ;
#2056 = FACE_OUTER_BOUND ( 'NONE', #2937, .T. ) ;
#2057 = CARTESIAN_POINT ( 'NONE',  ( 0.02952755905511830065, -0.01377952755905309870, 0.01968503937007870172 ) ) ;
#2058 = AXIS2_PLACEMENT_3D ( 'NONE', #2386, #1334, #1012 ) ;
#2059 = VECTOR ( 'NONE', #1167, 39.37007874015748143 ) ;
#2060 = VECTOR ( 'NONE', #4285, 39.37007874015748143 ) ;
#2061 = ORIENTED_EDGE ( 'NONE', *, *, #2491, .F. ) ;
#2062 = PRESENTATION_STYLE_ASSIGNMENT (( #20 ) ) ;
#2063 = ORIENTED_EDGE ( 'NONE', *, *, #1340, .T. ) ;
#2064 = LINE ( 'NONE', #3995, #4142 ) ;
#2065 = AXIS2_PLACEMENT_3D ( 'NONE', #2690, #4016, #2446 ) ;
#2066 = VECTOR ( 'NONE', #1087, 39.37007874015748143 ) ;
#2067 = EDGE_CURVE ( 'NONE', #3894, #1836, #886, .T. ) ;
#2068 = LINE ( 'NONE', #50, #2339 ) ;
#2069 = UNCERTAINTY_MEASURE_WITH_UNIT (LENGTH_MEASURE( 1.000000000000000082E-05 ), #3144, 'distance_accuracy_value', 'NONE');
#2070 =( LENGTH_UNIT ( ) NAMED_UNIT ( * ) SI_UNIT ( $, .METRE. ) );
#2071 = DIRECTION ( 'NONE',  ( 1.000000000000000000, 8.009252384165752639E-44, 2.941054730120090012E-29 ) ) ;
#2072 = AXIS2_PLACEMENT_3D ( 'NONE', #28, #2008, #356 ) ;
#2073 = DIRECTION ( 'NONE',  ( 1.000000000000000000, 1.035198944794589901E-14, 0.0000000000000000000 ) ) ;
#2074 = EDGE_CURVE ( 'NONE', #3463, #1417, #4233, .T. ) ;
#2075 = EDGE_LOOP ( 'NONE', ( #1148, #677, #2663, #2082 ) ) ;
#2076 = LINE ( 'NONE', #3099, #4067 ) ;
#2077 =( NAMED_UNIT ( * ) PLANE_ANGLE_UNIT ( ) SI_UNIT ( $, .RADIAN. ) );
#2078 = LINE ( 'NONE', #2051, #1505 ) ;
#2079 = CARTESIAN_POINT ( 'NONE',  ( -0.02952755905511790166, -0.01377952755905373187, 0.09251968503937020583 ) ) ;
#2080 = EDGE_CURVE ( 'NONE', #3965, #3982, #208, .T. ) ;
#2081 = ORIENTED_EDGE ( 'NONE', *, *, #254, .T. ) ;
#2082 = ORIENTED_EDGE ( 'NONE', *, *, #3449, .T. ) ;
#2083 = FILL_AREA_STYLE ('',( #2749 ) ) ;
#2084 = CARTESIAN_POINT ( 'NONE',  ( 0.1564960629921264557, -0.04330708661416989708, 0.2598425196850390195 ) ) ;
#2085 = DIRECTION ( 'NONE',  ( 1.000000000000000000, 0.0000000000000000000, 0.0000000000000000000 ) ) ;
#2086 = ORIENTED_EDGE ( 'NONE', *, *, #4168, .F. ) ;
#2087 = CARTESIAN_POINT ( 'NONE',  ( -0.04921259842519670052, -0.06692913385826700090, 0.09251968503937020583 ) ) ;
#2088 = ORIENTED_EDGE ( 'NONE', *, *, #2360, .T. ) ;
#2089 = DIRECTION ( 'NONE',  ( 1.429623445970342509E-32, 1.167414689224859965E-16, -1.000000000000000000 ) ) ;
#2090 = CARTESIAN_POINT ( 'NONE',  ( 0.06496064212378628577, 0.02165354330708759920, 0.06889763779527580123 ) ) ;
#2091 =( NAMED_UNIT ( * ) SI_UNIT ( $, .STERADIAN. ) SOLID_ANGLE_UNIT ( ) );
#2092 = DIRECTION ( 'NONE',  ( -1.000000000000000000, 9.174411140098523755E-46, 3.368909354510710099E-31 ) ) ;
#2093 = DIRECTION ( 'NONE',  ( -1.000000000000000000, -1.084202172485503961E-14, 0.0000000000000000000 ) ) ;
#2094 = EDGE_LOOP ( 'NONE', ( #1184, #3837, #4146, #3368, #279 ) ) ;
#2095 = CARTESIAN_POINT ( 'NONE',  ( 0.1309055118110240001, -0.04330708661417020239, 0.1574803149606300023 ) ) ;
#2096 = DIRECTION ( 'NONE',  ( 0.2505628070857420231, -0.9351131265310257401, 0.2505628070857348066 ) ) ;
#2097 = CARTESIAN_POINT ( 'NONE',  ( 0.1564960629921270108, -0.09842519685039040345, 0.2598425196850390195 ) ) ;
#2098 = EDGE_CURVE ( 'NONE', #1122, #1066, #1229, .T. ) ;
#2099 = LINE ( 'NONE', #408, #3027 ) ;
#2100 = ORIENTED_EDGE ( 'NONE', *, *, #3322, .F. ) ;
#2101 = VERTEX_POINT ( 'NONE', #2233 ) ;
#2102 = DIRECTION ( 'NONE',  ( -1.000000000000000000, 1.224606353822379970E-16, 0.0000000000000000000 ) ) ;
#2103 = EDGE_CURVE ( 'NONE', #2657, #3906, #2212, .T. ) ;
#2104 = PRESENTATION_STYLE_ASSIGNMENT (( #461 ) ) ;
#2105 = ORIENTED_EDGE ( 'NONE', *, *, #648, .F. ) ;
#2106 =( NAMED_UNIT ( * ) SI_UNIT ( $, .STERADIAN. ) SOLID_ANGLE_UNIT ( ) );
#2107 = ORIENTED_EDGE ( 'NONE', *, *, #2979, .F. ) ;
#2108 = CYLINDRICAL_SURFACE ( 'NONE', #805, 0.01968503937007869131 ) ;
#2109 =( NAMED_UNIT ( * ) PLANE_ANGLE_UNIT ( ) SI_UNIT ( $, .RADIAN. ) );
#2110 = UNCERTAINTY_MEASURE_WITH_UNIT (LENGTH_MEASURE( 1.000000000000000082E-05 ), #3054, 'distance_accuracy_value', 'NONE');
#2111 = DIRECTION ( 'NONE',  ( -1.244717994301509988E-30, -1.315521273338831465E-44, 1.000000000000000000 ) ) ;
#2112 = DIRECTION ( 'NONE',  ( 1.000000000000000000, -8.203307088819268107E-18, 3.061515884556138512E-17 ) ) ;
#2113 = ORIENTED_EDGE ( 'NONE', *, *, #299, .F. ) ;
#2114 = LINE ( 'NONE', #3716, #1700 ) ;
#2115 = DIRECTION ( 'NONE',  ( 1.035198944794589901E-14, -1.000000000000000000, 0.0000000000000000000 ) ) ;
#2116 = CARTESIAN_POINT ( 'NONE',  ( -0.1387795275590559263, 0.04330708661417315836, 0.01771653543307081038 ) ) ;
#2117 = DIRECTION ( 'NONE',  ( -1.000000000000000000, -1.056882988244299989E-14, -1.244717994301509988E-30 ) ) ;
#2118 = VECTOR ( 'NONE', #1487, 39.37007874015748143 ) ;
#2119 = ORIENTED_EDGE ( 'NONE', *, *, #3933, .T. ) ;
#2120 = EDGE_CURVE ( 'NONE', #2035, #4093, #1581, .T. ) ;
#2121 = VECTOR ( 'NONE', #3823, 39.37007874015748143 ) ;
#2122 = ORIENTED_EDGE ( 'NONE', *, *, #3172, .T. ) ;
#2123 = FILL_AREA_STYLE_COLOUR ( '', #920 ) ;
#2124 = CARTESIAN_POINT ( 'NONE',  ( -0.1545275590551180023, -0.04330708661417310285, 0.009842519685039309227 ) ) ;
#2125 = VECTOR ( 'NONE', #4256, 39.37007874015748143 ) ;
#2126 = EDGE_CURVE ( 'NONE', #1876, #4105, #560, .T. ) ;
#2127 = EDGE_CURVE ( 'NONE', #2818, #321, #2872, .T. ) ;
#2128 = VERTEX_POINT ( 'NONE', #2582 ) ;
#2129 = LINE ( 'NONE', #3858, #4085 ) ;
#2130 = EDGE_LOOP ( 'NONE', ( #3929, #3358, #3722, #1764, #2938, #3168, #1460, #2505 ) ) ;
#2131 = CYLINDRICAL_SURFACE ( 'NONE', #1216, 0.01968503937007870866 ) ;
#2132 = VECTOR ( 'NONE', #2980, 39.37007874015748143 ) ;
#2133 = STYLED_ITEM ( 'NONE', ( #1850 ), #2023 ) ;
#2134 = PRESENTATION_STYLE_ASSIGNMENT (( #1427 ) ) ;
#2135 = CARTESIAN_POINT ( 'NONE',  ( -0.09055118110236240470, -0.06692913385826511352, 0.06889763779527578735 ) ) ;
#2136 = MECHANICAL_DESIGN_GEOMETRIC_PRESENTATION_REPRESENTATION (  '', ( #451 ), #378 ) ;
#2137 = VECTOR ( 'NONE', #3996, 39.37007874015748143 ) ;
#2138 = DIMENSIONAL_EXPONENTS ( 1.000000000000000000, 0.0000000000000000000, 0.0000000000000000000, 0.0000000000000000000, 0.0000000000000000000, 0.0000000000000000000, 0.0000000000000000000 ) ;
#2139 = CARTESIAN_POINT ( 'NONE',  ( 0.05856299212598289894, 0.1771653543307090406, 0.003937007874015230162 ) ) ;
#2140 = CIRCLE ( 'NONE', #2971, 0.007874015748031499423 ) ;
#2141 = ORIENTED_EDGE ( 'NONE', *, *, #193, .F. ) ;
#2142 = PRODUCT ( '22178E43-1FE2-40EA-8B26-B3F1F8629DED', '22178E43-1FE2-40EA-8B26-B3F1F8629DED', '', ( #1394 ) ) ;
#2143 =( CONVERSION_BASED_UNIT ( 'INCH', #188 ) LENGTH_UNIT ( ) NAMED_UNIT ( #568 ) );
#2144 = LENGTH_MEASURE_WITH_UNIT ( LENGTH_MEASURE( 0.02539999999999999897 ), #842 );
#2145 = DIRECTION ( 'NONE',  ( 0.0000000000000000000, 0.0000000000000000000, 1.000000000000000000 ) ) ;
#2146 =( NAMED_UNIT ( * ) PLANE_ANGLE_UNIT ( ) SI_UNIT ( $, .RADIAN. ) );
#2147 = VERTEX_POINT ( 'NONE', #4190 ) ;
#2148 = VECTOR ( 'NONE', #1383, 39.37007874015748143 ) ;
#2149 = ORIENTED_EDGE ( 'NONE', *, *, #2470, .F. ) ;
#2150 = CARTESIAN_POINT ( 'NONE',  ( -0.1564960629921270663, 0.09842519685039316513, 0.2598425196850390195 ) ) ;
#2151 = CARTESIAN_POINT ( 'NONE',  ( -0.1210629921259841341, -0.001968503937005891633, 0.1850393700787399953 ) ) ;
#2152 = VECTOR ( 'NONE', #2001, 39.37007874015748143 ) ;
#2153 = ORIENTED_EDGE ( 'NONE', *, *, #2407, .F. ) ;
#2154 = CARTESIAN_POINT ( 'NONE',  ( 0.03937007874015570341, 0.1771653543307100120, 0.01574803149606309946 ) ) ;
#2155 = VERTEX_POINT ( 'NONE', #1204 ) ;
#2156 = CARTESIAN_POINT ( 'NONE',  ( 0.02952755905511829024, -0.06692913385826700090, 0.09251968503937020583 ) ) ;
#2157 = EDGE_CURVE ( 'NONE', #2993, #1667, #1894, .T. ) ;
#2158 = SURFACE_STYLE_FILL_AREA ( #135 ) ;
#2159 = DIRECTION ( 'NONE',  ( -1.000000000000000000, 1.272163194318223936E-48, -1.089726903440029871E-32 ) ) ;
#2160 = UNCERTAINTY_MEASURE_WITH_UNIT (LENGTH_MEASURE( 1.000000000000000082E-05 ), #3491, 'distance_accuracy_value', 'NONE');
#2161 = CARTESIAN_POINT ( 'NONE',  ( 0.04921259842519699890, 0.09842519685039528843, 0.01968503937007870866 ) ) ;
#2162 = ADVANCED_FACE ( 'NONE', ( #274 ), #2566, .F. ) ;
#2163 = DIRECTION ( 'NONE',  ( 1.035198944794589901E-14, -1.000000000000000000, -1.167414689223770104E-16 ) ) ;
#2164 = ORIENTED_EDGE ( 'NONE', *, *, #2985, .F. ) ;
#2165 = CARTESIAN_POINT ( 'NONE',  ( 0.01279526948928919917, 0.05118110236220670128, 0.09251968503937020583 ) ) ;
#2166 = CARTESIAN_POINT ( 'NONE',  ( 0.05118110236220590331, -0.09842519685039038957, 0.2598425196850390195 ) ) ;
#2167 = CARTESIAN_POINT ( 'NONE',  ( 0.01279527559055190084, -0.06692913385826590456, 0.06889763779527580123 ) ) ;
#2168 = DIRECTION ( 'NONE',  ( 1.056882988244299989E-14, -1.000000000000000000, 0.0000000000000000000 ) ) ;
#2169 = CARTESIAN_POINT ( 'NONE',  ( 0.1564960629921260948, -0.04330708661416989708, 0.01968503937007860111 ) ) ;
#2170 = DIMENSIONAL_EXPONENTS ( 1.000000000000000000, 0.0000000000000000000, 0.0000000000000000000, 0.0000000000000000000, 0.0000000000000000000, 0.0000000000000000000, 0.0000000000000000000 ) ;
#2171 = VERTEX_POINT ( 'NONE', #3689 ) ;
#2172 = ORIENTED_EDGE ( 'NONE', *, *, #2470, .T. ) ;
#2173 = LINE ( 'NONE', #2464, #1000 ) ;
#2174 =( NAMED_UNIT ( * ) SI_UNIT ( $, .STERADIAN. ) SOLID_ANGLE_UNIT ( ) );
#2175 =( NAMED_UNIT ( * ) SI_UNIT ( $, .STERADIAN. ) SOLID_ANGLE_UNIT ( ) );
#2176 = ORIENTED_EDGE ( 'NONE', *, *, #3577, .T. ) ;
#2177 = PRESENTATION_STYLE_ASSIGNMENT (( #152 ) ) ;
#2178 = ORIENTED_EDGE ( 'NONE', *, *, #2519, .T. ) ;
#2179 = CARTESIAN_POINT ( 'NONE',  ( -0.02952755905511938658, 0.09842519685039458066, 0.01968503937007845886 ) ) ;
#2180 = LINE ( 'NONE', #1773, #1699 ) ;
#2181 = EDGE_CURVE ( 'NONE', #1310, #1694, #3055, .T. ) ;
#2182 = ORIENTED_EDGE ( 'NONE', *, *, #860, .T. ) ;
#2183 = DIRECTION ( 'NONE',  ( -1.000000000000000000, 3.307023052059776589E-47, -7.811477214174400623E-31 ) ) ;
#2184 = FACE_OUTER_BOUND ( 'NONE', #1730, .T. ) ;
#2185 = EDGE_LOOP ( 'NONE', ( #1234, #2034, #398, #1098, #3353, #2237, #2509, #3704, #1121, #3887, #1286, #2376, #1431, #1789, #3590, #988, #3127, #2086, #3715, #2002, #3813, #2176, #1047, #4007, #3446, #2420, #1567, #2779 ) ) ;
#2186 = EDGE_CURVE ( 'NONE', #2865, #76, #3670, .T. ) ;
#2187 = EDGE_CURVE ( 'NONE', #921, #620, #2068, .T. ) ;
#2188 = LENGTH_MEASURE_WITH_UNIT ( LENGTH_MEASURE( 0.02539999999999999897 ), #2232 );
#2189 = LINE ( 'NONE', #2416, #448 ) ;
#2190 =( CONVERSION_BASED_UNIT ( 'INCH', #4108 ) LENGTH_UNIT ( ) NAMED_UNIT ( #876 ) );
#2191 = DIRECTION ( 'NONE',  ( -1.035198944794590058E-14, 1.000000000000000000, 1.167414689223770104E-16 ) ) ;
#2192 = VERTEX_POINT ( 'NONE', #1052 ) ;
#2193 = VERTEX_POINT ( 'NONE', #665 ) ;
#2194 = FACE_OUTER_BOUND ( 'NONE', #3022, .T. ) ;
#2195 = VECTOR ( 'NONE', #3753, 39.37007874015748143 ) ;
#2196 = DIRECTION ( 'NONE',  ( -1.035198944794589901E-14, 1.000000000000000000, 0.0000000000000000000 ) ) ;
#2197 = VECTOR ( 'NONE', #2782, 39.37007874015748143 ) ;
#2198 = AXIS2_PLACEMENT_3D ( 'NONE', #1414, #1064, #1024 ) ;
#2199 = EDGE_LOOP ( 'NONE', ( #952, #200, #2699, #2341, #128, #1240, #2100, #2581, #1180, #225, #3479, #1928, #1599, #428, #1881, #1910 ) ) ;
#2200 = DIRECTION ( 'NONE',  ( -0.0000000000000000000, 0.0000000000000000000, -1.000000000000000000 ) ) ;
#2201 = VERTEX_POINT ( 'NONE', #685 ) ;
#2202 =( GEOMETRIC_REPRESENTATION_CONTEXT ( 3 ) GLOBAL_UNCERTAINTY_ASSIGNED_CONTEXT ( ( #1934 ) ) GLOBAL_UNIT_ASSIGNED_CONTEXT ( ( #3309, #231, #3609 ) ) REPRESENTATION_CONTEXT ( 'NONE', 'WORKASPACE' ) );
#2203 = PRODUCT_DEFINITION_FORMATION_WITH_SPECIFIED_SOURCE ( 'ANY', '', #2142, .NOT_KNOWN. ) ;
#2204 = CARTESIAN_POINT ( 'NONE',  ( 0.1564960629921250124, -0.001968503937004480002, 0.2598425196850390195 ) ) ;
#2205 = VECTOR ( 'NONE', #323, 39.37007874015748143 ) ;
#2206 = UNCERTAINTY_MEASURE_WITH_UNIT (LENGTH_MEASURE( 1.000000000000000082E-05 ), #3700, 'distance_accuracy_value', 'NONE');
#2207 = AXIS2_PLACEMENT_3D ( 'NONE', #3600, #1222, #1931 ) ;
#2208 = DIRECTION ( 'NONE',  ( 1.000000000000000000, -1.272163194318223936E-48, 1.089726903440029871E-32 ) ) ;
#2209 = VERTEX_POINT ( 'NONE', #377 ) ;
#2210 = COLOUR_RGB ( '',0.9490196078431372140, 0.9490196078431372140, 0.9490196078431372140 ) ;
#2211 = DIRECTION ( 'NONE',  ( -1.000000000000000000, -1.046779716346621452E-14, 2.804837796483572483E-15 ) ) ;
#2212 = LINE ( 'NONE', #3281, #1559 ) ;
#2213 = FACE_OUTER_BOUND ( 'NONE', #1528, .T. ) ;
#2214 = PLANE ( 'NONE',  #1784 ) ;
#2215 = COLOUR_RGB ( '',0.9490196078431372140, 0.9490196078431372140, 0.9490196078431372140 ) ;
#2216 = ORIENTED_EDGE ( 'NONE', *, *, #3086, .T. ) ;
#2217 = EDGE_LOOP ( 'NONE', ( #4078, #1955, #216, #2565, #3812, #763 ) ) ;
#2218 = CARTESIAN_POINT ( 'NONE',  ( 0.02952755905511832493, -0.01377952755905306748, 0.2077478314662649928 ) ) ;
#2219 = STYLED_ITEM ( 'NONE', ( #2642 ), #894 ) ;
#2220 =( NAMED_UNIT ( * ) PLANE_ANGLE_UNIT ( ) SI_UNIT ( $, .RADIAN. ) );
#2221 = VECTOR ( 'NONE', #3696, 39.37007874015748143 ) ;
#2222 = EDGE_CURVE ( 'NONE', #1171, #3546, #2694, .T. ) ;
#2223 = VECTOR ( 'NONE', #3248, 39.37007874015748143 ) ;
#2224 = ORIENTED_EDGE ( 'NONE', *, *, #1124, .T. ) ;
#2225 = FACE_OUTER_BOUND ( 'NONE', #2426, .T. ) ;
#2226 = CARTESIAN_POINT ( 'NONE',  ( 0.04921259842519699890, -0.01771653543306878423, 0.2224409448818899515 ) ) ;
#2227 = LINE ( 'NONE', #853, #4064 ) ;
#2228 = STYLED_ITEM ( 'NONE', ( #616 ), #1530 ) ;
#2229 =( NAMED_UNIT ( * ) SI_UNIT ( $, .STERADIAN. ) SOLID_ANGLE_UNIT ( ) );
#2230 = PRESENTATION_STYLE_ASSIGNMENT (( #2890 ) ) ;
#2231 = ORIENTED_EDGE ( 'NONE', *, *, #1474, .F. ) ;
#2232 =( LENGTH_UNIT ( ) NAMED_UNIT ( * ) SI_UNIT ( $, .METRE. ) );
#2233 = CARTESIAN_POINT ( 'NONE',  ( -0.04921259842519655481, -0.03346456692913272329, 0.09251968503937020583 ) ) ;
#2234 = CARTESIAN_POINT ( 'NONE',  ( -0.1013779527559049987, -0.06692913385826700090, 0.01968503937007879540 ) ) ;
#2235 =( NAMED_UNIT ( * ) PLANE_ANGLE_UNIT ( ) SI_UNIT ( $, .RADIAN. ) );
#2236 = VERTEX_POINT ( 'NONE', #3625 ) ;
#2237 = ORIENTED_EDGE ( 'NONE', *, *, #3165, .F. ) ;
#2238 = FILL_AREA_STYLE ('',( #3613 ) ) ;
#2239 = EDGE_CURVE ( 'NONE', #2821, #1061, #3975, .T. ) ;
#2240 = CARTESIAN_POINT ( 'NONE',  ( -0.09055118110236119733, -0.09842519685039040345, 0.2007874015748039864 ) ) ;
#2241 = VERTEX_POINT ( 'NONE', #1680 ) ;
#2242 = SURFACE_SIDE_STYLE ('',( #3256 ) ) ;
#2243 = EDGE_CURVE ( 'NONE', #31, #1461, #3960, .T. ) ;
#2244 = ADVANCED_FACE ( 'NONE', ( #3329 ), #2025, .T. ) ;
#2245 = CARTESIAN_POINT ( 'NONE',  ( 0.03346456692913409720, -0.02952755905511611836, 0.2224409448818900070 ) ) ;
#2246 =( NAMED_UNIT ( * ) PLANE_ANGLE_UNIT ( ) SI_UNIT ( $, .RADIAN. ) );
#2247 = UNCERTAINTY_MEASURE_WITH_UNIT (LENGTH_MEASURE( 1.000000000000000082E-05 ), #2916, 'distance_accuracy_value', 'NONE');
#2248 = ORIENTED_EDGE ( 'NONE', *, *, #3141, .T. ) ;
#2249 = CARTESIAN_POINT ( 'NONE',  ( -0.09055118110236150264, -0.06692913385826700090, 0.09251968503937020583 ) ) ;
#2250 = ORIENTED_EDGE ( 'NONE', *, *, #3979, .F. ) ;
#2251 =( LENGTH_UNIT ( ) NAMED_UNIT ( * ) SI_UNIT ( $, .METRE. ) );
#2252 =( CONVERSION_BASED_UNIT ( 'INCH', #2873 ) LENGTH_UNIT ( ) NAMED_UNIT ( #3760 ) );
#2253 = LINE ( 'NONE', #626, #603 ) ;
#2254 = LINE ( 'NONE', #3559, #2125 ) ;
#2255 = DIMENSIONAL_EXPONENTS ( 1.000000000000000000, 0.0000000000000000000, 0.0000000000000000000, 0.0000000000000000000, 0.0000000000000000000, 0.0000000000000000000, 0.0000000000000000000 ) ;
#2256 = ORIENTED_EDGE ( 'NONE', *, *, #1026, .T. ) ;
#2257 = VERTEX_POINT ( 'NONE', #3028 ) ;
#2258 = LINE ( 'NONE', #2301, #1759 ) ;
#2259 = CARTESIAN_POINT ( 'NONE',  ( 0.1564960629921250124, 0.09842519685039639865, 0.2598425196850390195 ) ) ;
#2260 = EDGE_CURVE ( 'NONE', #1702, #1171, #991, .T. ) ;
#2261 = ORIENTED_EDGE ( 'NONE', *, *, #550, .T. ) ;
#2262 = DIRECTION ( 'NONE',  ( 1.035198944794589901E-14, -1.000000000000000000, 0.0000000000000000000 ) ) ;
#2263 = AXIS2_PLACEMENT_3D ( 'NONE', #827, #3833, #2815 ) ;
#2264 = EDGE_CURVE ( 'NONE', #2834, #2515, #2329, .T. ) ;
#2265 = VECTOR ( 'NONE', #2615, 39.37007874015748143 ) ;
#2266 = ORIENTED_EDGE ( 'NONE', *, *, #4168, .T. ) ;
#2267 = EDGE_CURVE ( 'NONE', #3816, #2460, #3, .T. ) ;
#2268 = AXIS2_PLACEMENT_3D ( 'NONE', #146, #2508, #1188 ) ;
#2269 = FILL_AREA_STYLE ('',( #1915 ) ) ;
#2270 = LINE ( 'NONE', #2312, #1497 ) ;
#2271 = SURFACE_SIDE_STYLE ('',( #902 ) ) ;
#2272 = VECTOR ( 'NONE', #2854, 39.37007874015748143 ) ;
#2273 = SURFACE_STYLE_USAGE ( .BOTH. , #2506 ) ;
#2274 = CARTESIAN_POINT ( 'NONE',  ( 0.004921259842519007562, 0.07086614173228421298, 0.06889763779527580123 ) ) ;
#2275 = STYLED_ITEM ( 'NONE', ( #1796 ), #4110 ) ;
#2276 = ORIENTED_EDGE ( 'NONE', *, *, #1225, .T. ) ;
#2277 = ORIENTED_EDGE ( 'NONE', *, *, #3193, .F. ) ;
#2278 = LINE ( 'NONE', #4288, #4282 ) ;
#2279 = VECTOR ( 'NONE', #683, 39.37007874015748143 ) ;
#2280 = DIRECTION ( 'NONE',  ( 0.0000000000000000000, -1.000000000000000000, 2.723258531077630015E-15 ) ) ;
#2282 = ORIENTED_EDGE ( 'NONE', *, *, #2414, .F. ) ;
#2281 =( GEOMETRIC_REPRESENTATION_CONTEXT ( 3 ) GLOBAL_UNCERTAINTY_ASSIGNED_CONTEXT ( ( #2206 ) ) GLOBAL_UNIT_ASSIGNED_CONTEXT ( ( #3700, #3403, #78 ) ) REPRESENTATION_CONTEXT ( 'NONE', 'WORKASPACE' ) );
#2283 = DIRECTION ( 'NONE',  ( 1.035198944794589901E-14, -1.000000000000000000, -1.167414689223770104E-16 ) ) ;
#2284 = LINE ( 'NONE', #696, #387 ) ;
#2285 = VECTOR ( 'NONE', #3712, 39.37007874015748143 ) ;
#2286 = CARTESIAN_POINT ( 'NONE',  ( 0.1564960629921260116, -0.001968503937007341428, 0.1850393700787399953 ) ) ;
#2287 = CARTESIAN_POINT ( 'NONE',  ( -0.02952755905511790166, -0.01574803149606160066, 0.2150943881740769725 ) ) ;
#2288 = EDGE_CURVE ( 'NONE', #556, #3540, #26, .T. ) ;
#2289 = VERTEX_POINT ( 'NONE', #4017 ) ;
#2290 = CARTESIAN_POINT ( 'NONE',  ( -0.1564960629921250124, -0.09842519685039370636, 1.365923996832131609E-16 ) ) ;
#2291 = VECTOR ( 'NONE', #3817, 39.37007874015748143 ) ;
#2292 =( NAMED_UNIT ( * ) PLANE_ANGLE_UNIT ( ) SI_UNIT ( $, .RADIAN. ) );
#2293 = ORIENTED_EDGE ( 'NONE', *, *, #197, .F. ) ;
#2294 =( NAMED_UNIT ( * ) SI_UNIT ( $, .STERADIAN. ) SOLID_ANGLE_UNIT ( ) );
#2295 = DIRECTION ( 'NONE',  ( -1.000000000000000000, 1.224606353822360002E-16, 3.072164727521360229E-32 ) ) ;
#2296 = EDGE_CURVE ( 'NONE', #3463, #3279, #2801, .T. ) ;
#2297 = DIRECTION ( 'NONE',  ( 1.000000000000000000, -9.174411140098523755E-46, -3.368909354510710099E-31 ) ) ;
#2298 = CARTESIAN_POINT ( 'NONE',  ( -0.01279527559055040030, -0.06692913385826619599, 0.2598425196850390195 ) ) ;
#2299 = ORIENTED_EDGE ( 'NONE', *, *, #1161, .F. ) ;
#2300 = DIRECTION ( 'NONE',  ( 3.169514471227811007E-17, 0.2588190451025201844, 0.9659258262890684232 ) ) ;
#2301 = CARTESIAN_POINT ( 'NONE',  ( -6.938893903907230350E-16, 0.06496062992126050428, 0.1870078740157480046 ) ) ;
#2302 = SURFACE_STYLE_USAGE ( .BOTH. , #3948 ) ;
#2303 = CARTESIAN_POINT ( 'NONE',  ( -0.1309055118110230009, -0.04330708661417287386, 0.01968503937007871907 ) ) ;
#2304 = ORIENTED_EDGE ( 'NONE', *, *, #2127, .F. ) ;
#2305 = CARTESIAN_POINT ( 'NONE',  ( -0.1309055118110239169, 0.04330708661417331101, 0.1574803149606300023 ) ) ;
#2306 = LINE ( 'NONE', #2949, #4148 ) ;
#2307 = LINE ( 'NONE', #1315, #608 ) ;
#2308 = VERTEX_POINT ( 'NONE', #1162 ) ;
#2309 = CARTESIAN_POINT ( 'NONE',  ( -0.09055118110236150264, -0.06692913385826694539, 0.09251968503937020583 ) ) ;
#2310 =( NAMED_UNIT ( * ) PLANE_ANGLE_UNIT ( ) SI_UNIT ( $, .RADIAN. ) );
#2311 = EDGE_CURVE ( 'NONE', #3987, #900, #897, .T. ) ;
#2312 = CARTESIAN_POINT ( 'NONE',  ( 0.02952755905511632653, 0.1624722409150850255, 0.01968503937007880580 ) ) ;
#2313 = CARTESIAN_POINT ( 'NONE',  ( 0.04921259842519699890, -0.01377952755905289921, -0.01799632996797429982 ) ) ;
#2314 = CARTESIAN_POINT ( 'NONE',  ( -0.02952755905511790166, -0.01377952755905370065, 0.2224409448818900070 ) ) ;
#2315 = EDGE_CURVE ( 'NONE', #534, #475, #2410, .T. ) ;
#2316 = ORIENTED_EDGE ( 'NONE', *, *, #4264, .T. ) ;
#2317 = FACE_OUTER_BOUND ( 'NONE', #3944, .T. ) ;
#2318 = FACE_OUTER_BOUND ( 'NONE', #2776, .T. ) ;
#2319 = DIRECTION ( 'NONE',  ( 1.219403723456549750E-30, 1.262325447800814145E-44, -1.000000000000000000 ) ) ;
#2320 = ORIENTED_EDGE ( 'NONE', *, *, #1001, .T. ) ;
#2321 =( LENGTH_UNIT ( ) NAMED_UNIT ( * ) SI_UNIT ( $, .METRE. ) );
#2322 = FACE_OUTER_BOUND ( 'NONE', #3903, .T. ) ;
#2323 = VERTEX_POINT ( 'NONE', #3751 ) ;
#2324 = LINE ( 'NONE', #3073, #1565 ) ;
#2325 = LENGTH_MEASURE_WITH_UNIT ( LENGTH_MEASURE( 0.02539999999999999897 ), #25 );
#2326 = VECTOR ( 'NONE', #1514, 39.37007874015748143 ) ;
#2327 = MECHANICAL_DESIGN_GEOMETRIC_PRESENTATION_REPRESENTATION (  '', ( #1835 ), #3563 ) ;
#2328 = CARTESIAN_POINT ( 'NONE',  ( -0.02952755905511909515, 0.09842519685039639865, -3.841862661523498852E-16 ) ) ;
#2329 = LINE ( 'NONE', #1665, #247 ) ;
#2330 = DIRECTION ( 'NONE',  ( -0.0000000000000000000, 1.000000000000000000, 1.167414689223770104E-16 ) ) ;
#2331 = VECTOR ( 'NONE', #2391, 39.37007874015747433 ) ;
#2332 = SURFACE_SIDE_STYLE ('',( #994 ) ) ;
#2333 = ORIENTED_EDGE ( 'NONE', *, *, #2809, .F. ) ;
#2334 = CARTESIAN_POINT ( 'NONE',  ( -0.1309055118110230009, -0.04330708661417291550, 0.1574803149606300023 ) ) ;
#2335 = FILL_AREA_STYLE_COLOUR ( '', #588 ) ;
#2336 =( NAMED_UNIT ( * ) SI_UNIT ( $, .STERADIAN. ) SOLID_ANGLE_UNIT ( ) );
#2337 = EDGE_CURVE ( 'NONE', #3832, #3893, #3154, .T. ) ;
#2338 =( GEOMETRIC_REPRESENTATION_CONTEXT ( 3 ) GLOBAL_UNCERTAINTY_ASSIGNED_CONTEXT ( ( #4059 ) ) GLOBAL_UNIT_ASSIGNED_CONTEXT ( ( #3339, #3619, #3020 ) ) REPRESENTATION_CONTEXT ( 'NONE', 'WORKASPACE' ) );
#2339 = VECTOR ( 'NONE', #2648, 39.37007874015748143 ) ;
#2340 = LINE ( 'NONE', #1564, #998 ) ;
#2341 = ORIENTED_EDGE ( 'NONE', *, *, #37, .F. ) ;
#2342 = PLANE ( 'NONE',  #4261 ) ;
#2343 = CLOSED_SHELL ( 'NONE', ( #3580, #1853, #2346, #894, #3042, #1607, #4293, #1714, #1913, #3820, #171, #1530, #973, #704, #2378, #3469, #65, #218, #4110, #4003, #3980, #1201, #1390, #4010, #3442, #432, #433, #2544, #2852, #140, #3338, #4031, #2514, #1578, #1422, #4270, #969, #4030, #2713, #3687, #4088, #3571, #1429, #3083, #2628, #222, #4241, #2465, #2162, #1202, #3087, #2647, #4216, #1376, #4026, #1769, #697, #2948, #164, #3392, #8, #2869, #681, #1069, #2498, #4103, #2023, #1554, #330, #3956, #606, #2940, #2784, #3792, #1478, #1502, #1630, #2893, #1661, #2552, #3924, #2361, #1525, #3790, #116, #3682, #940, #2046, #949, #1195, #1154, #2918, #530, #2431, #3961, #2244, #1608, #1076, #2389, #3064, #2524, #1806, #487, #3709, #1763, #780, #4210, #1232, #1094, #1, #3505 ) ) ;
#2344 = SURFACE_SIDE_STYLE ('',( #1005 ) ) ;
#2345 = VECTOR ( 'NONE', #4121, 39.37007874015748143 ) ;
#2346 = ADVANCED_FACE ( 'NONE', ( #1132 ), #440, .F. ) ;
#2347 = VECTOR ( 'NONE', #505, 39.37007874015748143 ) ;
#2348 = DIRECTION ( 'NONE',  ( -1.224606353822379970E-16, -1.000000000000000000, 0.0000000000000000000 ) ) ;
#2349 = ORIENTED_EDGE ( 'NONE', *, *, #2260, .T. ) ;
#2350 = PLANE ( 'NONE',  #1013 ) ;
#2351 = COLOUR_RGB ( '',0.9490196078431372140, 0.9490196078431372140, 0.9490196078431372140 ) ;
#2352 = DIRECTION ( 'NONE',  ( -1.219403723456549750E-30, -1.262325447800814145E-44, 1.000000000000000000 ) ) ;
#2353 =( CONVERSION_BASED_UNIT ( 'INCH', #3010 ) LENGTH_UNIT ( ) NAMED_UNIT ( #1175 ) );
#2354 = ORIENTED_EDGE ( 'NONE', *, *, #1637, .F. ) ;
#2355 = SURFACE_STYLE_FILL_AREA ( #1732 ) ;
#2356 = DIRECTION ( 'NONE',  ( 3.169514471228090806E-17, 0.2588190451025370042, -0.9659258262890639823 ) ) ;
#2357 = EDGE_CURVE ( 'NONE', #2515, #3385, #3473, .T. ) ;
#2358 = ORIENTED_EDGE ( 'NONE', *, *, #3068, .T. ) ;
#2359 = PLANE ( 'NONE',  #1354 ) ;
#2360 = EDGE_CURVE ( 'NONE', #1200, #1122, #789, .T. ) ;
#2361 = ADVANCED_FACE ( 'NONE', ( #488 ), #752, .T. ) ;
#2362 = ORIENTED_EDGE ( 'NONE', *, *, #3164, .T. ) ;
#2363 = VERTEX_POINT ( 'NONE', #1075 ) ;
#2364 = DIRECTION ( 'NONE',  ( 1.000000000000000000, -9.174411140098523755E-46, -3.368909354510710099E-31 ) ) ;
#2365 = SURFACE_STYLE_FILL_AREA ( #2646 ) ;
#2366 = DIRECTION ( 'NONE',  ( 0.0000000000000000000, 1.000000000000000000, 1.167414689223770104E-16 ) ) ;
#2367 = CARTESIAN_POINT ( 'NONE',  ( -0.1210629921259849945, 0.04330708661417269345, -3.906208353055519818E-16 ) ) ;
#2368 = DIRECTION ( 'NONE',  ( -1.000000000000000000, -0.0000000000000000000, -1.409983241273949911E-15 ) ) ;
#2369 = CYLINDRICAL_SURFACE ( 'NONE', #3713, 0.007874015748031499423 ) ;
#2370 = ORIENTED_EDGE ( 'NONE', *, *, #3482, .T. ) ;
#2371 = FACE_OUTER_BOUND ( 'NONE', #2618, .T. ) ;
#2372 = DIRECTION ( 'NONE',  ( -0.0000000000000000000, -1.000000000000000000, 2.723258531077630015E-15 ) ) ;
#2373 = DIRECTION ( 'NONE',  ( -0.2505628070857364165, 0.2505628070857279788, 0.9351131265310289598 ) ) ;
#2374 = SURFACE_STYLE_FILL_AREA ( #1041 ) ;
#2375 = ORIENTED_EDGE ( 'NONE', *, *, #3824, .T. ) ;
#2376 = ORIENTED_EDGE ( 'NONE', *, *, #3611, .F. ) ;
#2377 =( NAMED_UNIT ( * ) SI_UNIT ( $, .STERADIAN. ) SOLID_ANGLE_UNIT ( ) );
#2378 = ADVANCED_FACE ( 'NONE', ( #2826 ), #157, .T. ) ;
#2379 =( LENGTH_UNIT ( ) NAMED_UNIT ( * ) SI_UNIT ( $, .METRE. ) );
#2380 = ORIENTED_EDGE ( 'NONE', *, *, #1470, .F. ) ;
#2381 = DIRECTION ( 'NONE',  ( -0.0000000000000000000, -1.000000000000000000, -1.167414689223770104E-16 ) ) ;
#2382 = VERTEX_POINT ( 'NONE', #3093 ) ;
#2383 = CARTESIAN_POINT ( 'NONE',  ( 0.1309055118110240001, -0.04330708661417020239, 0.1574803149606300023 ) ) ;
#2384 = EDGE_CURVE ( 'NONE', #735, #2021, #115, .T. ) ;
#2385 = EDGE_CURVE ( 'NONE', #2569, #3160, #1449, .T. ) ;
#2386 = CARTESIAN_POINT ( 'NONE',  ( 0.1564960629921270108, -0.09842519685039040345, 0.2598425196850390195 ) ) ;
#2387 = DIRECTION ( 'NONE',  ( -0.2505628070857353062, 0.2505628070857206513, -0.9351131265310311802 ) ) ;
#2388 = PLANE ( 'NONE',  #2072 ) ;
#2389 = ADVANCED_FACE ( 'NONE', ( #1241 ), #3636, .T. ) ;
#2390 = AXIS2_PLACEMENT_3D ( 'NONE', #2923, #2638, #934 ) ;
#2391 = DIRECTION ( 'NONE',  ( 0.2505628070857144341, 0.2505628070857387479, -0.9351131265310320684 ) ) ;
#2392 = ORIENTED_EDGE ( 'NONE', *, *, #2437, .F. ) ;
#2393 = LENGTH_MEASURE_WITH_UNIT ( LENGTH_MEASURE( 0.02539999999999999897 ), #2786 );
#2394 = CARTESIAN_POINT ( 'NONE',  ( 0.09055118110236227980, -0.001968503937004739777, 0.2598425196850390195 ) ) ;
#2395 = MECHANICAL_DESIGN_GEOMETRIC_PRESENTATION_REPRESENTATION (  '', ( #3568 ), #582 ) ;
#2396 = CARTESIAN_POINT ( 'NONE',  ( -0.004921259842520381463, 0.06102362204724477712, 0.1723147606001229903 ) ) ;
#2397 = VECTOR ( 'NONE', #546, 39.37007874015748143 ) ;
#2398 = ORIENTED_EDGE ( 'NONE', *, *, #3632, .F. ) ;
#2399 = VERTEX_POINT ( 'NONE', #2641 ) ;
#2400 = PLANE ( 'NONE',  #1635 ) ;
#2401 =( GEOMETRIC_REPRESENTATION_CONTEXT ( 3 ) GLOBAL_UNCERTAINTY_ASSIGNED_CONTEXT ( ( #4185 ) ) GLOBAL_UNIT_ASSIGNED_CONTEXT ( ( #972, #2310, #4209 ) ) REPRESENTATION_CONTEXT ( 'NONE', 'WORKASPACE' ) );
#2402 = ORIENTED_EDGE ( 'NONE', *, *, #1741, .T. ) ;
#2403 = ORIENTED_EDGE ( 'NONE', *, *, #813, .F. ) ;
#2404 = PLANE ( 'NONE',  #2832 ) ;
#2405 = STYLED_ITEM ( 'NONE', ( #1834 ), #2544 ) ;
#2406 = FILL_AREA_STYLE ('',( #1663 ) ) ;
#2407 = EDGE_CURVE ( 'NONE', #481, #3853, #2576, .T. ) ;
#2408 = VECTOR ( 'NONE', #1219, 39.37007874015748143 ) ;
#2409 = VECTOR ( 'NONE', #2373, 39.37007874015748854 ) ;
#2410 = LINE ( 'NONE', #2781, #2894 ) ;
#2411 = UNCERTAINTY_MEASURE_WITH_UNIT (LENGTH_MEASURE( 1.000000000000000082E-05 ), #3262, 'distance_accuracy_value', 'NONE');
#2412 = FILL_AREA_STYLE_COLOUR ( '', #1843 ) ;
#2413 = ORIENTED_EDGE ( 'NONE', *, *, #2044, .T. ) ;
#2414 = EDGE_CURVE ( 'NONE', #3549, #590, #2140, .T. ) ;
#2415 = DIRECTION ( 'NONE',  ( -1.035198944794589901E-14, 1.000000000000000000, 0.0000000000000000000 ) ) ;
#2416 = CARTESIAN_POINT ( 'NONE',  ( 0.04527559055117951620, 0.1771653543307100953, 0.01574803149606309946 ) ) ;
#2417 = LINE ( 'NONE', #73, #3942 ) ;
#2418 = DIRECTION ( 'NONE',  ( 0.0000000000000000000, 0.9659258262890638713, 0.2588190451025369487 ) ) ;
#2419 = COLOUR_RGB ( '',0.9490196078431372140, 0.9490196078431372140, 0.9490196078431372140 ) ;
#2420 = ORIENTED_EDGE ( 'NONE', *, *, #1585, .T. ) ;
#2421 = ORIENTED_EDGE ( 'NONE', *, *, #2414, .T. ) ;
#2422 = PLANE ( 'NONE',  #18 ) ;
#2423 = LINE ( 'NONE', #395, #2066 ) ;
#2424 = EDGE_LOOP ( 'NONE', ( #3060, #2276, #2721, #1163, #2164, #480, #1413, #3761 ) ) ;
#2425 = CARTESIAN_POINT ( 'NONE',  ( -0.09055118110236216877, 0.07086614173228421298, 0.06889763688595297586 ) ) ;
#2426 = EDGE_LOOP ( 'NONE', ( #3411, #1544, #3170, #75 ) ) ;
#2427 = CARTESIAN_POINT ( 'NONE',  ( 0.1564960629921250124, 0.09842519685039642641, -2.689263578979823764E-16 ) ) ;
#2428 = FACE_OUTER_BOUND ( 'NONE', #1193, .T. ) ;
#2429 =( NAMED_UNIT ( * ) PLANE_ANGLE_UNIT ( ) SI_UNIT ( $, .RADIAN. ) );
#2430 = LINE ( 'NONE', #770, #2197 ) ;
#2431 = ADVANCED_FACE ( 'NONE', ( #652 ), #966, .F. ) ;
#2432 = DIRECTION ( 'NONE',  ( -0.0000000000000000000, 1.000000000000000000, 0.0000000000000000000 ) ) ;
#2433 = VERTEX_POINT ( 'NONE', #328 ) ;
#2434 = LINE ( 'NONE', #2166, #1697 ) ;
#2435 = DIRECTION ( 'NONE',  ( -0.0000000000000000000, 1.000000000000000000, -2.723258531077630015E-15 ) ) ;
#2436 = EDGE_CURVE ( 'NONE', #3906, #1614, #1930, .T. ) ;
#2437 = EDGE_CURVE ( 'NONE', #3540, #1526, #4267, .T. ) ;
#2438 = CARTESIAN_POINT ( 'NONE',  ( 0.09055118110236332063, -0.06692913385826511352, 0.2598425196850390195 ) ) ;
#2439 = ORIENTED_EDGE ( 'NONE', *, *, #653, .T. ) ;
#2440 = ORIENTED_EDGE ( 'NONE', *, *, #3269, .T. ) ;
#2441 = CARTESIAN_POINT ( 'NONE',  ( 0.02952755905511695450, 0.09842519685039509414, -2.070278912806972586E-16 ) ) ;
#2442 =( CONVERSION_BASED_UNIT ( 'INCH', #4115 ) LENGTH_UNIT ( ) NAMED_UNIT ( #3426 ) );
#2443 = ORIENTED_EDGE ( 'NONE', *, *, #1395, .T. ) ;
#2444 = DIRECTION ( 'NONE',  ( 1.000000000000000000, -1.224606353822379970E-16, -0.0000000000000000000 ) ) ;
#2445 = VERTEX_POINT ( 'NONE', #1569 ) ;
#2446 = DIRECTION ( 'NONE',  ( 0.0000000000000000000, 1.000000000000000000, 1.167414689223770104E-16 ) ) ;
#2447 = SURFACE_STYLE_USAGE ( .BOTH. , #507 ) ;
#2448 = LENGTH_MEASURE_WITH_UNIT ( LENGTH_MEASURE( 0.02539999999999999897 ), #419 );
#2449 = UNCERTAINTY_MEASURE_WITH_UNIT (LENGTH_MEASURE( 1.000000000000000082E-05 ), #2589, 'distance_accuracy_value', 'NONE');
#2450 = DIRECTION ( 'NONE',  ( -0.0000000000000000000, 1.000000000000000000, -2.723258531077630015E-15 ) ) ;
#2451 = CARTESIAN_POINT ( 'NONE',  ( 0.1309055118110240001, -0.04330708661417021627, 0.01968503937007863580 ) ) ;
#2452 = ORIENTED_EDGE ( 'NONE', *, *, #2846, .T. ) ;
#2453 = DIRECTION ( 'NONE',  ( 0.0000000000000000000, 1.000000000000000000, 1.167414689223770104E-16 ) ) ;
#2454 = DIRECTION ( 'NONE',  ( 1.035198944794589901E-14, -1.000000000000000000, -0.0000000000000000000 ) ) ;
#2455 = PLANE ( 'NONE',  #1908 ) ;
#2456 = AXIS2_PLACEMENT_3D ( 'NONE', #924, #976, #209 ) ;
#2457 = COLOUR_RGB ( '',0.9490196078431372140, 0.9490196078431372140, 0.9490196078431372140 ) ;
#2458 = DIRECTION ( 'NONE',  ( 1.000000000000000000, -9.174411140098523755E-46, -3.368909354510710099E-31 ) ) ;
#2459 = DIMENSIONAL_EXPONENTS ( 1.000000000000000000, 0.0000000000000000000, 0.0000000000000000000, 0.0000000000000000000, 0.0000000000000000000, 0.0000000000000000000, 0.0000000000000000000 ) ;
#2460 = VERTEX_POINT ( 'NONE', #4245 ) ;
#2461 = VECTOR ( 'NONE', #4170, 39.37007874015748143 ) ;
#2462 = VECTOR ( 'NONE', #1698, 39.37007874015748143 ) ;
#2463 = ORIENTED_EDGE ( 'NONE', *, *, #3142, .F. ) ;
#2464 = CARTESIAN_POINT ( 'NONE',  ( 0.06496064212378628577, 0.02165354330708840411, 0.06889763779527660614 ) ) ;
#2465 = ADVANCED_FACE ( 'NONE', ( #264 ), #985, .F. ) ;
#2466 = COLOUR_RGB ( '',0.9490196078431372140, 0.9490196078431372140, 0.9490196078431372140 ) ;
#2467 =( NAMED_UNIT ( * ) PLANE_ANGLE_UNIT ( ) SI_UNIT ( $, .RADIAN. ) );
#2468 = ORIENTED_EDGE ( 'NONE', *, *, #2590, .T. ) ;
#2469 = DIRECTION ( 'NONE',  ( 0.9659258262890645375, 0.2588190451025348948, 1.095721750190019689E-17 ) ) ;
#2470 = EDGE_CURVE ( 'NONE', #3113, #3241, #3952, .T. ) ;
#2471 = VECTOR ( 'NONE', #1452, 39.37007874015748143 ) ;
#2472 = VECTOR ( 'NONE', #2372, 39.37007874015748143 ) ;
#2473 = ORIENTED_EDGE ( 'NONE', *, *, #3263, .F. ) ;
#2474 = LINE ( 'NONE', #1130, #2550 ) ;
#2475 = AXIS2_PLACEMENT_3D ( 'NONE', #4081, #155, #418 ) ;
#2476 = VECTOR ( 'NONE', #256, 39.37007874015748143 ) ;
#2477 = LENGTH_MEASURE_WITH_UNIT ( LENGTH_MEASURE( 0.02539999999999999897 ), #769 );
#2478 = SURFACE_STYLE_FILL_AREA ( #1819 ) ;
#2479 = ORIENTED_EDGE ( 'NONE', *, *, #3317, .F. ) ;
#2480 = LINE ( 'NONE', #2766, #4050 ) ;
#2481 = PRESENTATION_LAYER_ASSIGNMENT (  '', '', ( #3793 ) ) ;
#2482 = DIRECTION ( 'NONE',  ( 1.000000000000000000, -9.174411140098523755E-46, -3.368909354510710099E-31 ) ) ;
#2483 = VECTOR ( 'NONE', #308, 39.37007874015748143 ) ;
#2484 = DIRECTION ( 'NONE',  ( -1.000000000000000000, -5.175994723972902172E-15, -5.175994723972953448E-15 ) ) ;
#2485 = FILL_AREA_STYLE_COLOUR ( '', #3515 ) ;
#2486 = PLANE ( 'NONE',  #2487 ) ;
#2487 = AXIS2_PLACEMENT_3D ( 'NONE', #2234, #3909, #3543 ) ;
#2488 = ORIENTED_EDGE ( 'NONE', *, *, #520, .T. ) ;
#2489 = ORIENTED_EDGE ( 'NONE', *, *, #2384, .F. ) ;
#2490 = VECTOR ( 'NONE', #1790, 39.37007874015748143 ) ;
#2491 = EDGE_CURVE ( 'NONE', #688, #4304, #245, .T. ) ;
#2492 = CARTESIAN_POINT ( 'NONE',  ( 0.0000000000000000000, 0.0000000000000000000, 0.0000000000000000000 ) ) ;
#2493 = ORIENTED_EDGE ( 'NONE', *, *, #382, .F. ) ;
#2494 = SURFACE_SIDE_STYLE ('',( #1127 ) ) ;
#2495 = DIMENSIONAL_EXPONENTS ( 1.000000000000000000, 0.0000000000000000000, 0.0000000000000000000, 0.0000000000000000000, 0.0000000000000000000, 0.0000000000000000000, 0.0000000000000000000 ) ;
#2496 = ORIENTED_EDGE ( 'NONE', *, *, #4053, .T. ) ;
#2497 = LINE ( 'NONE', #134, #3941 ) ;
#2498 = ADVANCED_FACE ( 'NONE', ( #4223 ), #3617, .F. ) ;
#2499 = EDGE_CURVE ( 'NONE', #604, #1739, #2423, .T. ) ;
#2500 = DIRECTION ( 'NONE',  ( 0.0000000000000000000, 1.000000000000000000, 1.167414689223770104E-16 ) ) ;
#2501 = FILL_AREA_STYLE_COLOUR ( '', #4068 ) ;
#2502 = UNCERTAINTY_MEASURE_WITH_UNIT (LENGTH_MEASURE( 1.000000000000000082E-05 ), #3662, 'distance_accuracy_value', 'NONE');
#2503 = CARTESIAN_POINT ( 'NONE',  ( 0.1013779527559059979, -0.06692913385826500250, 0.01968503937007879540 ) ) ;
#2504 = CARTESIAN_POINT ( 'NONE',  ( -0.04921259842519788708, 0.09842519685039430311, -0.01799632996797460166 ) ) ;
#2505 = ORIENTED_EDGE ( 'NONE', *, *, #948, .F. ) ;
#2506 = SURFACE_SIDE_STYLE ('',( #1168 ) ) ;
#2507 = SURFACE_STYLE_USAGE ( .BOTH. , #2838 ) ;
#2508 = DIRECTION ( 'NONE',  ( 1.035198944794589901E-14, -1.000000000000000000, -1.167414689223770104E-16 ) ) ;
#2509 = ORIENTED_EDGE ( 'NONE', *, *, #1657, .F. ) ;
#2510 = VERTEX_POINT ( 'NONE', #1025 ) ;
#2511 = DIRECTION ( 'NONE',  ( 7.319961937414099333E-15, -0.7071067811865440200, -0.7071067811865510144 ) ) ;
#2512 = EDGE_LOOP ( 'NONE', ( #3945, #1737, #2870, #2644, #1610, #2496, #2375, #3516, #2488, #3049, #3844, #1190 ) ) ;
#2513 = CARTESIAN_POINT ( 'NONE',  ( 0.1545275590551183353, -0.04330708661416994565, 0.009842519685039309227 ) ) ;
#2514 = ADVANCED_FACE ( 'NONE', ( #1106 ), #2400, .F. ) ;
#2515 = VERTEX_POINT ( 'NONE', #3018 ) ;
#2516 = LENGTH_MEASURE_WITH_UNIT ( LENGTH_MEASURE( 0.02539999999999999897 ), #535 );
#2517 = EDGE_CURVE ( 'NONE', #542, #735, #719, .T. ) ;
#2518 = LENGTH_MEASURE_WITH_UNIT ( LENGTH_MEASURE( 0.02539999999999999897 ), #2563 );
#2519 = EDGE_CURVE ( 'NONE', #3678, #2236, #744, .T. ) ;
#2520 = DIMENSIONAL_EXPONENTS ( 1.000000000000000000, 0.0000000000000000000, 0.0000000000000000000, 0.0000000000000000000, 0.0000000000000000000, 0.0000000000000000000, 0.0000000000000000000 ) ;
#2521 = LINE ( 'NONE', #1848, #1696 ) ;
#2522 = ORIENTED_EDGE ( 'NONE', *, *, #2126, .T. ) ;
#2523 = CARTESIAN_POINT ( 'NONE',  ( 0.1013779527559059979, 0.04330708661417609351, 0.01968503937007849702 ) ) ;
#2524 = ADVANCED_FACE ( 'NONE', ( #1504 ), #1883, .F. ) ;
#2525 = FACE_OUTER_BOUND ( 'NONE', #2770, .T. ) ;
#2526 =( LENGTH_UNIT ( ) NAMED_UNIT ( * ) SI_UNIT ( $, .METRE. ) );
#2527 = PRESENTATION_STYLE_ASSIGNMENT (( #3166 ) ) ;
#2528 = VERTEX_POINT ( 'NONE', #2151 ) ;
#2529 = EDGE_LOOP ( 'NONE', ( #1272, #2899, #615, #1442 ) ) ;
#2530 = LINE ( 'NONE', #526, #2951 ) ;
#2531 =( GEOMETRIC_REPRESENTATION_CONTEXT ( 3 ) GLOBAL_UNCERTAINTY_ASSIGNED_CONTEXT ( ( #3199 ) ) GLOBAL_UNIT_ASSIGNED_CONTEXT ( ( #2252, #3962, #3205 ) ) REPRESENTATION_CONTEXT ( 'NONE', 'WORKASPACE' ) );
#2532 = DIRECTION ( 'NONE',  ( 2.941054730120090012E-29, -2.723258531077630015E-15, -1.000000000000000000 ) ) ;
#2533 = MECHANICAL_DESIGN_GEOMETRIC_PRESENTATION_REPRESENTATION (  '', ( #300 ), #4259 ) ;
#2534 = MECHANICAL_DESIGN_GEOMETRIC_PRESENTATION_REPRESENTATION (  '', ( #1840 ), #4125 ) ;
#2535 = ORIENTED_EDGE ( 'NONE', *, *, #3032, .T. ) ;
#2536 = FACE_OUTER_BOUND ( 'NONE', #3011, .T. ) ;
#2537 = VECTOR ( 'NONE', #4193, 39.37007874015748143 ) ;
#2538 = LENGTH_MEASURE_WITH_UNIT ( LENGTH_MEASURE( 0.02539999999999999897 ), #4203 );
#2539 = CARTESIAN_POINT ( 'NONE',  ( -0.1564960629921270663, 0.09842519685039348432, -3.436202909639098772E-16 ) ) ;
#2540 =( GEOMETRIC_REPRESENTATION_CONTEXT ( 3 ) GLOBAL_UNCERTAINTY_ASSIGNED_CONTEXT ( ( #3804 ) ) GLOBAL_UNIT_ASSIGNED_CONTEXT ( ( #931, #1542, #2901 ) ) REPRESENTATION_CONTEXT ( 'NONE', 'WORKASPACE' ) );
#2541 = UNCERTAINTY_MEASURE_WITH_UNIT (LENGTH_MEASURE( 1.000000000000000082E-05 ), #1152, 'distance_accuracy_value', 'NONE');
#2542 = VECTOR ( 'NONE', #1901, 39.37007874015748143 ) ;
#2543 = PRESENTATION_STYLE_ASSIGNMENT (( #3605 ) ) ;
#2544 = ADVANCED_FACE ( 'NONE', ( #2794 ), #3130, .T. ) ;
#2545 = ORIENTED_EDGE ( 'NONE', *, *, #1733, .T. ) ;
#2546 = SURFACE_STYLE_USAGE ( .BOTH. , #142 ) ;
#2547 =( NAMED_UNIT ( * ) PLANE_ANGLE_UNIT ( ) SI_UNIT ( $, .RADIAN. ) );
#2548 = LINE ( 'NONE', #2583, #1754 ) ;
#2549 = FILL_AREA_STYLE_COLOUR ( '', #1366 ) ;
#2550 = VECTOR ( 'NONE', #1421, 39.37007874015748143 ) ;
#2551 = DIMENSIONAL_EXPONENTS ( 1.000000000000000000, 0.0000000000000000000, 0.0000000000000000000, 0.0000000000000000000, 0.0000000000000000000, 0.0000000000000000000, 0.0000000000000000000 ) ;
#2552 = ADVANCED_FACE ( 'NONE', ( #551 ), #4161, .F. ) ;
#2553 = EDGE_LOOP ( 'NONE', ( #3498, #3581, #3727, #609, #1811, #2798, #1211, #2440, #563, #1085, #2250, #892 ) ) ;
#2554 = ORIENTED_EDGE ( 'NONE', *, *, #1987, .T. ) ;
#2555 = FACE_OUTER_BOUND ( 'NONE', #4265, .T. ) ;
#2556 =( GEOMETRIC_REPRESENTATION_CONTEXT ( 3 ) GLOBAL_UNCERTAINTY_ASSIGNED_CONTEXT ( ( #3710 ) ) GLOBAL_UNIT_ASSIGNED_CONTEXT ( ( #1529, #3235, #1870 ) ) REPRESENTATION_CONTEXT ( 'NONE', 'WORKASPACE' ) );
#2557 = CARTESIAN_POINT ( 'NONE',  ( 0.1309055118110240001, 0.04330708661417629474, 1.190103851005907255E-17 ) ) ;
#2558 = VECTOR ( 'NONE', #1712, 39.37007874015748143 ) ;
#2559 = EDGE_LOOP ( 'NONE', ( #1499, #1217, #4312, #4172, #1984, #905, #1898, #1916, #2380, #422, #2088, #1103 ) ) ;
#2560 = FACE_OUTER_BOUND ( 'NONE', #39, .T. ) ;
#2561 = DIRECTION ( 'NONE',  ( 1.224606353822670123E-16, 1.000000000000000000, -2.723258531077519969E-15 ) ) ;
#2562 = CARTESIAN_POINT ( 'NONE',  ( 0.1309055118110240001, -0.04330708661417009830, 1.789572697884691915E-18 ) ) ;
#2563 =( LENGTH_UNIT ( ) NAMED_UNIT ( * ) SI_UNIT ( $, .METRE. ) );
#2564 = PLANE ( 'NONE',  #2820 ) ;
#2565 = ORIENTED_EDGE ( 'NONE', *, *, #3663, .F. ) ;
#2566 = PLANE ( 'NONE',  #3109 ) ;
#2567 = LINE ( 'NONE', #2584, #1370 ) ;
#2568 = EDGE_CURVE ( 'NONE', #2171, #4027, #848, .T. ) ;
#2569 = VERTEX_POINT ( 'NONE', #3855 ) ;
#2570 = ORIENTED_EDGE ( 'NONE', *, *, #3343, .F. ) ;
#2571 = CARTESIAN_POINT ( 'NONE',  ( 0.09055118110236234918, -0.001968503937004808732, 0.1850393700787399953 ) ) ;
#2572 = EDGE_CURVE ( 'NONE', #2602, #2862, #1606, .T. ) ;
#2573 = EDGE_CURVE ( 'NONE', #1575, #1342, #893, .T. ) ;
#2574 = ORIENTED_EDGE ( 'NONE', *, *, #520, .F. ) ;
#2575 = FILL_AREA_STYLE_COLOUR ( '', #2419 ) ;
#2576 = LINE ( 'NONE', #2659, #3588 ) ;
#2577 = SURFACE_SIDE_STYLE ('',( #3537 ) ) ;
#2578 = UNCERTAINTY_MEASURE_WITH_UNIT (LENGTH_MEASURE( 1.000000000000000082E-05 ), #4040, 'distance_accuracy_value', 'NONE');
#2579 = EDGE_LOOP ( 'NONE', ( #4127, #577, #1056, #3661 ) ) ;
#2580 = FILL_AREA_STYLE ('',( #223 ) ) ;
#2581 = ORIENTED_EDGE ( 'NONE', *, *, #4061, .F. ) ;
#2582 = CARTESIAN_POINT ( 'NONE',  ( 0.09055118110236319573, -0.06692913385826491923, 0.2007874015748039864 ) ) ;
#2583 = CARTESIAN_POINT ( 'NONE',  ( -0.01279526948928750262, 0.02165354330708799818, 0.06889763779527620369 ) ) ;
#2584 = CARTESIAN_POINT ( 'NONE',  ( 0.1564960629921260116, -0.001968503937004480002, 0.2598425196850390195 ) ) ;
#2585 = VERTEX_POINT ( 'NONE', #2571 ) ;
#2586 = DIRECTION ( 'NONE',  ( 0.2588190451025210725, 0.0000000000000000000, -0.9659258262890682012 ) ) ;
#2587 = DIRECTION ( 'NONE',  ( 1.000000000000000000, 1.035198944794589901E-14, 0.0000000000000000000 ) ) ;
#2588 = FACE_OUTER_BOUND ( 'NONE', #2424, .T. ) ;
#2589 =( CONVERSION_BASED_UNIT ( 'INCH', #4221 ) LENGTH_UNIT ( ) NAMED_UNIT ( #3881 ) );
#2590 = EDGE_CURVE ( 'NONE', #3982, #3401, #2903, .T. ) ;
#2591 = ORIENTED_EDGE ( 'NONE', *, *, #621, .F. ) ;
#2592 = SURFACE_STYLE_USAGE ( .BOTH. , #2242 ) ;
#2593 = DIRECTION ( 'NONE',  ( -1.056882988244299989E-14, 1.000000000000000000, -0.0000000000000000000 ) ) ;
#2594 = DIRECTION ( 'NONE',  ( -0.0000000000000000000, 2.773640129944130029E-16, -1.000000000000000000 ) ) ;
#2595 = EDGE_CURVE ( 'NONE', #2155, #3894, #2278, .T. ) ;
#2596 = LINE ( 'NONE', #3601, #3123 ) ;
#2597 = ORIENTED_EDGE ( 'NONE', *, *, #832, .T. ) ;
#2598 = CARTESIAN_POINT ( 'NONE',  ( 0.1387795275590550936, 0.04330708661417619759, 0.01771653543307081038 ) ) ;
#2599 = VECTOR ( 'NONE', #1055, 39.37007874015748143 ) ;
#2600 = AXIS2_PLACEMENT_3D ( 'NONE', #3592, #1900, #2587 ) ;
#2601 = SURFACE_SIDE_STYLE ('',( #3886 ) ) ;
#2602 = VERTEX_POINT ( 'NONE', #1308 ) ;
#2603 = CARTESIAN_POINT ( 'NONE',  ( -0.09055118110236150264, -0.06692913385826700090, 0.2007874015748039864 ) ) ;
#2604 = DIRECTION ( 'NONE',  ( 5.184424572667733372E-33, 4.233543747740260162E-17, -1.000000000000000000 ) ) ;
#2605 = VECTOR ( 'NONE', #1471, 39.37007874015748143 ) ;
#2606 = CARTESIAN_POINT ( 'NONE',  ( -0.004921259842520406616, 0.02165354330708759920, 0.06889763779527580123 ) ) ;
#2607 = DIRECTION ( 'NONE',  ( -1.429623445970342509E-32, -1.167414689224859965E-16, 1.000000000000000000 ) ) ;
#2608 = LINE ( 'NONE', #3943, #3852 ) ;
#2609 = ORIENTED_EDGE ( 'NONE', *, *, #4298, .T. ) ;
#2610 = DIRECTION ( 'NONE',  ( 0.0000000000000000000, -1.000000000000000000, -1.167414689223770104E-16 ) ) ;
#2611 = SURFACE_STYLE_FILL_AREA ( #3594 ) ;
#2613 = VECTOR ( 'NONE', #2364, 39.37007874015748143 ) ;
#2612 = APPLICATION_CONTEXT ( 'automotive_design' ) ;
#2614 = PRESENTATION_LAYER_ASSIGNMENT (  '', '', ( #1291 ) ) ;
#2615 = DIRECTION ( 'NONE',  ( 1.000000000000000000, -1.272163194318223936E-48, 1.089726903440029871E-32 ) ) ;
#2616 = VECTOR ( 'NONE', #967, 39.37007874015748143 ) ;
#2618 = EDGE_LOOP ( 'NONE', ( #3319, #3511, #64, #2967, #3066, #693 ) ) ;
#2617 = AXIS2_PLACEMENT_3D ( 'NONE', #3414, #3350, #4023 ) ;
#2619 = LENGTH_MEASURE_WITH_UNIT ( LENGTH_MEASURE( 0.02539999999999999897 ), #3951 );
#2620 = CARTESIAN_POINT ( 'NONE',  ( 0.1564960629921260116, -0.03346456692913089837, 0.2598425196850390195 ) ) ;
#2621 = FILL_AREA_STYLE_COLOUR ( '', #2973 ) ;
#2622 = EDGE_CURVE ( 'NONE', #1200, #41, #3288, .T. ) ;
#2623 = STYLED_ITEM ( 'NONE', ( #4060 ), #1201 ) ;
#2624 = PLANE ( 'NONE',  #1975 ) ;
#2625 =( GEOMETRIC_REPRESENTATION_CONTEXT ( 3 ) GLOBAL_UNCERTAINTY_ASSIGNED_CONTEXT ( ( #2928 ) ) GLOBAL_UNIT_ASSIGNED_CONTEXT ( ( #1089, #3340, #2106 ) ) REPRESENTATION_CONTEXT ( 'NONE', 'WORKASPACE' ) );
#2626 = ORIENTED_EDGE ( 'NONE', *, *, #1448, .F. ) ;
#2627 = FACE_OUTER_BOUND ( 'NONE', #499, .T. ) ;
#2628 = ADVANCED_FACE ( 'NONE', ( #325 ), #3968, .F. ) ;
#2629 = EDGE_CURVE ( 'NONE', #3818, #2040, #2941, .T. ) ;
#2630 = AXIS2_PLACEMENT_3D ( 'NONE', #896, #1904, #633 ) ;
#2631 = FACE_OUTER_BOUND ( 'NONE', #3797, .T. ) ;
#2632 = PLANE ( 'NONE',  #3244 ) ;
#2633 = CARTESIAN_POINT ( 'NONE',  ( -0.05118110236220380083, -0.06692913385826440575, 0.1003937007874019932 ) ) ;
#2634 = LINE ( 'NONE', #3998, #4195 ) ;
#2635 = VERTEX_POINT ( 'NONE', #1562 ) ;
#2636 = ORIENTED_EDGE ( 'NONE', *, *, #1120, .F. ) ;
#2637 = CARTESIAN_POINT ( 'NONE',  ( -6.938893903907230350E-16, 0.07086614173228419911, 0.1870078740157480046 ) ) ;
#2638 = DIRECTION ( 'NONE',  ( -1.000000000000000000, -1.035198944794589901E-14, -1.219403723456549750E-30 ) ) ;
#2639 = ORIENTED_EDGE ( 'NONE', *, *, #566, .F. ) ;
#2640 = DIRECTION ( 'NONE',  ( -1.219403723456549750E-30, -1.262325447800814145E-44, 1.000000000000000000 ) ) ;
#2641 = CARTESIAN_POINT ( 'NONE',  ( -0.1013779527559052485, -0.06692913385826704253, 6.454984691379206163E-17 ) ) ;
#2642 = PRESENTATION_STYLE_ASSIGNMENT (( #655 ) ) ;
#2643 = CARTESIAN_POINT ( 'NONE',  ( 0.01279527559055190084, -0.06692913385826590456, 0.2598425196850390195 ) ) ;
#2644 = ORIENTED_EDGE ( 'NONE', *, *, #1182, .T. ) ;
#2645 = CARTESIAN_POINT ( 'NONE',  ( 0.04921259842519699890, -0.01377952755905295992, 0.2077478314662649928 ) ) ;
#2646 = FILL_AREA_STYLE ('',( #2666 ) ) ;
#2647 = ADVANCED_FACE ( 'NONE', ( #2318 ), #3273, .T. ) ;
#2648 = DIRECTION ( 'NONE',  ( 1.000000000000000000, 1.035198944794589901E-14, 0.0000000000000000000 ) ) ;
#2649 = FILL_AREA_STYLE ('',( #1727 ) ) ;
#2650 = LINE ( 'NONE', #4019, #2768 ) ;
#2651 = FILL_AREA_STYLE ('',( #2412 ) ) ;
#2652 = ORIENTED_EDGE ( 'NONE', *, *, #3632, .T. ) ;
#2653 = EDGE_CURVE ( 'NONE', #2756, #3957, #1237, .T. ) ;
#2654 = CARTESIAN_POINT ( 'NONE',  ( 0.1545275590551180300, 0.04330708661417616984, 0.009842519685039317900 ) ) ;
#2655 = CARTESIAN_POINT ( 'NONE',  ( -0.1407480314960619927, -0.04330708661417297101, 4.473931744710919935E-19 ) ) ;
#2656 = LINE ( 'NONE', #983, #2265 ) ;
#2657 = VERTEX_POINT ( 'NONE', #2240 ) ;
#2658 = PLANE ( 'NONE',  #2198 ) ;
#2659 = CARTESIAN_POINT ( 'NONE',  ( -0.004921259842520372789, 0.07086614173228418523, 0.2598425196850390195 ) ) ;
#2660 =( NAMED_UNIT ( * ) SI_UNIT ( $, .STERADIAN. ) SOLID_ANGLE_UNIT ( ) );
#2661 = CARTESIAN_POINT ( 'NONE',  ( 0.04921259842519699890, -0.01377952755905289921, -0.01799632996797429982 ) ) ;
#2662 = DIRECTION ( 'NONE',  ( -1.000000000000000000, 1.224606353822379970E-16, 0.0000000000000000000 ) ) ;
#2663 = ORIENTED_EDGE ( 'NONE', *, *, #2809, .T. ) ;
#2664 = VECTOR ( 'NONE', #3056, 39.37007874015748143 ) ;
#2665 = LINE ( 'NONE', #1295, #3582 ) ;
#2666 = FILL_AREA_STYLE_COLOUR ( '', #3856 ) ;
#2667 =( GEOMETRIC_REPRESENTATION_CONTEXT ( 3 ) GLOBAL_UNCERTAINTY_ASSIGNED_CONTEXT ( ( #2411 ) ) GLOBAL_UNIT_ASSIGNED_CONTEXT ( ( #3262, #1911, #2229 ) ) REPRESENTATION_CONTEXT ( 'NONE', 'WORKASPACE' ) );
#2668 = VECTOR ( 'NONE', #4114, 39.37007874015748143 ) ;
#2669 = CARTESIAN_POINT ( 'NONE',  ( -0.1210629921259849945, -0.06692913385826700090, 0.01968503937007879540 ) ) ;
#2670 = CARTESIAN_POINT ( 'NONE',  ( 0.09055118110236169693, 0.07086614173228561464, 0.2598425196850390195 ) ) ;
#2671 = EDGE_CURVE ( 'NONE', #1742, #4218, #908, .T. ) ;
#2672 = DIRECTION ( 'NONE',  ( 1.208506454422150978E-30, -1.167414689223770104E-16, 1.000000000000000000 ) ) ;
#2673 = ORIENTED_EDGE ( 'NONE', *, *, #2360, .F. ) ;
#2674 = PRESENTATION_LAYER_ASSIGNMENT (  '', '', ( #864 ) ) ;
#2675 = LINE ( 'NONE', #1306, #795 ) ;
#2676 = DIRECTION ( 'NONE',  ( 0.2505628070857297551, 0.2505628070857213174, 0.9351131265310326235 ) ) ;
#2677 = EDGE_CURVE ( 'NONE', #3912, #3493, #2922, .T. ) ;
#2678 = VECTOR ( 'NONE', #3153, 39.37007874015748143 ) ;
#2679 = EDGE_CURVE ( 'NONE', #131, #3148, #1589, .T. ) ;
#2680 = CARTESIAN_POINT ( 'NONE',  ( -0.04724409448819069657, 0.1698187976228970053, -0.004076905141467770249 ) ) ;
#2681 = VERTEX_POINT ( 'NONE', #3547 ) ;
#2682 = CARTESIAN_POINT ( 'NONE',  ( -0.09055118110236200224, -0.03346456692913348657, 0.1850393700787399953 ) ) ;
#2683 = SURFACE_STYLE_USAGE ( .BOTH. , #2708 ) ;
#2684 = DIRECTION ( 'NONE',  ( -1.035198944794589901E-14, 1.000000000000000000, 0.0000000000000000000 ) ) ;
#2685 = VECTOR ( 'NONE', #953, 39.37007874015748143 ) ;
#2686 = VECTOR ( 'NONE', #469, 39.37007874015748143 ) ;
#2687 = CARTESIAN_POINT ( 'NONE',  ( 0.1309055118110240001, -0.04330708661417020239, 0.1574803149606300023 ) ) ;
#2688 = ORIENTED_EDGE ( 'NONE', *, *, #3758, .F. ) ;
#2689 = ORIENTED_EDGE ( 'NONE', *, *, #2157, .T. ) ;
#2690 = CARTESIAN_POINT ( 'NONE',  ( 0.1545275590551190015, -0.04330708661416989708, 0.009842519685039309227 ) ) ;
#2691 = AXIS2_PLACEMENT_3D ( 'NONE', #154, #2799, #465 ) ;
#2692 = SURFACE_SIDE_STYLE ('',( #3025 ) ) ;
#2693 = COLOUR_RGB ( '',0.9490196078431372140, 0.9490196078431372140, 0.9490196078431372140 ) ;
#2694 = LINE ( 'NONE', #3389, #1772 ) ;
#2695 = FACE_OUTER_BOUND ( 'NONE', #4044, .T. ) ;
#2696 = CARTESIAN_POINT ( 'NONE',  ( 0.04527559055118150072, -0.01377952755905289921, 0.2224409448818900070 ) ) ;
#2697 = AXIS2_PLACEMENT_3D ( 'NONE', #1048, #700, #2348 ) ;
#2698 = CARTESIAN_POINT ( 'NONE',  ( 0.1387795275590560096, -0.04330708661417009830, 0.01771653543307079998 ) ) ;
#2699 = ORIENTED_EDGE ( 'NONE', *, *, #2337, .F. ) ;
#2700 = FILL_AREA_STYLE ('',( #1368 ) ) ;
#2701 = SURFACE_SIDE_STYLE ('',( #2355 ) ) ;
#2702 = EDGE_CURVE ( 'NONE', #2445, #2192, #2995, .T. ) ;
#2703 = CARTESIAN_POINT ( 'NONE',  ( 0.09055118110236258511, -0.03346456692913144654, 0.1850393700787399953 ) ) ;
#2704 = PLANE ( 'NONE',  #2268 ) ;
#2705 = ORIENTED_EDGE ( 'NONE', *, *, #1679, .F. ) ;
#2706 = EDGE_LOOP ( 'NONE', ( #2959, #3336, #3673, #2906, #2061, #1170 ) ) ;
#2707 = EDGE_CURVE ( 'NONE', #1417, #2192, #1221, .T. ) ;
#2708 = SURFACE_SIDE_STYLE ('',( #695 ) ) ;
#2709 = EDGE_CURVE ( 'NONE', #3416, #3279, #4239, .T. ) ;
#2710 = DIRECTION ( 'NONE',  ( -1.000000000000000000, 1.224606353822379970E-16, 3.398965425289660775E-33 ) ) ;
#2711 = EDGE_LOOP ( 'NONE', ( #2875, #2775, #3794, #3422 ) ) ;
#2712 = DIRECTION ( 'NONE',  ( -9.890037891687959262E-15, 1.000000000000000000, 2.650027666190995588E-15 ) ) ;
#2713 = ADVANCED_FACE ( 'NONE', ( #2588 ), #932, .F. ) ;
#2714 = ORIENTED_EDGE ( 'NONE', *, *, #1938, .T. ) ;
#2715 = FACE_OUTER_BOUND ( 'NONE', #3508, .T. ) ;
#2716 =( NAMED_UNIT ( * ) SI_UNIT ( $, .STERADIAN. ) SOLID_ANGLE_UNIT ( ) );
#2717 = DIRECTION ( 'NONE',  ( 1.089726903440029871E-32, 1.167414689223770104E-16, -1.000000000000000000 ) ) ;
#2718 = DIRECTION ( 'NONE',  ( 0.2588190451025210725, 0.0000000000000000000, 0.9659258262890682012 ) ) ;
#2719 = DIRECTION ( 'NONE',  ( -1.219403723456549750E-30, -1.262325447800814145E-44, 1.000000000000000000 ) ) ;
#2720 = CARTESIAN_POINT ( 'NONE',  ( -0.09055118110236150264, -0.06692913385826700090, 0.1850393700787399953 ) ) ;
#2721 = ORIENTED_EDGE ( 'NONE', *, *, #4137, .F. ) ;
#2722 = DIRECTION ( 'NONE',  ( 1.089726903440029871E-32, 1.167414689223770104E-16, -1.000000000000000000 ) ) ;
#2723 = LENGTH_MEASURE_WITH_UNIT ( LENGTH_MEASURE( 0.02539999999999999897 ), #3983 );
#2724 = SURFACE_STYLE_FILL_AREA ( #1346 ) ;
#2725 = DIRECTION ( 'NONE',  ( 1.035198944794589901E-14, -1.000000000000000000, -0.0000000000000000000 ) ) ;
#2726 = PRODUCT_RELATED_PRODUCT_CATEGORY ( 'part', '', ( #2142 ) ) ;
#2727 = ORIENTED_EDGE ( 'NONE', *, *, #4240, .T. ) ;
#2728 = EDGE_LOOP ( 'NONE', ( #3532, #1391, #3417, #444, #1885, #3098, #2919, #1783, #3111, #4222, #1104, #3217 ) ) ;
#2729 = FILL_AREA_STYLE_COLOUR ( '', #4278 ) ;
#2730 = EDGE_CURVE ( 'NONE', #3767, #2834, #1690, .T. ) ;
#2731 = FILL_AREA_STYLE_COLOUR ( '', #3507 ) ;
#2732 = ORIENTED_EDGE ( 'NONE', *, *, #3369, .T. ) ;
#2733 = VERTEX_POINT ( 'NONE', #340 ) ;
#2734 = DIRECTION ( 'NONE',  ( 1.000000000000000000, 1.040834085586086939E-14, 0.0000000000000000000 ) ) ;
#2735 = EDGE_CURVE ( 'NONE', #2855, #3356, #2078, .T. ) ;
#2736 = VECTOR ( 'NONE', #4192, 39.37007874015748143 ) ;
#2737 = DIRECTION ( 'NONE',  ( -1.035198944794589901E-14, 1.000000000000000000, 0.0000000000000000000 ) ) ;
#2738 = DIRECTION ( 'NONE',  ( 1.000000000000000000, 1.035198944794589901E-14, 1.219403723456549750E-30 ) ) ;
#2739 = CARTESIAN_POINT ( 'NONE',  ( -0.07086614173228250602, -0.06692913385826440575, 0.2007874015748039864 ) ) ;
#2740 = VECTOR ( 'NONE', #2014, 39.37007874015748143 ) ;
#2741 = DIRECTION ( 'NONE',  ( -1.035198944794590058E-14, 1.000000000000000000, 1.167414689223779965E-16 ) ) ;
#2742 = ORIENTED_EDGE ( 'NONE', *, *, #249, .F. ) ;
#2743 = CARTESIAN_POINT ( 'NONE',  ( -0.1013779527559049987, -0.06692913385826729233, 0.01968503937007869825 ) ) ;
#2744 = AXIS2_PLACEMENT_3D ( 'NONE', #3892, #957, #904 ) ;
#2745 = DIRECTION ( 'NONE',  ( 0.0000000000000000000, -1.000000000000000000, 2.723258531077630015E-15 ) ) ;
#2746 = AXIS2_PLACEMENT_3D ( 'NONE', #3905, #271, #4251 ) ;
#2747 = ORIENTED_EDGE ( 'NONE', *, *, #2039, .F. ) ;
#2748 = ORIENTED_EDGE ( 'NONE', *, *, #1051, .F. ) ;
#2749 = FILL_AREA_STYLE_COLOUR ( '', #2457 ) ;
#2750 = SURFACE_SIDE_STYLE ('',( #3747 ) ) ;
#2751 = VECTOR ( 'NONE', #914, 39.37007874015748143 ) ;
#2752 =( GEOMETRIC_REPRESENTATION_CONTEXT ( 3 ) GLOBAL_UNCERTAINTY_ASSIGNED_CONTEXT ( ( #1133 ) ) GLOBAL_UNIT_ASSIGNED_CONTEXT ( ( #2190, #1142, #844 ) ) REPRESENTATION_CONTEXT ( 'NONE', 'WORKASPACE' ) );
#2753 = AXIS2_PLACEMENT_3D ( 'NONE', #1518, #4107, #2115 ) ;
#2754 =( LENGTH_UNIT ( ) NAMED_UNIT ( * ) SI_UNIT ( $, .METRE. ) );
#2755 = VECTOR ( 'NONE', #322, 39.37007874015748143 ) ;
#2756 = VERTEX_POINT ( 'NONE', #2703 ) ;
#2757 = EDGE_CURVE ( 'NONE', #1823, #3232, #3726, .T. ) ;
#2758 = EDGE_LOOP ( 'NONE', ( #2081, #4087, #1254, #869 ) ) ;
#2759 = CARTESIAN_POINT ( 'NONE',  ( 0.1564960629921260116, -0.001968503937004480002, 0.2598425196850390195 ) ) ;
#2760 =( GEOMETRIC_REPRESENTATION_CONTEXT ( 3 ) GLOBAL_UNCERTAINTY_ASSIGNED_CONTEXT ( ( #3841 ) ) GLOBAL_UNIT_ASSIGNED_CONTEXT ( ( #1917, #3245, #2294 ) ) REPRESENTATION_CONTEXT ( 'NONE', 'WORKASPACE' ) );
#2761 = VECTOR ( 'NONE', #306, 39.37007874015748143 ) ;
#2762 = LINE ( 'NONE', #3451, #4139 ) ;
#2763 = MECHANICAL_DESIGN_GEOMETRIC_PRESENTATION_REPRESENTATION (  '', ( #2219 ), #3666 ) ;
#2764 = VECTOR ( 'NONE', #631, 39.37007874015748143 ) ;
#2765 = EDGE_CURVE ( 'NONE', #2900, #534, #1058, .T. ) ;
#2766 = CARTESIAN_POINT ( 'NONE',  ( 0.04921259842519590255, 0.09842519685039639865, -3.841862661523498852E-16 ) ) ;
#2767 = EDGE_CURVE ( 'NONE', #1672, #921, #2417, .T. ) ;
#2768 = VECTOR ( 'NONE', #2719, 39.37007874015748143 ) ;
#2769 = DIRECTION ( 'NONE',  ( 1.000000000000000000, 1.035198944794589901E-14, 0.0000000000000000000 ) ) ;
#2770 = EDGE_LOOP ( 'NONE', ( #4188, #2172, #101, #891 ) ) ;
#2771 = CARTESIAN_POINT ( 'NONE',  ( 0.1309055118110240001, -0.04330708661417020239, 0.01771653543307079304 ) ) ;
#2772 = VECTOR ( 'NONE', #3071, 39.37007874015748143 ) ;
#2773 = PLANE ( 'NONE',  #3387 ) ;
#2774 = FACE_OUTER_BOUND ( 'NONE', #185, .T. ) ;
#2775 = ORIENTED_EDGE ( 'NONE', *, *, #1798, .F. ) ;
#2776 = EDGE_LOOP ( 'NONE', ( #1126, #1963, #2545, #53 ) ) ;
#2777 = EDGE_LOOP ( 'NONE', ( #2535, #2403, #2814, #1717 ) ) ;
#2778 = CARTESIAN_POINT ( 'NONE',  ( 0.05118110236220590331, -0.09842519685039040345, 1.536664496436148184E-16 ) ) ;
#2779 = ORIENTED_EDGE ( 'NONE', *, *, #1316, .F. ) ;
#2780 = DIRECTION ( 'NONE',  ( 0.0000000000000000000, -0.7071067811865511255, 0.7071067811865440200 ) ) ;
#2781 = CARTESIAN_POINT ( 'NONE',  ( -0.02952755905511790166, 0.09842519685039459454, 0.01968503937007840335 ) ) ;
#2782 = DIRECTION ( 'NONE',  ( -1.000000000000000000, -1.121935118593429940E-14, -0.0000000000000000000 ) ) ;
#2783 = CARTESIAN_POINT ( 'NONE',  ( 0.06496064212378629965, -0.06692913385826439188, 0.2598425196850390195 ) ) ;
#2784 = ADVANCED_FACE ( 'NONE', ( #2032 ), #3984, .T. ) ;
#2785 = ORIENTED_EDGE ( 'NONE', *, *, #118, .T. ) ;
#2786 =( LENGTH_UNIT ( ) NAMED_UNIT ( * ) SI_UNIT ( $, .METRE. ) );
#2787 = PRESENTATION_STYLE_ASSIGNMENT (( #797 ) ) ;
#2788 = DIRECTION ( 'NONE',  ( -1.089726903440029871E-32, -1.167414689223770104E-16, 1.000000000000000000 ) ) ;
#2789 = PRESENTATION_STYLE_ASSIGNMENT (( #1879 ) ) ;
#2790 = EDGE_CURVE ( 'NONE', #2733, #3565, #3373, .T. ) ;
#2791 = ORIENTED_EDGE ( 'NONE', *, *, #3239, .T. ) ;
#2792 = ORIENTED_EDGE ( 'NONE', *, *, #353, .F. ) ;
#2793 = DIRECTION ( 'NONE',  ( -1.000000000000000000, 1.272163194318223936E-48, -1.089726903440029871E-32 ) ) ;
#2794 = FACE_OUTER_BOUND ( 'NONE', #1651, .T. ) ;
#2795 = VERTEX_POINT ( 'NONE', #3719 ) ;
#2796 = FACE_OUTER_BOUND ( 'NONE', #539, .T. ) ;
#2797 = DIMENSIONAL_EXPONENTS ( 1.000000000000000000, 0.0000000000000000000, 0.0000000000000000000, 0.0000000000000000000, 0.0000000000000000000, 0.0000000000000000000, 0.0000000000000000000 ) ;
#2798 = ORIENTED_EDGE ( 'NONE', *, *, #2187, .F. ) ;
#2799 = DIRECTION ( 'NONE',  ( 1.035198944794590058E-14, -1.000000000000000000, -1.167414689223759997E-16 ) ) ;
#2800 = DIRECTION ( 'NONE',  ( 0.0000000000000000000, 1.000000000000000000, 1.167414689223770104E-16 ) ) ;
#2801 = LINE ( 'NONE', #1484, #2345 ) ;
#2802 = DIRECTION ( 'NONE',  ( 1.208506454422150978E-30, -1.167414689223770104E-16, 1.000000000000000000 ) ) ;
#2803 = DIRECTION ( 'NONE',  ( 1.000000000000000000, 1.121935118593429940E-14, 0.0000000000000000000 ) ) ;
#2804 = ORIENTED_EDGE ( 'NONE', *, *, #2677, .T. ) ;
#2805 = PLANE ( 'NONE',  #1215 ) ;
#2806 = DIRECTION ( 'NONE',  ( -1.056882988244299989E-14, 1.000000000000000000, -0.0000000000000000000 ) ) ;
#2807 = DIRECTION ( 'NONE',  ( 0.0000000000000000000, -1.000000000000000000, -1.167414689223770104E-16 ) ) ;
#2808 = LENGTH_MEASURE_WITH_UNIT ( LENGTH_MEASURE( 0.02539999999999999897 ), #2526 );
#2809 = EDGE_CURVE ( 'NONE', #978, #3104, #1040, .T. ) ;
#2810 = VECTOR ( 'NONE', #2297, 39.37007874015748143 ) ;
#2811 = LINE ( 'NONE', #2874, #3366 ) ;
#2812 = ORIENTED_EDGE ( 'NONE', *, *, #3758, .T. ) ;
#2813 =( GEOMETRIC_REPRESENTATION_CONTEXT ( 3 ) GLOBAL_UNCERTAINTY_ASSIGNED_CONTEXT ( ( #1533 ) ) GLOBAL_UNIT_ASSIGNED_CONTEXT ( ( #857, #4186, #3864 ) ) REPRESENTATION_CONTEXT ( 'NONE', 'WORKASPACE' ) );
#2814 = ORIENTED_EDGE ( 'NONE', *, *, #147, .F. ) ;
#2815 = DIRECTION ( 'NONE',  ( -0.0000000000000000000, 0.0000000000000000000, -1.000000000000000000 ) ) ;
#2816 =( NAMED_UNIT ( * ) PLANE_ANGLE_UNIT ( ) SI_UNIT ( $, .RADIAN. ) );
#2817 = PRESENTATION_LAYER_ASSIGNMENT (  '', '', ( #3568 ) ) ;
#2818 = VERTEX_POINT ( 'NONE', #758 ) ;
#2819 = PLANE ( 'NONE',  #4154 ) ;
#2820 = AXIS2_PLACEMENT_3D ( 'NONE', #2930, #1246, #3623 ) ;
#2821 = VERTEX_POINT ( 'NONE', #4305 ) ;
#2822 = CARTESIAN_POINT ( 'NONE',  ( 0.02952755905511710022, 0.09842519685039516353, 0.01968503937007869825 ) ) ;
#2823 = AXIS2_PLACEMENT_3D ( 'NONE', #182, #1818, #2500 ) ;
#2824 =( GEOMETRIC_REPRESENTATION_CONTEXT ( 3 ) GLOBAL_UNCERTAINTY_ASSIGNED_CONTEXT ( ( #1485 ) ) GLOBAL_UNIT_ASSIGNED_CONTEXT ( ( #2143, #1493, #1140 ) ) REPRESENTATION_CONTEXT ( 'NONE', 'WORKASPACE' ) );
#2825 = CARTESIAN_POINT ( 'NONE',  ( 0.2941882312297829927, -0.06692913385826579353, -0.09195546864524579977 ) ) ;
#2826 = FACE_OUTER_BOUND ( 'NONE', #4118, .T. ) ;
#2827 = ORIENTED_EDGE ( 'NONE', *, *, #118, .F. ) ;
#2828 = LINE ( 'NONE', #3138, #2118 ) ;
#2829 = VECTOR ( 'NONE', #939, 39.37007874015748143 ) ;
#2830 = DIMENSIONAL_EXPONENTS ( 1.000000000000000000, 0.0000000000000000000, 0.0000000000000000000, 0.0000000000000000000, 0.0000000000000000000, 0.0000000000000000000, 0.0000000000000000000 ) ;
#2831 = CARTESIAN_POINT ( 'NONE',  ( -0.09055118110236240470, -0.001968503937006287150, 0.09251968503936945643 ) ) ;
#2832 = AXIS2_PLACEMENT_3D ( 'NONE', #4247, #3569, #2866 ) ;
#2833 = AXIS2_PLACEMENT_3D ( 'NONE', #2124, #806, #2196 ) ;
#2834 = VERTEX_POINT ( 'NONE', #1326 ) ;
#2835 = FACE_OUTER_BOUND ( 'NONE', #3596, .T. ) ;
#2836 = FILL_AREA_STYLE ('',( #2485 ) ) ;
#2837 = DIRECTION ( 'NONE',  ( -1.089726903440029871E-32, -1.167414689223770104E-16, 1.000000000000000000 ) ) ;
#2838 = SURFACE_SIDE_STYLE ('',( #1827 ) ) ;
#2839 = STYLED_ITEM ( 'NONE', ( #519 ), #940 ) ;
#2840 = ORIENTED_EDGE ( 'NONE', *, *, #2568, .T. ) ;
#2841 = EDGE_CURVE ( 'NONE', #3185, #14, #386, .T. ) ;
#2842 = ORIENTED_EDGE ( 'NONE', *, *, #355, .T. ) ;
#2843 = CARTESIAN_POINT ( 'NONE',  ( -0.05118110236220380083, -0.06692913385826659844, 0.1003937007874019932 ) ) ;
#2844 =( LENGTH_UNIT ( ) NAMED_UNIT ( * ) SI_UNIT ( $, .METRE. ) );
#2845 = COLOUR_RGB ( '',0.9490196078431372140, 0.9490196078431372140, 0.9490196078431372140 ) ;
#2846 = EDGE_CURVE ( 'NONE', #1500, #590, #737, .T. ) ;
#2847 = EDGE_CURVE ( 'NONE', #3576, #4093, #1670, .T. ) ;
#2848 = ORIENTED_EDGE ( 'NONE', *, *, #355, .F. ) ;
#2849 = CARTESIAN_POINT ( 'NONE',  ( -0.1545275590551180023, -0.04330708661417310285, 0.009842519685039309227 ) ) ;
#2850 = ORIENTED_EDGE ( 'NONE', *, *, #708, .F. ) ;
#2851 = CARTESIAN_POINT ( 'NONE',  ( 0.04921259842519699890, -0.01377952755905289921, 0.01968503937007879540 ) ) ;
#2852 = ADVANCED_FACE ( 'NONE', ( #11 ), #1734, .F. ) ;
#2853 = CARTESIAN_POINT ( 'NONE',  ( 0.1309055118110230287, 0.04330708661417597555, 0.1574803149606300023 ) ) ;
#2854 = DIRECTION ( 'NONE',  ( 1.429623445970342509E-32, 1.167414689224859965E-16, -1.000000000000000000 ) ) ;
#2855 = VERTEX_POINT ( 'NONE', #774 ) ;
#2856 = FILL_AREA_STYLE ('',( #885 ) ) ;
#2857 = LENGTH_MEASURE_WITH_UNIT ( LENGTH_MEASURE( 0.02539999999999999897 ), #123 );
#2858 =( NAMED_UNIT ( * ) SI_UNIT ( $, .STERADIAN. ) SOLID_ANGLE_UNIT ( ) );
#2859 = FILL_AREA_STYLE ('',( #191 ) ) ;
#2860 = DIMENSIONAL_EXPONENTS ( 1.000000000000000000, 0.0000000000000000000, 0.0000000000000000000, 0.0000000000000000000, 0.0000000000000000000, 0.0000000000000000000, 0.0000000000000000000 ) ;
#2861 = ORIENTED_EDGE ( 'NONE', *, *, #1289, .F. ) ;
#2862 = VERTEX_POINT ( 'NONE', #1118 ) ;
#2863 = ORIENTED_EDGE ( 'NONE', *, *, #2847, .T. ) ;
#2864 = LINE ( 'NONE', #831, #3599 ) ;
#2865 = VERTEX_POINT ( 'NONE', #545 ) ;
#2866 = DIRECTION ( 'NONE',  ( 0.0000000000000000000, 1.000000000000000000, 1.167414689223770104E-16 ) ) ;
#2867 = EDGE_CURVE ( 'NONE', #1526, #3816, #716, .T. ) ;
#2868 = CARTESIAN_POINT ( 'NONE',  ( 0.04921259842519699890, -0.01377952755905289921, -0.01799632996797429982 ) ) ;
#2869 = ADVANCED_FACE ( 'NONE', ( #3433 ), #3483, .F. ) ;
#2870 = ORIENTED_EDGE ( 'NONE', *, *, #2573, .T. ) ;
#2871 = CARTESIAN_POINT ( 'NONE',  ( -0.02952755905511770043, -0.02952755905511676715, 0.2224409448818899515 ) ) ;
#2872 = LINE ( 'NONE', #954, #4141 ) ;
#2873 = LENGTH_MEASURE_WITH_UNIT ( LENGTH_MEASURE( 0.02539999999999999897 ), #579 );
#2874 = CARTESIAN_POINT ( 'NONE',  ( 0.1564960629921270108, -0.09842519685039037569, 1.365923996832131609E-16 ) ) ;
#2875 = ORIENTED_EDGE ( 'NONE', *, *, #2735, .F. ) ;
#2876 = ORIENTED_EDGE ( 'NONE', *, *, #598, .T. ) ;
#2877 = AXIS2_PLACEMENT_3D ( 'NONE', #3305, #2738, #4 ) ;
#2878 = VECTOR ( 'NONE', #1164, 39.37007874015748143 ) ;
#2879 = VECTOR ( 'NONE', #4219, 39.37007874015748143 ) ;
#2880 = ORIENTED_EDGE ( 'NONE', *, *, #835, .T. ) ;
#2881 = DIRECTION ( 'NONE',  ( 1.224606353822360002E-16, 1.000000000000000000, 2.508695727351260080E-16 ) ) ;
#2882 = DIRECTION ( 'NONE',  ( 1.219403723456549750E-30, 1.262325447800814145E-44, -1.000000000000000000 ) ) ;
#2883 = FACE_OUTER_BOUND ( 'NONE', #3615, .T. ) ;
#2884 = EDGE_CURVE ( 'NONE', #1171, #688, #1833, .T. ) ;
#2885 = UNCERTAINTY_MEASURE_WITH_UNIT (LENGTH_MEASURE( 1.000000000000000082E-05 ), #3337, 'distance_accuracy_value', 'NONE');
#2886 = ORIENTED_EDGE ( 'NONE', *, *, #2979, .T. ) ;
#2887 = FILL_AREA_STYLE ('',( #3842 ) ) ;
#2888 = STYLED_ITEM ( 'NONE', ( #2037 ), #4241 ) ;
#2889 = VECTOR ( 'NONE', #1988, 39.37007874015748854 ) ;
#2890 = SURFACE_STYLE_USAGE ( .BOTH. , #883 ) ;
#2891 = ORIENTED_EDGE ( 'NONE', *, *, #2357, .T. ) ;
#2892 = EDGE_CURVE ( 'NONE', #2128, #1445, #124, .T. ) ;
#2893 = ADVANCED_FACE ( 'NONE', ( #2525 ), #2455, .F. ) ;
#2894 = VECTOR ( 'NONE', #3408, 39.37007874015748143 ) ;
#2895 = DIRECTION ( 'NONE',  ( 1.000000000000000000, 1.035198944794589901E-14, 0.0000000000000000000 ) ) ;
#2896 = CARTESIAN_POINT ( 'NONE',  ( 0.1210629921259849390, -0.03346456692913136327, 0.2598425196850390195 ) ) ;
#2897 = VECTOR ( 'NONE', #334, 39.37007874015748143 ) ;
#2898 = AXIS2_PLACEMENT_3D ( 'NONE', #344, #4009, #4095 ) ;
#2899 = ORIENTED_EDGE ( 'NONE', *, *, #1396, .F. ) ;
#2900 = VERTEX_POINT ( 'NONE', #517 ) ;
#2901 =( NAMED_UNIT ( * ) SI_UNIT ( $, .STERADIAN. ) SOLID_ANGLE_UNIT ( ) );
#2902 = PRESENTATION_LAYER_ASSIGNMENT (  '', '', ( #180 ) ) ;
#2903 = LINE ( 'NONE', #1257, #1007 ) ;
#2904 = PRESENTATION_LAYER_ASSIGNMENT (  '', '', ( #2974 ) ) ;
#2905 = AXIS2_PLACEMENT_3D ( 'NONE', #1601, #2935, #956 ) ;
#2906 = ORIENTED_EDGE ( 'NONE', *, *, #1961, .T. ) ;
#2907 = CARTESIAN_POINT ( 'NONE',  ( -0.09055118110236290430, 0.06102362204724479100, 0.2598425196850390195 ) ) ;
#2908 = DIRECTION ( 'NONE',  ( -1.219403723456549750E-30, -1.262325447800814145E-44, 1.000000000000000000 ) ) ;
#2909 = DIRECTION ( 'NONE',  ( 1.083706106470080481E-14, -0.9659258262890682012, 0.2588190451025210725 ) ) ;
#2910 = DIRECTION ( 'NONE',  ( 1.224606353822379970E-16, 1.000000000000000000, 1.167414689224859965E-16 ) ) ;
#2911 = EDGE_LOOP ( 'NONE', ( #3612, #3654, #2791, #2282, #2609, #7, #502 ) ) ;
#2912 = DIRECTION ( 'NONE',  ( -1.000000000000000000, -1.084202172485503961E-14, 0.0000000000000000000 ) ) ;
#2913 =( NAMED_UNIT ( * ) SI_UNIT ( $, .STERADIAN. ) SOLID_ANGLE_UNIT ( ) );
#2914 = ORIENTED_EDGE ( 'NONE', *, *, #4111, .T. ) ;
#2915 = DIRECTION ( 'NONE',  ( 1.035198944794589901E-14, -1.000000000000000000, -0.0000000000000000000 ) ) ;
#2916 =( CONVERSION_BASED_UNIT ( 'INCH', #257 ) LENGTH_UNIT ( ) NAMED_UNIT ( #4157 ) );
#2917 = CARTESIAN_POINT ( 'NONE',  ( -0.05118110236220380083, -0.06692913385826604333, 0.2007874015748039864 ) ) ;
#2918 = ADVANCED_FACE ( 'NONE', ( #1807 ), #1187, .T. ) ;
#2919 = ORIENTED_EDGE ( 'NONE', *, *, #1051, .T. ) ;
#2920 = VERTEX_POINT ( 'NONE', #496 ) ;
#2921 = LINE ( 'NONE', #236, #239 ) ;
#2922 = LINE ( 'NONE', #3896, #3440 ) ;
#2923 = CARTESIAN_POINT ( 'NONE',  ( 0.1210629921259839953, 0.04330708661417559391, -3.906208353055519818E-16 ) ) ;
#2924 = EDGE_LOOP ( 'NONE', ( #3429, #1803, #2827, #917 ) ) ;
#2925 = PRESENTATION_STYLE_ASSIGNMENT (( #3970 ) ) ;
#2926 = DIRECTION ( 'NONE',  ( -1.000000000000000000, -1.084202172485503961E-14, 0.0000000000000000000 ) ) ;
#2927 = CARTESIAN_POINT ( 'NONE',  ( -0.1564960629921250124, -0.06692913385826759765, 0.01968503937007879540 ) ) ;
#2928 = UNCERTAINTY_MEASURE_WITH_UNIT (LENGTH_MEASURE( 1.000000000000000082E-05 ), #1089, 'distance_accuracy_value', 'NONE');
#2929 = EDGE_LOOP ( 'NONE', ( #2876, #786, #525, #3147 ) ) ;
#2930 = CARTESIAN_POINT ( 'NONE',  ( -0.09055118110236290430, 0.07086614173228419911, 0.2598425196850390195 ) ) ;
#2931 = ORIENTED_EDGE ( 'NONE', *, *, #3289, .F. ) ;
#2932 = CARTESIAN_POINT ( 'NONE',  ( -0.1013779527559049987, -0.04330708661417290162, 0.01968503937007873295 ) ) ;
#2933 = CARTESIAN_POINT ( 'NONE',  ( -0.09055118110236290430, 0.07086614173228425462, 0.06889763779527578735 ) ) ;
#2934 = LINE ( 'NONE', #625, #2736 ) ;
#2935 = DIRECTION ( 'NONE',  ( 1.121935118593429940E-14, -1.000000000000000000, -2.773640129943030061E-16 ) ) ;
#2936 = FILL_AREA_STYLE_COLOUR ( '', #2466 ) ;
#2937 = EDGE_LOOP ( 'NONE', ( #1037, #285, #2742, #2299 ) ) ;
#2938 = ORIENTED_EDGE ( 'NONE', *, *, #3157, .T. ) ;
#2939 = CARTESIAN_POINT ( 'NONE',  ( 0.04921259842519694339, -0.01377952755905294605, 0.2077478314662649650 ) ) ;
#2940 = ADVANCED_FACE ( 'NONE', ( #2213 ), #3187, .T. ) ;
#2941 = LINE ( 'NONE', #3614, #3117 ) ;
#2942 = CARTESIAN_POINT ( 'NONE',  ( 0.03149606299212420052, 0.1698187976228980045, -0.004076905141467470142 ) ) ;
#2943 = AXIS2_PLACEMENT_3D ( 'NONE', #1826, #4131, #3162 ) ;
#2944 = ORIENTED_EDGE ( 'NONE', *, *, #511, .T. ) ;
#2945 = DIRECTION ( 'NONE',  ( 1.035198944794589901E-14, -1.000000000000000000, -0.0000000000000000000 ) ) ;
#2946 = EDGE_CURVE ( 'NONE', #4093, #4032, #3848, .T. ) ;
#2947 = DIRECTION ( 'NONE',  ( -0.0000000000000000000, 2.508695727351260080E-16, -1.000000000000000000 ) ) ;
#2948 = ADVANCED_FACE ( 'NONE', ( #4155 ), #3527, .F. ) ;
#2949 = CARTESIAN_POINT ( 'NONE',  ( 0.1564960629921260116, 0.04330708661417310285, 0.2598425196850390195 ) ) ;
#2950 = AXIS2_PLACEMENT_3D ( 'NONE', #2942, #4262, #4289 ) ;
#2951 = VECTOR ( 'NONE', #170, 39.37007874015748143 ) ;
#2952 = DIRECTION ( 'NONE',  ( 0.0000000000000000000, -0.2588190451025210725, -0.9659258262890682012 ) ) ;
#2953 = CARTESIAN_POINT ( 'NONE',  ( 0.09055118110236290430, -0.06692913385826509964, 0.09251968503937020583 ) ) ;
#2954 = VECTOR ( 'NONE', #2725, 39.37007874015748143 ) ;
#2955 = PRESENTATION_LAYER_ASSIGNMENT (  '', '', ( #1840 ) ) ;
#2956 = ORIENTED_EDGE ( 'NONE', *, *, #254, .F. ) ;
#2957 = DIRECTION ( 'NONE',  ( -1.000000000000000000, 1.272163194318223936E-48, -1.089726903440029871E-32 ) ) ;
#2958 = VECTOR ( 'NONE', #792, 39.37007874015748143 ) ;
#2959 = ORIENTED_EDGE ( 'NONE', *, *, #3344, .F. ) ;
#2960 = LINE ( 'NONE', #3959, #799 ) ;
#2961 = DIRECTION ( 'NONE',  ( -1.000000000000000000, 1.272163194318223936E-48, -1.089726903440029871E-32 ) ) ;
#2962 = VECTOR ( 'NONE', #2432, 39.37007874015748143 ) ;
#2963 = SURFACE_STYLE_USAGE ( .BOTH. , #4280 ) ;
#2964 = FACE_OUTER_BOUND ( 'NONE', #874, .T. ) ;
#2965 = DIRECTION ( 'NONE',  ( -1.219403723456549750E-30, -1.262325447800814145E-44, 1.000000000000000000 ) ) ;
#2966 = AXIS2_PLACEMENT_3D ( 'NONE', #1824, #3526, #4189 ) ;
#2967 = ORIENTED_EDGE ( 'NONE', *, *, #413, .F. ) ;
#2968 = LINE ( 'NONE', #1652, #2060 ) ;
#2969 = CARTESIAN_POINT ( 'NONE',  ( 0.04921259842519699890, -0.01377952755905289921, 0.2224409448818900070 ) ) ;
#2970 = VECTOR ( 'NONE', #3555, 39.37007874015748143 ) ;
#2971 = AXIS2_PLACEMENT_3D ( 'NONE', #3921, #3989, #2926 ) ;
#2972 = FACE_OUTER_BOUND ( 'NONE', #699, .T. ) ;
#2973 = COLOUR_RGB ( '',0.9490196078431372140, 0.9490196078431372140, 0.9490196078431372140 ) ;
#2975 = ORIENTED_EDGE ( 'NONE', *, *, #2730, .T. ) ;
#2974 = STYLED_ITEM ( 'NONE', ( #2787 ), #2852 ) ;
#2976 = DIRECTION ( 'NONE',  ( 0.0000000000000000000, -2.508695727351260080E-16, 1.000000000000000000 ) ) ;
#2977 = CARTESIAN_POINT ( 'NONE',  ( -0.09055118110236150264, -0.06692913385826700090, 1.536664496436148184E-16 ) ) ;
#2978 = LINE ( 'NONE', #1998, #1861 ) ;
#2979 = EDGE_CURVE ( 'NONE', #4000, #1836, #3282, .T. ) ;
#2980 = DIRECTION ( 'NONE',  ( -0.0000000000000000000, 1.000000000000000000, 1.167414689223770104E-16 ) ) ;
#2981 = DIRECTION ( 'NONE',  ( 1.000000000000000000, -1.224606353822379970E-16, -0.0000000000000000000 ) ) ;
#2982 = VECTOR ( 'NONE', #3405, 39.37007874015748143 ) ;
#2983 = ORIENTED_EDGE ( 'NONE', *, *, #62, .F. ) ;
#2984 = DIRECTION ( 'NONE',  ( 7.811477214174400623E-31, 4.233543747729280204E-17, -1.000000000000000000 ) ) ;
#2985 = EDGE_CURVE ( 'NONE', #1017, #2040, #2934, .T. ) ;
#2986 = STYLED_ITEM ( 'NONE', ( #2925 ), #1554 ) ;
#2987 = PLANE ( 'NONE',  #2058 ) ;
#2988 = DIRECTION ( 'NONE',  ( 1.035198944794589901E-14, -1.000000000000000000, -1.167414689223770104E-16 ) ) ;
#2989 = CARTESIAN_POINT ( 'NONE',  ( -0.1387795275590550104, -0.04330708661417299876, 0.009842519685039302288 ) ) ;
#2990 = FACE_OUTER_BOUND ( 'NONE', #2199, .T. ) ;
#2991 = DIRECTION ( 'NONE',  ( -1.219403723456549750E-30, -1.262325447800814145E-44, 1.000000000000000000 ) ) ;
#2992 = ORIENTED_EDGE ( 'NONE', *, *, #305, .T. ) ;
#2993 = VERTEX_POINT ( 'NONE', #3557 ) ;
#2994 =( NAMED_UNIT ( * ) SI_UNIT ( $, .STERADIAN. ) SOLID_ANGLE_UNIT ( ) );
#2995 = LINE ( 'NONE', #2557, #2764 ) ;
#2996 =( LENGTH_UNIT ( ) NAMED_UNIT ( * ) SI_UNIT ( $, .METRE. ) );
#2997 = ORIENTED_EDGE ( 'NONE', *, *, #2765, .T. ) ;
#2998 = PLANE ( 'NONE',  #855 ) ;
#2999 = DIRECTION ( 'NONE',  ( -1.000000000000000000, 1.272163194318223936E-48, -1.089726903440029871E-32 ) ) ;
#3000 = FACE_OUTER_BOUND ( 'NONE', #3748, .T. ) ;
#3001 = CARTESIAN_POINT ( 'NONE',  ( 0.1564960629921270108, -0.06692913385826436412, 1.707404996040164512E-16 ) ) ;
#3002 = EDGE_CURVE ( 'NONE', #3818, #811, #1556, .T. ) ;
#3003 = VERTEX_POINT ( 'NONE', #1274 ) ;
#3004 = CARTESIAN_POINT ( 'NONE',  ( -0.04921259842519781769, 0.09842519685039437249, 0.01968503937007848661 ) ) ;
#3005 = CARTESIAN_POINT ( 'NONE',  ( 0.1564960629921253177, 0.06692913385827110873, 0.2598425196850390195 ) ) ;
#3006 = DIRECTION ( 'NONE',  ( 0.0000000000000000000, 2.723258531077519969E-15, 1.000000000000000000 ) ) ;
#3007 = EDGE_CURVE ( 'NONE', #3853, #611, #955, .T. ) ;
#3008 =( NAMED_UNIT ( * ) SI_UNIT ( $, .STERADIAN. ) SOLID_ANGLE_UNIT ( ) );
#3009 = CARTESIAN_POINT ( 'NONE',  ( -0.1545275590551190015, -0.04330708661417310285, 0.009842519685039309227 ) ) ;
#3010 = LENGTH_MEASURE_WITH_UNIT ( LENGTH_MEASURE( 0.02539999999999999897 ), #687 );
#3011 = EDGE_LOOP ( 'NONE', ( #371, #2804, #393, #3082, #1490 ) ) ;
#3012 = CARTESIAN_POINT ( 'NONE',  ( -0.03346456692913556824, 0.1771653543307090406, 0.003937007874015356797 ) ) ;
#3013 = CARTESIAN_POINT ( 'NONE',  ( 0.1564960629921250124, 0.09842519685039639865, -3.841862661523499345E-16 ) ) ;
#3014 = DIRECTION ( 'NONE',  ( 1.000000000000000000, -8.203307088820315813E-18, 3.061515884556316622E-17 ) ) ;
#3015 = PLANE ( 'NONE',  #17 ) ;
#3016 = ORIENTED_EDGE ( 'NONE', *, *, #2222, .F. ) ;
#3017 = PRESENTATION_STYLE_ASSIGNMENT (( #1673 ) ) ;
#3018 = CARTESIAN_POINT ( 'NONE',  ( 0.1013779527559054011, 0.06692913385827066464, 0.01968503937007851437 ) ) ;
#3019 = LINE ( 'NONE', #329, #3183 ) ;
#3020 =( NAMED_UNIT ( * ) SI_UNIT ( $, .STERADIAN. ) SOLID_ANGLE_UNIT ( ) );
#3021 = FACE_OUTER_BOUND ( 'NONE', #1639, .T. ) ;
#3022 = EDGE_LOOP ( 'NONE', ( #434, #670, #3535, #1468 ) ) ;
#3023 = VECTOR ( 'NONE', #275, 39.37007874015748854 ) ;
#3024 = CARTESIAN_POINT ( 'NONE',  ( 0.04921259842519699890, -0.01377952755905289921, 0.01968503937007870172 ) ) ;
#3025 = SURFACE_STYLE_FILL_AREA ( #351 ) ;
#3026 = EDGE_CURVE ( 'NONE', #3832, #715, #2548, .T. ) ;
#3027 = VECTOR ( 'NONE', #1735, 39.37007874015748854 ) ;
#3028 = CARTESIAN_POINT ( 'NONE',  ( 0.05118110236220590331, -0.09842519685039080590, 0.2007874015748039864 ) ) ;
#3029 = CARTESIAN_POINT ( 'NONE',  ( 0.04527559055118145909, -0.02952755905511602122, 0.2224409448818900070 ) ) ;
#3030 = LINE ( 'NONE', #2696, #392 ) ;
#3031 =( GEOMETRIC_REPRESENTATION_CONTEXT ( 3 ) GLOBAL_UNCERTAINTY_ASSIGNED_CONTEXT ( ( #4101 ) ) GLOBAL_UNIT_ASSIGNED_CONTEXT ( ( #126, #1520, #3530 ) ) REPRESENTATION_CONTEXT ( 'NONE', 'WORKASPACE' ) );
#3032 = EDGE_CURVE ( 'NONE', #4027, #2900, #1250, .T. ) ;
#3033 = EDGE_CURVE ( 'NONE', #1464, #2257, #3939, .T. ) ;
#3034 = ORIENTED_EDGE ( 'NONE', *, *, #2702, .T. ) ;
#3035 = PRESENTATION_LAYER_ASSIGNMENT (  '', '', ( #3370 ) ) ;
#3036 = DIRECTION ( 'NONE',  ( 0.0000000000000000000, 1.000000000000000000, 1.167414689223770104E-16 ) ) ;
#3037 = STYLED_ITEM ( 'NONE', ( #3062 ), #1853 ) ;
#3038 = LINE ( 'NONE', #3080, #3923 ) ;
#3039 = AXIS2_PLACEMENT_3D ( 'NONE', #1731, #1116, #2453 ) ;
#3040 = STYLED_ITEM ( 'NONE', ( #1382 ), #2162 ) ;
#3041 = PLANE ( 'NONE',  #439 ) ;
#3042 = ADVANCED_FACE ( 'NONE', ( #1959 ), #293, .T. ) ;
#3043 = ORIENTED_EDGE ( 'NONE', *, *, #2847, .F. ) ;
#3044 = ORIENTED_EDGE ( 'NONE', *, *, #2384, .T. ) ;
#3045 = VECTOR ( 'NONE', #3622, 39.37007874015748143 ) ;
#3046 = PRESENTATION_STYLE_ASSIGNMENT (( #2683 ) ) ;
#3047 = MECHANICAL_DESIGN_GEOMETRIC_PRESENTATION_REPRESENTATION (  '', ( #3793 ), #1080 ) ;
#3048 =( CONVERSION_BASED_UNIT ( 'INCH', #698 ) LENGTH_UNIT ( ) NAMED_UNIT ( #3196 ) );
#3049 = ORIENTED_EDGE ( 'NONE', *, *, #621, .T. ) ;
#3050 = DIRECTION ( 'NONE',  ( 1.000000000000000000, -9.174411140098523755E-46, -3.368909354510710099E-31 ) ) ;
#3051 = ORIENTED_EDGE ( 'NONE', *, *, #3239, .F. ) ;
#3052 = CARTESIAN_POINT ( 'NONE',  ( -0.06496064212378480085, 0.02165354330708759920, 0.06889763779527580123 ) ) ;
#3053 =( GEOMETRIC_REPRESENTATION_CONTEXT ( 3 ) GLOBAL_UNCERTAINTY_ASSIGNED_CONTEXT ( ( #1179 ) ) GLOBAL_UNIT_ASSIGNED_CONTEXT ( ( #1119, #2146, #2858 ) ) REPRESENTATION_CONTEXT ( 'NONE', 'WORKASPACE' ) );
#3054 =( CONVERSION_BASED_UNIT ( 'INCH', #1074 ) LENGTH_UNIT ( ) NAMED_UNIT ( #1198 ) );
#3055 = LINE ( 'NONE', #2043, #1210 ) ;
#3056 = DIRECTION ( 'NONE',  ( 1.429623445970342509E-32, 1.167414689224859965E-16, -1.000000000000000000 ) ) ;
#3057 = CARTESIAN_POINT ( 'NONE',  ( 0.01279527559055190084, -0.06692913385826590456, 0.09251968503937020583 ) ) ;
#3058 = PRESENTATION_LAYER_ASSIGNMENT (  '', '', ( #610 ) ) ;
#3059 = FACE_OUTER_BOUND ( 'NONE', #849, .T. ) ;
#3060 = ORIENTED_EDGE ( 'NONE', *, *, #1261, .T. ) ;
#3061 =( CONVERSION_BASED_UNIT ( 'INCH', #2393 ) LENGTH_UNIT ( ) NAMED_UNIT ( #3462 ) );
#3062 = PRESENTATION_STYLE_ASSIGNMENT (( #10 ) ) ;
#3063 = CARTESIAN_POINT ( 'NONE',  ( 0.1387795275590559263, -0.04330708661417009830, 0.009842519685039302288 ) ) ;
#3064 = ADVANCED_FACE ( 'NONE', ( #1364 ), #1681, .T. ) ;
#3065 = CARTESIAN_POINT ( 'NONE',  ( 0.05856299212598289894, 0.1698187976228970053, 0.001968503937007419925 ) ) ;
#3066 = ORIENTED_EDGE ( 'NONE', *, *, #4298, .F. ) ;
#3067 = VERTEX_POINT ( 'NONE', #317 ) ;
#3068 = EDGE_CURVE ( 'NONE', #1799, #1586, #686, .T. ) ;
#3069 = CARTESIAN_POINT ( 'NONE',  ( 0.1564960629921270108, -0.06692913385826440575, 0.2598425196850390195 ) ) ;
#3070 = ORIENTED_EDGE ( 'NONE', *, *, #2019, .T. ) ;
#3071 = DIRECTION ( 'NONE',  ( -1.000000000000000000, 1.224606353822379970E-16, 0.0000000000000000000 ) ) ;
#3072 = ORIENTED_EDGE ( 'NONE', *, *, #2622, .T. ) ;
#3073 = CARTESIAN_POINT ( 'NONE',  ( -0.1013779527559049987, -0.04330708661417279753, 0.01968503937007873295 ) ) ;
#3074 = PRESENTATION_STYLE_ASSIGNMENT (( #729 ) ) ;
#3075 = UNCERTAINTY_MEASURE_WITH_UNIT (LENGTH_MEASURE( 1.000000000000000082E-05 ), #950, 'distance_accuracy_value', 'NONE');
#3076 = LINE ( 'NONE', #2739, #3947 ) ;
#3077 = LINE ( 'NONE', #1079, #2331 ) ;
#3078 = ORIENTED_EDGE ( 'NONE', *, *, #197, .T. ) ;
#3079 = LINE ( 'NONE', #2095, #1563 ) ;
#3080 = CARTESIAN_POINT ( 'NONE',  ( 0.06496064212378629965, 0.05118110236220729109, 0.09251968503937020583 ) ) ;
#3081 = DIRECTION ( 'NONE',  ( 1.000000000000000000, -1.272163194318223936E-48, 1.089726903440029871E-32 ) ) ;
#3082 = ORIENTED_EDGE ( 'NONE', *, *, #1662, .F. ) ;
#3083 = ADVANCED_FACE ( 'NONE', ( #2695 ), #1403, .T. ) ;
#3084 = ORIENTED_EDGE ( 'NONE', *, *, #1001, .F. ) ;
#3085 = FACE_OUTER_BOUND ( 'NONE', #1278, .T. ) ;
#3086 = EDGE_CURVE ( 'NONE', #756, #2308, #732, .T. ) ;
#3087 = ADVANCED_FACE ( 'NONE', ( #2990 ), #1321, .F. ) ;
#3088 = ORIENTED_EDGE ( 'NONE', *, *, #79, .F. ) ;
#3089 = FILL_AREA_STYLE ('',( #1740 ) ) ;
#3090 = EDGE_LOOP ( 'NONE', ( #3464, #3603, #2256, #2119 ) ) ;
#3091 = DIRECTION ( 'NONE',  ( -1.000000000000000000, 1.224606353822360002E-16, 3.396617326346257808E-32 ) ) ;
#3092 = CARTESIAN_POINT ( 'NONE',  ( 0.04921259842519534050, 0.1624722409150850255, -1.475188128840252252E-16 ) ) ;
#3093 = CARTESIAN_POINT ( 'NONE',  ( -0.02952755905511961557, 0.1624722409150840263, -3.724304899373068373E-16 ) ) ;
#3094 = CARTESIAN_POINT ( 'NONE',  ( 0.04921259842519720012, -0.03346456692913162695, 0.09251968503937020583 ) ) ;
#3095 = VECTOR ( 'NONE', #3772, 39.37007874015748143 ) ;
#3096 = PRESENTATION_LAYER_ASSIGNMENT (  '', '', ( #1617 ) ) ;
#3097 = CARTESIAN_POINT ( 'NONE',  ( -0.01279526948928749741, 0.05118110236220670128, 0.09251968503937020583 ) ) ;
#3098 = ORIENTED_EDGE ( 'NONE', *, *, #427, .F. ) ;
#3099 = CARTESIAN_POINT ( 'NONE',  ( 0.1564960629921266777, -0.06692913385826440575, 0.2598425196850390195 ) ) ;
#3100 = SURFACE_SIDE_STYLE ('',( #3161 ) ) ;
#3101 = VECTOR ( 'NONE', #2073, 39.37007874015748143 ) ;
#3102 = DIRECTION ( 'NONE',  ( 1.000000000000000000, 1.040834085586085992E-14, 0.0000000000000000000 ) ) ;
#3103 = DIRECTION ( 'NONE',  ( -1.219403723456549750E-30, -1.262325447800814145E-44, 1.000000000000000000 ) ) ;
#3104 = VERTEX_POINT ( 'NONE', #3029 ) ;
#3105 = ORIENTED_EDGE ( 'NONE', *, *, #860, .F. ) ;
#3106 = CARTESIAN_POINT ( 'NONE',  ( -0.09055118110236240470, 0.02165354330708759920, 0.06889763779527580123 ) ) ;
#3107 = FILL_AREA_STYLE ('',( #2729 ) ) ;
#3108 = VECTOR ( 'NONE', #596, 39.37007874015748143 ) ;
#3109 = AXIS2_PLACEMENT_3D ( 'NONE', #4279, #2717, #2366 ) ;
#3110 = VECTOR ( 'NONE', #3186, 39.37007874015748143 ) ;
#3111 = ORIENTED_EDGE ( 'NONE', *, *, #1793, .T. ) ;
#3112 = LINE ( 'NONE', #1398, #1577 ) ;
#3113 = VERTEX_POINT ( 'NONE', #1845 ) ;
#3114 = FILL_AREA_STYLE ('',( #3730 ) ) ;
#3115 = EDGE_CURVE ( 'NONE', #2733, #2289, #1181, .T. ) ;
#3116 = COLOUR_RGB ( '',0.9490196078431372140, 0.9490196078431372140, 0.9490196078431372140 ) ;
#3117 = VECTOR ( 'NONE', #982, 39.37007874015748143 ) ;
#3118 = DIRECTION ( 'NONE',  ( 1.000000000000000000, -3.307023052059776589E-47, 7.811477214174400623E-31 ) ) ;
#3119 = LINE ( 'NONE', #92, #224 ) ;
#3120 = PLANE ( 'NONE',  #1006 ) ;
#3121 = ORIENTED_EDGE ( 'NONE', *, *, #1290, .T. ) ;
#3122 = PLANE ( 'NONE',  #244 ) ;
#3123 = VECTOR ( 'NONE', #619, 39.37007874015748143 ) ;
#3124 =( LENGTH_UNIT ( ) NAMED_UNIT ( * ) SI_UNIT ( $, .METRE. ) );
#3125 = CARTESIAN_POINT ( 'NONE',  ( -0.1564960629921256507, -0.04330708661417321387, 0.2598425196850390195 ) ) ;
#3126 = PLANE ( 'NONE',  #3993 ) ;
#3127 = ORIENTED_EDGE ( 'NONE', *, *, #3290, .T. ) ;
#3128 = VERTEX_POINT ( 'NONE', #1747 ) ;
#3129 = PLANE ( 'NONE',  #2263 ) ;
#3130 = PLANE ( 'NONE',  #3318 ) ;
#3131 = LENGTH_MEASURE_WITH_UNIT ( LENGTH_MEASURE( 0.02539999999999999897 ), #2754 );
#3132 = ORIENTED_EDGE ( 'NONE', *, *, #1889, .T. ) ;
#3133 = DIRECTION ( 'NONE',  ( -3.398965425289660775E-33, 4.162394656232306433E-49, -1.000000000000000000 ) ) ;
#3134 = ORIENTED_EDGE ( 'NONE', *, *, #3026, .F. ) ;
#3135 = LINE ( 'NONE', #1092, #3791 ) ;
#3136 = EDGE_CURVE ( 'NONE', #4116, #2602, #490, .T. ) ;
#3137 = DIRECTION ( 'NONE',  ( -0.0000000000000000000, 2.508695727351260080E-16, -1.000000000000000000 ) ) ;
#3138 = CARTESIAN_POINT ( 'NONE',  ( 0.1564960629921260116, 0.04330708661417600330, 0.01968503937007850049 ) ) ;
#3139 = LINE ( 'NONE', #1165, #2471 ) ;
#3140 = ORIENTED_EDGE ( 'NONE', *, *, #1395, .F. ) ;
#3141 = EDGE_CURVE ( 'NONE', #1858, #2010, #3476, .T. ) ;
#3142 = EDGE_CURVE ( 'NONE', #321, #3463, #2828, .T. ) ;
#3143 = CARTESIAN_POINT ( 'NONE',  ( 0.04921259842519720012, -0.03346456692913159919, -0.01799632996797429982 ) ) ;
#3144 =( CONVERSION_BASED_UNIT ( 'INCH', #2144 ) LENGTH_UNIT ( ) NAMED_UNIT ( #1568 ) );
#3145 = DIRECTION ( 'NONE',  ( 1.035198944794590058E-14, -1.000000000000000000, -1.167414689223759997E-16 ) ) ;
#3146 = LINE ( 'NONE', #210, #2537 ) ;
#3147 = ORIENTED_EDGE ( 'NONE', *, *, #4167, .T. ) ;
#3148 = VERTEX_POINT ( 'NONE', #1820 ) ;
#3149 = ORIENTED_EDGE ( 'NONE', *, *, #1225, .F. ) ;
#3150 = CARTESIAN_POINT ( 'NONE',  ( -0.05118110236220380083, -0.09842519685039040345, 0.1003937007874019932 ) ) ;
#3151 = VERTEX_POINT ( 'NONE', #754 ) ;
#3152 = DIRECTION ( 'NONE',  ( 0.0000000000000000000, -1.000000000000000000, 2.723258531077630015E-15 ) ) ;
#3153 = DIRECTION ( 'NONE',  ( -0.0000000000000000000, -1.000000000000000000, -1.167414689223770104E-16 ) ) ;
#3154 = LINE ( 'NONE', #91, #30 ) ;
#3155 = UNCERTAINTY_MEASURE_WITH_UNIT (LENGTH_MEASURE( 1.000000000000000082E-05 ), #1311, 'distance_accuracy_value', 'NONE');
#3156 = CARTESIAN_POINT ( 'NONE',  ( 0.1210629921259839953, 0.04330708661417576738, 0.2598425196850390195 ) ) ;
#3157 = EDGE_CURVE ( 'NONE', #3957, #1017, #3119, .T. ) ;
#3158 = CARTESIAN_POINT ( 'NONE',  ( -0.1564960629921250124, -0.09842519685039287369, 1.404163617222391182E-16 ) ) ;
#3159 = AXIS2_PLACEMENT_3D ( 'NONE', #2167, #3779, #3756 ) ;
#3160 = VERTEX_POINT ( 'NONE', #3156 ) ;
#3161 = SURFACE_STYLE_FILL_AREA ( #1369 ) ;
#3162 = DIRECTION ( 'NONE',  ( -1.000000000000000000, 1.224606353822379970E-16, 0.0000000000000000000 ) ) ;
#3163 = CARTESIAN_POINT ( 'NONE',  ( 0.07086614173228460156, -0.09842519685039040345, 0.2007874015748039864 ) ) ;
#3164 = EDGE_CURVE ( 'NONE', #2155, #4250, #1428, .T. ) ;
#3165 = EDGE_CURVE ( 'NONE', #3782, #3767, #1800, .T. ) ;
#3166 = SURFACE_STYLE_USAGE ( .BOTH. , #1828 ) ;
#3167 = DIMENSIONAL_EXPONENTS ( 1.000000000000000000, 0.0000000000000000000, 0.0000000000000000000, 0.0000000000000000000, 0.0000000000000000000, 0.0000000000000000000, 0.0000000000000000000 ) ;
#3168 = ORIENTED_EDGE ( 'NONE', *, *, #2985, .T. ) ;
#3169 = COLOUR_RGB ( '',0.9490196078431372140, 0.9490196078431372140, 0.9490196078431372140 ) ;
#3170 = ORIENTED_EDGE ( 'NONE', *, *, #1865, .T. ) ;
#3171 = LENGTH_MEASURE_WITH_UNIT ( LENGTH_MEASURE( 0.02539999999999999897 ), #3438 );
#3172 = EDGE_CURVE ( 'NONE', #3385, #321, #420, .T. ) ;
#3173 = COLOUR_RGB ( '',0.9490196078431372140, 0.9490196078431372140, 0.9490196078431372140 ) ;
#3174 = ORIENTED_EDGE ( 'NONE', *, *, #1637, .T. ) ;
#3175 = CARTESIAN_POINT ( 'NONE',  ( 0.05118110236220590331, -0.06692913385826440575, 0.1003937007874019932 ) ) ;
#3176 = VECTOR ( 'NONE', #859, 39.37007874015748143 ) ;
#3177 = VECTOR ( 'NONE', #3500, 39.37007874015748143 ) ;
#3178 = ORIENTED_EDGE ( 'NONE', *, *, #3398, .T. ) ;
#3179 = EDGE_LOOP ( 'NONE', ( #2914, #1063, #4194, #303, #4015, #3105 ) ) ;
#3180 = CARTESIAN_POINT ( 'NONE',  ( 0.09055118110236290430, -0.06692913385826509964, 1.536664496436148184E-16 ) ) ;
#3181 = VECTOR ( 'NONE', #273, 39.37007874015748143 ) ;
#3182 = FACE_OUTER_BOUND ( 'NONE', #3470, .T. ) ;
#3183 = VECTOR ( 'NONE', #286, 39.37007874015748143 ) ;
#3184 = VECTOR ( 'NONE', #674, 39.37007874015748143 ) ;
#3185 = VERTEX_POINT ( 'NONE', #3805 ) ;
#3186 = DIRECTION ( 'NONE',  ( 3.111844268123129878E-30, -2.773640129943030061E-16, 1.000000000000000000 ) ) ;
#3187 = PLANE ( 'NONE',  #2943 ) ;
#3188 = SURFACE_SIDE_STYLE ('',( #3484 ) ) ;
#3189 = FACE_OUTER_BOUND ( 'NONE', #2094, .T. ) ;
#3190 = ORIENTED_EDGE ( 'NONE', *, *, #2337, .T. ) ;
#3191 = ORIENTED_EDGE ( 'NONE', *, *, #628, .F. ) ;
#3192 = DIRECTION ( 'NONE',  ( 7.319961937414099333E-15, -0.7071067811865440200, -0.7071067811865510144 ) ) ;
#3193 = EDGE_CURVE ( 'NONE', #1858, #2209, #509, .T. ) ;
#3194 = ORIENTED_EDGE ( 'NONE', *, *, #3269, .F. ) ;
#3195 = LINE ( 'NONE', #199, #2490 ) ;
#3196 = DIMENSIONAL_EXPONENTS ( 1.000000000000000000, 0.0000000000000000000, 0.0000000000000000000, 0.0000000000000000000, 0.0000000000000000000, 0.0000000000000000000, 0.0000000000000000000 ) ;
#3197 = ORIENTED_EDGE ( 'NONE', *, *, #889, .T. ) ;
#3198 = DIRECTION ( 'NONE',  ( 0.0000000000000000000, -2.508695727351260080E-16, 1.000000000000000000 ) ) ;
#3199 = UNCERTAINTY_MEASURE_WITH_UNIT (LENGTH_MEASURE( 1.000000000000000082E-05 ), #2252, 'distance_accuracy_value', 'NONE');
#3200 = EDGE_LOOP ( 'NONE', ( #2063, #809, #3973, #1903 ) ) ;
#3201 = FACE_OUTER_BOUND ( 'NONE', #1004, .T. ) ;
#3202 = ORIENTED_EDGE ( 'NONE', *, *, #813, .T. ) ;
#3203 = LINE ( 'NONE', #2165, #3375 ) ;
#3204 = DIRECTION ( 'NONE',  ( 1.219403723456549750E-30, 1.262325447800814145E-44, -1.000000000000000000 ) ) ;
#3205 =( NAMED_UNIT ( * ) SI_UNIT ( $, .STERADIAN. ) SOLID_ANGLE_UNIT ( ) );
#3206 = DIRECTION ( 'NONE',  ( 0.0000000000000000000, -1.000000000000000000, -1.167414689223770104E-16 ) ) ;
#3207 = LINE ( 'NONE', #2438, #3234 ) ;
#3208 = EDGE_LOOP ( 'NONE', ( #3286, #2880, #3868, #416 ) ) ;
#3209 = ORIENTED_EDGE ( 'NONE', *, *, #4235, .F. ) ;
#3210 = SURFACE_SIDE_STYLE ('',( #3834 ) ) ;
#3211 = EDGE_CURVE ( 'NONE', #3767, #1513, #4102, .T. ) ;
#3212 = ORIENTED_EDGE ( 'NONE', *, *, #1454, .F. ) ;
#3213 = DIRECTION ( 'NONE',  ( 1.000000000000000000, -1.224606353822379970E-16, -3.398965425289660775E-33 ) ) ;
#3214 =( NAMED_UNIT ( * ) SI_UNIT ( $, .STERADIAN. ) SOLID_ANGLE_UNIT ( ) );
#3215 = EDGE_CURVE ( 'NONE', #921, #4032, #2480, .T. ) ;
#3216 = CARTESIAN_POINT ( 'NONE',  ( -0.02952755905511770043, -0.03149606299212470012, 0.2150943881740769725 ) ) ;
#3217 = ORIENTED_EDGE ( 'NONE', *, *, #3802, .T. ) ;
#3218 = PLANE ( 'NONE',  #1757 ) ;
#3219 = DIMENSIONAL_EXPONENTS ( 1.000000000000000000, 0.0000000000000000000, 0.0000000000000000000, 0.0000000000000000000, 0.0000000000000000000, 0.0000000000000000000, 0.0000000000000000000 ) ;
#3220 =( LENGTH_UNIT ( ) NAMED_UNIT ( * ) SI_UNIT ( $, .METRE. ) );
#3221 = VERTEX_POINT ( 'NONE', #4084 ) ;
#3222 = DIRECTION ( 'NONE',  ( -0.0000000000000000000, -1.000000000000000000, -0.0000000000000000000 ) ) ;
#3223 = CARTESIAN_POINT ( 'NONE',  ( 0.03346456692913407638, -0.01771653543306870096, 0.2224409448818899515 ) ) ;
#3224 = SURFACE_STYLE_FILL_AREA ( #3266 ) ;
#3225 = CARTESIAN_POINT ( 'NONE',  ( -0.1210629921259849945, 0.04330708661417310285, 0.2598425196850390195 ) ) ;
#3226 = ORIENTED_EDGE ( 'NONE', *, *, #173, .F. ) ;
#3227 =( LENGTH_UNIT ( ) NAMED_UNIT ( * ) SI_UNIT ( $, .METRE. ) );
#3228 = MECHANICAL_DESIGN_GEOMETRIC_PRESENTATION_REPRESENTATION (  '', ( #575 ), #506 ) ;
#3229 = DIRECTION ( 'NONE',  ( -1.035198944794589901E-14, 1.000000000000000000, 0.0000000000000000000 ) ) ;
#3230 = SURFACE_STYLE_FILL_AREA ( #1902 ) ;
#3231 = PRESENTATION_LAYER_ASSIGNMENT (  '', '', ( #1835 ) ) ;
#3232 = VERTEX_POINT ( 'NONE', #1775 ) ;
#3233 = LINE ( 'NONE', #3566, #3954 ) ;
#3234 = VECTOR ( 'NONE', #1809, 39.37007874015748143 ) ;
#3235 =( NAMED_UNIT ( * ) PLANE_ANGLE_UNIT ( ) SI_UNIT ( $, .RADIAN. ) );
#3236 = CARTESIAN_POINT ( 'NONE',  ( 0.004921259842519006694, 0.07086614173228418523, 0.2598425196850390195 ) ) ;
#3237 = AXIS2_PLACEMENT_3D ( 'NONE', #4300, #1678, #3303 ) ;
#3238 = FACE_OUTER_BOUND ( 'NONE', #817, .T. ) ;
#3239 = EDGE_CURVE ( 'NONE', #1461, #590, #1096, .T. ) ;
#3240 = UNCERTAINTY_MEASURE_WITH_UNIT (LENGTH_MEASURE( 1.000000000000000082E-05 ), #332, 'distance_accuracy_value', 'NONE');
#3241 = VERTEX_POINT ( 'NONE', #818 ) ;
#3242 = COLOUR_RGB ( '',0.9490196078431372140, 0.9490196078431372140, 0.9490196078431372140 ) ;
#3243 = PLANE ( 'NONE',  #2746 ) ;
#3244 = AXIS2_PLACEMENT_3D ( 'NONE', #291, #2988, #4301 ) ;
#3245 =( NAMED_UNIT ( * ) PLANE_ANGLE_UNIT ( ) SI_UNIT ( $, .RADIAN. ) );
#3246 = DIRECTION ( 'NONE',  ( 1.000000000000000000, -1.142573282934182975E-16, 3.061515884555914180E-17 ) ) ;
#3247 = EDGE_CURVE ( 'NONE', #978, #2010, #2430, .T. ) ;
#3248 = DIRECTION ( 'NONE',  ( 1.035198944794589901E-14, -1.000000000000000000, -0.0000000000000000000 ) ) ;
#3249 = AXIS2_PLACEMENT_3D ( 'NONE', #1632, #913, #592 ) ;
#3250 = ORIENTED_EDGE ( 'NONE', *, *, #3270, .T. ) ;
#3251 = EDGE_LOOP ( 'NONE', ( #1618, #1380, #964, #2597, #342, #659 ) ) ;
#3252 = CARTESIAN_POINT ( 'NONE',  ( -0.04527559055118088316, -0.01771653543306959955, 0.2224409448818900070 ) ) ;
#3253 = CARTESIAN_POINT ( 'NONE',  ( 0.09055118110236290430, -0.06692913385826440575, 0.09251968503937020583 ) ) ;
#3254 =( NAMED_UNIT ( * ) SI_UNIT ( $, .STERADIAN. ) SOLID_ANGLE_UNIT ( ) );
#3255 = VERTEX_POINT ( 'NONE', #3425 ) ;
#3256 = SURFACE_STYLE_FILL_AREA ( #651 ) ;
#3257 = CARTESIAN_POINT ( 'NONE',  ( -0.1309055118110230009, 0.04330708661417310285, 1.190103851005871356E-17 ) ) ;
#3258 = CARTESIAN_POINT ( 'NONE',  ( -0.1210629921259847586, 0.04330708661417299182, 0.2598425196850390195 ) ) ;
#3259 = COLOUR_RGB ( '',0.9490196078431372140, 0.9490196078431372140, 0.9490196078431372140 ) ;
#3260 =( NAMED_UNIT ( * ) SI_UNIT ( $, .STERADIAN. ) SOLID_ANGLE_UNIT ( ) );
#3261 = VERTEX_POINT ( 'NONE', #441 ) ;
#3262 =( CONVERSION_BASED_UNIT ( 'INCH', #2518 ) LENGTH_UNIT ( ) NAMED_UNIT ( #510 ) );
#3263 = EDGE_CURVE ( 'NONE', #296, #4252, #1469, .T. ) ;
#3264 = ORIENTED_EDGE ( 'NONE', *, *, #1125, .T. ) ;
#3265 = SURFACE_STYLE_USAGE ( .BOTH. , #1939 ) ;
#3266 = FILL_AREA_STYLE ('',( #1895 ) ) ;
#3267 = DIRECTION ( 'NONE',  ( 1.000000000000000000, 1.035198944794589901E-14, 0.0000000000000000000 ) ) ;
#3268 = DIRECTION ( 'NONE',  ( 0.0000000000000000000, 1.000000000000000000, 1.167414689223770104E-16 ) ) ;
#3269 = EDGE_CURVE ( 'NONE', #1672, #542, #838, .T. ) ;
#3270 = EDGE_CURVE ( 'NONE', #2862, #2363, #790, .T. ) ;
#3271 = LINE ( 'NONE', #280, #27 ) ;
#3272 = CARTESIAN_POINT ( 'NONE',  ( 0.1564960629921260116, 0.04330708661417597555, 0.2598425196850390195 ) ) ;
#3273 = PLANE ( 'NONE',  #4211 ) ;
#3274 = CARTESIAN_POINT ( 'NONE',  ( -0.02952755905511770043, -0.03346456692913252901, 0.09251968503937020583 ) ) ;
#3275 = EDGE_LOOP ( 'NONE', ( #1476, #3635, #2277, #3744 ) ) ;
#3276 =( NAMED_UNIT ( * ) SI_UNIT ( $, .STERADIAN. ) SOLID_ANGLE_UNIT ( ) );
#3277 = LINE ( 'NONE', #1435, #1705 ) ;
#3278 = LINE ( 'NONE', #287, #1491 ) ;
#3279 = VERTEX_POINT ( 'NONE', #2853 ) ;
#3280 = ORIENTED_EDGE ( 'NONE', *, *, #2098, .F. ) ;
#3281 = CARTESIAN_POINT ( 'NONE',  ( -0.09055118110236121121, -0.09842519685039037569, 0.2598425196850390195 ) ) ;
#3282 = LINE ( 'NONE', #227, #2810 ) ;
#3283 = LINE ( 'NONE', #2298, #1866 ) ;
#3284 = EDGE_CURVE ( 'NONE', #1891, #1526, #3454, .T. ) ;
#3285 = PLANE ( 'NONE',  #2744 ) ;
#3286 = ORIENTED_EDGE ( 'NONE', *, *, #3317, .T. ) ;
#3287 = CARTESIAN_POINT ( 'NONE',  ( -0.01279526948928750262, 0.02165354330708759920, 0.06889763779527580123 ) ) ;
#3288 = LINE ( 'NONE', #237, #1424 ) ;
#3289 = EDGE_CURVE ( 'NONE', #1500, #253, #229, .T. ) ;
#3290 = EDGE_CURVE ( 'NONE', #3965, #2241, #3553, .T. ) ;
#3291 = DIRECTION ( 'NONE',  ( -1.000000000000000000, -1.046779716346621452E-14, 2.804837796483562622E-15 ) ) ;
#3292 = ORIENTED_EDGE ( 'NONE', *, *, #4246, .T. ) ;
#3293 =( NAMED_UNIT ( * ) SI_UNIT ( $, .STERADIAN. ) SOLID_ANGLE_UNIT ( ) );
#3294 = DIRECTION ( 'NONE',  ( 0.0000000000000000000, -6.123031769111889989E-17, -1.000000000000000000 ) ) ;
#3295 = EDGE_CURVE ( 'NONE', #14, #3437, #3604, .T. ) ;
#3296 = CARTESIAN_POINT ( 'NONE',  ( -0.02952755905511790166, -0.01377952755905376310, 0.2077478314662639658 ) ) ;
#3297 = CARTESIAN_POINT ( 'NONE',  ( -0.09055118110236150264, -0.06692913385826619599, 0.09251968503937020583 ) ) ;
#3298 = FILL_AREA_STYLE_COLOUR ( '', #2005 ) ;
#3299 = AXIS2_PLACEMENT_3D ( 'NONE', #2698, #2741, #6 ) ;
#3300 = ORIENTED_EDGE ( 'NONE', *, *, #3344, .T. ) ;
#3301 = DIRECTION ( 'NONE',  ( 1.244717994301509988E-30, 1.315521273338831465E-44, -1.000000000000000000 ) ) ;
#3302 = PRESENTATION_LAYER_ASSIGNMENT (  '', '', ( #1919 ) ) ;
#3303 = DIRECTION ( 'NONE',  ( -1.000000000000000000, 1.224606353822379970E-16, 0.0000000000000000000 ) ) ;
#3304 = FILL_AREA_STYLE ('',( #4277 ) ) ;
#3305 = CARTESIAN_POINT ( 'NONE',  ( 0.1564960629921270108, -0.09842519685039040345, 0.2598425196850390195 ) ) ;
#3306 =( GEOMETRIC_REPRESENTATION_CONTEXT ( 3 ) GLOBAL_UNCERTAINTY_ASSIGNED_CONTEXT ( ( #137 ) ) GLOBAL_UNIT_ASSIGNED_CONTEXT ( ( #2442, #2816, #214 ) ) REPRESENTATION_CONTEXT ( 'NONE', 'WORKASPACE' ) );
#3307 =( GEOMETRIC_REPRESENTATION_CONTEXT ( 3 ) GLOBAL_UNCERTAINTY_ASSIGNED_CONTEXT ( ( #4227 ) ) GLOBAL_UNIT_ASSIGNED_CONTEXT ( ( #3938, #2547, #1186 ) ) REPRESENTATION_CONTEXT ( 'NONE', 'WORKASPACE' ) );
#3308 = DIRECTION ( 'NONE',  ( -1.089726903440029871E-32, -1.167414689223770104E-16, 1.000000000000000000 ) ) ;
#3309 =( CONVERSION_BASED_UNIT ( 'INCH', #4236 ) LENGTH_UNIT ( ) NAMED_UNIT ( #232 ) );
#3310 = MANIFOLD_SOLID_BREP ( 'Part_88323', #2343 ) ;
#3311 = ORIENTED_EDGE ( 'NONE', *, *, #2892, .F. ) ;
#3312 = ORIENTED_EDGE ( 'NONE', *, *, #413, .T. ) ;
#3313 = LINE ( 'NONE', #1019, #2205 ) ;
#3314 = DIRECTION ( 'NONE',  ( 1.000000000000000000, -1.224606353822670123E-16, 3.334919700259322514E-31 ) ) ;
#3315 = STYLED_ITEM ( 'NONE', ( #617 ), #2465 ) ;
#3316 = CARTESIAN_POINT ( 'NONE',  ( 0.02952755905511649653, 0.09842519685039639865, -3.841862661523498852E-16 ) ) ;
#3317 = EDGE_CURVE ( 'NONE', #1949, #2171, #1534, .T. ) ;
#3319 = ORIENTED_EDGE ( 'NONE', *, *, #2044, .F. ) ;
#3318 = AXIS2_PLACEMENT_3D ( 'NONE', #781, #2532, #150 ) ;
#3320 = FILL_AREA_STYLE ('',( #242 ) ) ;
#3321 = DIRECTION ( 'NONE',  ( 1.000000000000000000, 1.035198944794589901E-14, 0.0000000000000000000 ) ) ;
#3322 = EDGE_CURVE ( 'NONE', #45, #482, #540, .T. ) ;
#3323 = LINE ( 'NONE', #3001, #1226 ) ;
#3324 = EDGE_LOOP ( 'NONE', ( #637, #2362, #1899, #60, #1944, #4243 ) ) ;
#3325 = LINE ( 'NONE', #3705, #1144 ) ;
#3326 =( GEOMETRIC_REPRESENTATION_CONTEXT ( 3 ) GLOBAL_UNCERTAINTY_ASSIGNED_CONTEXT ( ( #2502 ) ) GLOBAL_UNIT_ASSIGNED_CONTEXT ( ( #3662, #1044, #4072 ) ) REPRESENTATION_CONTEXT ( 'NONE', 'WORKASPACE' ) );
#3327 =( NAMED_UNIT ( * ) SI_UNIT ( $, .STERADIAN. ) SOLID_ANGLE_UNIT ( ) );
#3328 = LINE ( 'NONE', #2603, #2970 ) ;
#3329 = FACE_OUTER_BOUND ( 'NONE', #2929, .T. ) ;
#3330 = DIRECTION ( 'NONE',  ( 1.224606353822379970E-16, 1.000000000000000000, 4.233543747740260162E-17 ) ) ;
#3331 = FILL_AREA_STYLE_COLOUR ( '', #183 ) ;
#3332 = ORIENTED_EDGE ( 'NONE', *, *, #4111, .F. ) ;
#3333 = CARTESIAN_POINT ( 'NONE',  ( 0.04724409448818919777, -0.01377952755905289921, 0.2150943881740769725 ) ) ;
#3334 = DIRECTION ( 'NONE',  ( 1.035198944794590058E-14, -1.000000000000000000, -1.167414689223779965E-16 ) ) ;
#3335 = CARTESIAN_POINT ( 'NONE',  ( 0.04921259842519699890, -0.01377952755905289921, 0.2077478314662649928 ) ) ;
#3336 = ORIENTED_EDGE ( 'NONE', *, *, #3295, .F. ) ;
#3337 =( CONVERSION_BASED_UNIT ( 'INCH', #3681 ) LENGTH_UNIT ( ) NAMED_UNIT ( #1791 ) );
#3338 = ADVANCED_FACE ( 'NONE', ( #1616 ), #3218, .F. ) ;
#3339 =( CONVERSION_BASED_UNIT ( 'INCH', #721 ) LENGTH_UNIT ( ) NAMED_UNIT ( #2860 ) );
#3340 =( NAMED_UNIT ( * ) PLANE_ANGLE_UNIT ( ) SI_UNIT ( $, .RADIAN. ) );
#3341 = ORIENTED_EDGE ( 'NONE', *, *, #2595, .T. ) ;
#3342 = PLANE ( 'NONE',  #3935 ) ;
#3343 = EDGE_CURVE ( 'NONE', #4116, #1464, #4242, .T. ) ;
#3344 = EDGE_CURVE ( 'NONE', #3437, #3151, #614, .T. ) ;
#3345 = FILL_AREA_STYLE_COLOUR ( '', #3643 ) ;
#3346 = SURFACE_SIDE_STYLE ('',( #3976 ) ) ;
#3347 = ORIENTED_EDGE ( 'NONE', *, *, #3399, .F. ) ;
#3348 =( NAMED_UNIT ( * ) PLANE_ANGLE_UNIT ( ) SI_UNIT ( $, .RADIAN. ) );
#3349 = LINE ( 'NONE', #1039, #2472 ) ;
#3350 = DIRECTION ( 'NONE',  ( 3.169514471227811007E-17, 0.2588190451025201844, 0.9659258262890684232 ) ) ;
#3351 = DIRECTION ( 'NONE',  ( -1.429623445970342509E-32, -1.167414689224859965E-16, 1.000000000000000000 ) ) ;
#3352 = EDGE_LOOP ( 'NONE', ( #682, #1367, #3202, #2997 ) ) ;
#3353 = ORIENTED_EDGE ( 'NONE', *, *, #2730, .F. ) ;
#3354 = CARTESIAN_POINT ( 'NONE',  ( -0.09055118110236236306, -0.001968503937005750253, 0.2598425196850390195 ) ) ;
#3355 =( LENGTH_UNIT ( ) NAMED_UNIT ( * ) SI_UNIT ( $, .METRE. ) );
#3356 = VERTEX_POINT ( 'NONE', #589 ) ;
#3357 = CARTESIAN_POINT ( 'NONE',  ( 0.1564960629921270108, -0.09842519685039040345, 0.2007874015748039864 ) ) ;
#3358 = ORIENTED_EDGE ( 'NONE', *, *, #2385, .F. ) ;
#3359 = VECTOR ( 'NONE', #1941, 39.37007874015748143 ) ;
#3360 = CARTESIAN_POINT ( 'NONE',  ( 0.04724409448818730345, 0.1698187976228980045, -0.004076905141467470142 ) ) ;
#3361 = PRESENTATION_STYLE_ASSIGNMENT (( #3688 ) ) ;
#3362 = EDGE_CURVE ( 'NONE', #482, #169, #909, .T. ) ;
#3363 = CARTESIAN_POINT ( 'NONE',  ( 0.1564960629921270108, -0.09842519685039038957, 0.09251968503937020583 ) ) ;
#3364 =( CONVERSION_BASED_UNIT ( 'INCH', #2045 ) LENGTH_UNIT ( ) NAMED_UNIT ( #2797 ) );
#3365 = FACE_OUTER_BOUND ( 'NONE', #194, .T. ) ;
#3366 = VECTOR ( 'NONE', #3811, 39.37007874015748143 ) ;
#3367 = LINE ( 'NONE', #3737, #2599 ) ;
#3368 = ORIENTED_EDGE ( 'NONE', *, *, #3901, .T. ) ;
#3369 = EDGE_CURVE ( 'NONE', #4231, #2993, #2340, .T. ) ;
#3370 = STYLED_ITEM ( 'NONE', ( #2230 ), #4003 ) ;
#3371 = DIRECTION ( 'NONE',  ( -1.035198944794589901E-14, 1.000000000000000000, -0.0000000000000000000 ) ) ;
#3372 = DIRECTION ( 'NONE',  ( 3.368909354510710099E-31, 2.723258531077630015E-15, 1.000000000000000000 ) ) ;
#3373 = LINE ( 'NONE', #3657, #3184 ) ;
#3374 = VECTOR ( 'NONE', #2800, 39.37007874015748143 ) ;
#3375 = VECTOR ( 'NONE', #3222, 39.37007874015748143 ) ;
#3376 = CARTESIAN_POINT ( 'NONE',  ( -0.1564960629921255952, -0.04330708661417319999, 0.2598425196850390195 ) ) ;
#3377 = EDGE_LOOP ( 'NONE', ( #485, #548, #4257, #3212 ) ) ;
#3378 = ORIENTED_EDGE ( 'NONE', *, *, #3369, .F. ) ;
#3379 = DIRECTION ( 'NONE',  ( 1.000000000000000000, 1.035198944794589901E-14, 0.0000000000000000000 ) ) ;
#3380 = PRESENTATION_LAYER_ASSIGNMENT (  '', '', ( #941 ) ) ;
#3381 = VECTOR ( 'NONE', #3118, 39.37007874015748143 ) ;
#3382 = PRESENTATION_LAYER_ASSIGNMENT (  '', '', ( #601 ) ) ;
#3383 = PRESENTATION_LAYER_ASSIGNMENT (  '', '', ( #1771 ) ) ;
#3384 = ORIENTED_EDGE ( 'NONE', *, *, #2757, .T. ) ;
#3385 = VERTEX_POINT ( 'NONE', #1258 ) ;
#3386 = LINE ( 'NONE', #2383, #1361 ) ;
#3387 = AXIS2_PLACEMENT_3D ( 'NONE', #3665, #679, #345 ) ;
#3388 = MECHANICAL_DESIGN_GEOMETRIC_PRESENTATION_REPRESENTATION (  '', ( #1936 ), #2625 ) ;
#3389 = CARTESIAN_POINT ( 'NONE',  ( -0.1545275590551180023, 0.04330708661417331101, 0.009842519685039319635 ) ) ;
#3390 = PRESENTATION_STYLE_ASSIGNMENT (( #51 ) ) ;
#3391 = LINE ( 'NONE', #3057, #2148 ) ;
#3392 = ADVANCED_FACE ( 'NONE', ( #1609 ), #1590, .F. ) ;
#3393 = CARTESIAN_POINT ( 'NONE',  ( -0.1387795275590550104, -0.04330708661417299876, 0.01771653543307079998 ) ) ;
#3394 = ORIENTED_EDGE ( 'NONE', *, *, #2946, .F. ) ;
#3395 = DIRECTION ( 'NONE',  ( 1.219403723456549750E-30, 1.262325447800814145E-44, -1.000000000000000000 ) ) ;
#3396 = DIRECTION ( 'NONE',  ( -1.219403723456549750E-30, -1.262325447800814145E-44, 1.000000000000000000 ) ) ;
#3397 =( LENGTH_UNIT ( ) NAMED_UNIT ( * ) SI_UNIT ( $, .METRE. ) );
#3398 = EDGE_CURVE ( 'NONE', #3457, #1631, #1002, .T. ) ;
#3399 = EDGE_CURVE ( 'NONE', #2101, #2733, #3595, .T. ) ;
#3400 = CARTESIAN_POINT ( 'NONE',  ( 0.1309055118110230287, 0.04330708661417605881, 0.01968503937007852825 ) ) ;
#3401 = VERTEX_POINT ( 'NONE', #301 ) ;
#3402 = EDGE_LOOP ( 'NONE', ( #95, #405, #3347, #3851 ) ) ;
#3403 =( NAMED_UNIT ( * ) PLANE_ANGLE_UNIT ( ) SI_UNIT ( $, .RADIAN. ) );
#3404 = ORIENTED_EDGE ( 'NONE', *, *, #2074, .F. ) ;
#3405 = DIRECTION ( 'NONE',  ( -0.0000000000000000000, -1.000000000000000000, 2.723258531077630015E-15 ) ) ;
#3406 = ORIENTED_EDGE ( 'NONE', *, *, #1078, .T. ) ;
#3407 = DIRECTION ( 'NONE',  ( -1.000000000000000000, 1.272163194318223936E-48, -1.089726903440029871E-32 ) ) ;
#3408 = DIRECTION ( 'NONE',  ( -1.000000000000000000, 3.307023052059776589E-47, -7.811477214174400623E-31 ) ) ;
#3409 = CARTESIAN_POINT ( 'NONE',  ( 0.02952755905511850881, -0.03346456692913189757, -0.01799632996797429982 ) ) ;
#3410 = LINE ( 'NONE', #1405, #1279 ) ;
#3411 = ORIENTED_EDGE ( 'NONE', *, *, #2841, .T. ) ;
#3412 =( NAMED_UNIT ( * ) SI_UNIT ( $, .STERADIAN. ) SOLID_ANGLE_UNIT ( ) );
#3413 = LINE ( 'NONE', #1751, #2059 ) ;
#3414 = CARTESIAN_POINT ( 'NONE',  ( -0.03444881889763860144, 0.1698187976228970053, 0.01771653543307059875 ) ) ;
#3415 = FACE_OUTER_BOUND ( 'NONE', #3090, .T. ) ;
#3416 = VERTEX_POINT ( 'NONE', #3633 ) ;
#3417 = ORIENTED_EDGE ( 'NONE', *, *, #566, .T. ) ;
#3418 = LINE ( 'NONE', #694, #4052 ) ;
#3419 =( NAMED_UNIT ( * ) PLANE_ANGLE_UNIT ( ) SI_UNIT ( $, .RADIAN. ) );
#3420 = ORIENTED_EDGE ( 'NONE', *, *, #2595, .F. ) ;
#3421 = EDGE_CURVE ( 'NONE', #1500, #31, #2656, .T. ) ;
#3422 = ORIENTED_EDGE ( 'NONE', *, *, #193, .T. ) ;
#3423 = FACE_OUTER_BOUND ( 'NONE', #741, .T. ) ;
#3424 = CARTESIAN_POINT ( 'NONE',  ( 0.04921259842519699890, 0.1624722409150849978, 0.01968503937007871213 ) ) ;
#3425 = CARTESIAN_POINT ( 'NONE',  ( -0.1564960629921259005, -0.04330708661417312366, 0.01968503937007873295 ) ) ;
#3426 = DIMENSIONAL_EXPONENTS ( 1.000000000000000000, 0.0000000000000000000, 0.0000000000000000000, 0.0000000000000000000, 0.0000000000000000000, 0.0000000000000000000, 0.0000000000000000000 ) ;
#3427 = PRESENTATION_LAYER_ASSIGNMENT (  '', '', ( #300 ) ) ;
#3428 = DIRECTION ( 'NONE',  ( -1.000000000000000000, -0.0000000000000000000, 0.0000000000000000000 ) ) ;
#3429 = ORIENTED_EDGE ( 'NONE', *, *, #3211, .T. ) ;
#3430 = SURFACE_STYLE_USAGE ( .BOTH. , #1082 ) ;
#3431 = LINE ( 'NONE', #1805, #1488 ) ;
#3432 = VECTOR ( 'NONE', #70, 39.37007874015748143 ) ;
#3433 = FACE_OUTER_BOUND ( 'NONE', #2911, .T. ) ;
#3434 = FACE_OUTER_BOUND ( 'NONE', #410, .T. ) ;
#3435 = DIRECTION ( 'NONE',  ( 1.224606353822379970E-16, 1.000000000000000000, 0.0000000000000000000 ) ) ;
#3436 = ORIENTED_EDGE ( 'NONE', *, *, #3474, .F. ) ;
#3437 = VERTEX_POINT ( 'NONE', #2303 ) ;
#3438 =( LENGTH_UNIT ( ) NAMED_UNIT ( * ) SI_UNIT ( $, .METRE. ) );
#3439 = VECTOR ( 'NONE', #3839, 39.37007874015748143 ) ;
#3440 = VECTOR ( 'NONE', #1654, 39.37007874015748143 ) ;
#3441 = VECTOR ( 'NONE', #161, 39.37007874015748143 ) ;
#3442 = ADVANCED_FACE ( 'NONE', ( #2972 ), #284, .T. ) ;
#3443 = VECTOR ( 'NONE', #1343, 39.37007874015748143 ) ;
#3444 = ORIENTED_EDGE ( 'NONE', *, *, #3711, .T. ) ;
#3445 = DIRECTION ( 'NONE',  ( 1.224606353822379970E-16, 1.000000000000000000, 0.0000000000000000000 ) ) ;
#3446 = ORIENTED_EDGE ( 'NONE', *, *, #283, .F. ) ;
#3447 = FACE_OUTER_BOUND ( 'NONE', #397, .T. ) ;
#3448 = MECHANICAL_DESIGN_GEOMETRIC_PRESENTATION_REPRESENTATION (  '', ( #1291 ), #3866 ) ;
#3449 = EDGE_CURVE ( 'NONE', #3104, #4231, #3985, .T. ) ;
#3450 = EDGE_CURVE ( 'NONE', #611, #3561, #649, .T. ) ;
#3451 = CARTESIAN_POINT ( 'NONE',  ( -0.09055118110236216877, -0.001968503937007051296, 0.09251968503937020583 ) ) ;
#3452 = UNCERTAINTY_MEASURE_WITH_UNIT (LENGTH_MEASURE( 1.000000000000000082E-05 ), #765, 'distance_accuracy_value', 'NONE');
#3453 = ORIENTED_EDGE ( 'NONE', *, *, #1263, .T. ) ;
#3454 = LINE ( 'NONE', #471, #436 ) ;
#3455 = STYLED_ITEM ( 'NONE', ( #3829 ), #973 ) ;
#3456 = LINE ( 'NONE', #2831, #2958 ) ;
#3457 = VERTEX_POINT ( 'NONE', #1388 ) ;
#3458 =( NAMED_UNIT ( * ) SI_UNIT ( $, .STERADIAN. ) SOLID_ANGLE_UNIT ( ) );
#3459 = AXIS2_PLACEMENT_3D ( 'NONE', #1572, #2910, #2662 ) ;
#3460 = CARTESIAN_POINT ( 'NONE',  ( 0.07086614173228460156, -0.06692913385826440575, 0.2007874015748039864 ) ) ;
#3461 = CARTESIAN_POINT ( 'NONE',  ( -0.1309055118110230009, -0.04330708661417299876, 1.789572697884367974E-18 ) ) ;
#3462 = DIMENSIONAL_EXPONENTS ( 1.000000000000000000, 0.0000000000000000000, 0.0000000000000000000, 0.0000000000000000000, 0.0000000000000000000, 0.0000000000000000000, 0.0000000000000000000 ) ;
#3463 = VERTEX_POINT ( 'NONE', #3400 ) ;
#3464 = ORIENTED_EDGE ( 'NONE', *, *, #147, .T. ) ;
#3465 = FILL_AREA_STYLE ('',( #130 ) ) ;
#3466 = SHAPE_DEFINITION_REPRESENTATION ( #215, #93 ) ;
#3467 = VERTEX_POINT ( 'NONE', #1436 ) ;
#3468 = DIRECTION ( 'NONE',  ( -3.398965425289660775E-33, 4.162394656232306433E-49, -1.000000000000000000 ) ) ;
#3469 = ADVANCED_FACE ( 'NONE', ( #3415 ), #3015, .T. ) ;
#3470 = EDGE_LOOP ( 'NONE', ( #3545, #2439, #4237, #3300, #2652, #2231, #4071 ) ) ;
#3471 = FACE_OUTER_BOUND ( 'NONE', #4176, .T. ) ;
#3472 = DIRECTION ( 'NONE',  ( 1.219403723456549750E-30, 1.262325447800814145E-44, -1.000000000000000000 ) ) ;
#3473 = LINE ( 'NONE', #3734, #2686 ) ;
#3474 = EDGE_CURVE ( 'NONE', #83, #1721, #675, .T. ) ;
#3475 = ORIENTED_EDGE ( 'NONE', *, *, #1994, .F. ) ;
#3476 = LINE ( 'NONE', #3409, #3986 ) ;
#3477 = EDGE_CURVE ( 'NONE', #3565, #2323, #2099, .T. ) ;
#3478 = DIRECTION ( 'NONE',  ( 1.121935118593429940E-14, -1.000000000000000000, -2.773640129943030061E-16 ) ) ;
#3479 = ORIENTED_EDGE ( 'NONE', *, *, #2098, .T. ) ;
#3480 = FACE_OUTER_BOUND ( 'NONE', #777, .T. ) ;
#3481 = LINE ( 'NONE', #3827, #3177 ) ;
#3482 = EDGE_CURVE ( 'NONE', #3255, #900, #12, .T. ) ;
#3483 = PLANE ( 'NONE',  #1683 ) ;
#3484 = SURFACE_STYLE_FILL_AREA ( #4109 ) ;
#3485 = VERTEX_POINT ( 'NONE', #100 ) ;
#3486 = ORIENTED_EDGE ( 'NONE', *, *, #1316, .T. ) ;
#3487 = PLANE ( 'NONE',  #438 ) ;
#3488 = EDGE_LOOP ( 'NONE', ( #2591, #3453, #192, #2688, #3560, #861 ) ) ;
#3489 = ORIENTED_EDGE ( 'NONE', *, *, #3496, .T. ) ;
#3490 = DIRECTION ( 'NONE',  ( -0.0000000000000000000, -1.000000000000000000, -1.167414689223770104E-16 ) ) ;
#3491 =( CONVERSION_BASED_UNIT ( 'INCH', #2477 ) LENGTH_UNIT ( ) NAMED_UNIT ( #1887 ) );
#3492 = UNCERTAINTY_MEASURE_WITH_UNIT (LENGTH_MEASURE( 1.000000000000000082E-05 ), #706, 'distance_accuracy_value', 'NONE');
#3493 = VERTEX_POINT ( 'NONE', #3742 ) ;
#3494 = DIRECTION ( 'NONE',  ( 0.0000000000000000000, -1.000000000000000000, 2.723258531077630015E-15 ) ) ;
#3495 = DIRECTION ( 'NONE',  ( 0.0000000000000000000, 0.2588190451025265681, 0.9659258262890667579 ) ) ;
#3496 = EDGE_CURVE ( 'NONE', #76, #3531, #4092, .T. ) ;
#3497 = AXIS2_PLACEMENT_3D ( 'NONE', #3671, #2026, #354 ) ;
#3498 = ORIENTED_EDGE ( 'NONE', *, *, #3917, .F. ) ;
#3499 =( NAMED_UNIT ( * ) PLANE_ANGLE_UNIT ( ) SI_UNIT ( $, .RADIAN. ) );
#3500 = DIRECTION ( 'NONE',  ( 1.000000000000000000, -3.307023052059776589E-47, 7.811477214174400623E-31 ) ) ;
#3501 = CARTESIAN_POINT ( 'NONE',  ( 0.1309055118110240001, -0.04330708661417020239, 1.789572697884679974E-18 ) ) ;
#3502 = VECTOR ( 'NONE', #3291, 39.37007874015748143 ) ;
#3503 = VECTOR ( 'NONE', #1440, 39.37007874015748143 ) ;
#3504 = CARTESIAN_POINT ( 'NONE',  ( 0.1564960629921270108, -0.06692913385826440575, 0.01968503937007879540 ) ) ;
#3505 = ADVANCED_FACE ( 'NONE', ( #2774 ), #1101, .T. ) ;
#3506 = ORIENTED_EDGE ( 'NONE', *, *, #3002, .F. ) ;
#3507 = COLOUR_RGB ( '',0.7529411764705882248, 0.7529411764705882248, 0.7529411764705882248 ) ;
#3508 = EDGE_LOOP ( 'NONE', ( #1993, #3194, #66, #2489 ) ) ;
#3509 = MECHANICAL_DESIGN_GEOMETRIC_PRESENTATION_REPRESENTATION (  '', ( #864 ), #791 ) ;
#3510 = MECHANICAL_DESIGN_GEOMETRIC_PRESENTATION_REPRESENTATION (  '', ( #1693 ), #2053 ) ;
#3511 = ORIENTED_EDGE ( 'NONE', *, *, #2296, .T. ) ;
#3512 = CARTESIAN_POINT ( 'NONE',  ( 0.004921259842519008429, 0.06102362204724479100, 0.1279527559055120001 ) ) ;
#3513 = MECHANICAL_DESIGN_GEOMETRIC_PRESENTATION_REPRESENTATION (  '', ( #3781 ), #243 ) ;
#3514 = PRESENTATION_LAYER_ASSIGNMENT (  '', '', ( #1297 ) ) ;
#3515 = COLOUR_RGB ( '',0.9490196078431372140, 0.9490196078431372140, 0.9490196078431372140 ) ;
#3516 = ORIENTED_EDGE ( 'NONE', *, *, #1822, .T. ) ;
#3517 = SURFACE_STYLE_USAGE ( .BOTH. , #2577 ) ;
#3518 = PRESENTATION_LAYER_ASSIGNMENT (  '', '', ( #1077 ) ) ;
#3519 = DIRECTION ( 'NONE',  ( -0.0000000000000000000, -1.000000000000000000, -1.167414689223770104E-16 ) ) ;
#3520 =( LENGTH_UNIT ( ) NAMED_UNIT ( * ) SI_UNIT ( $, .METRE. ) );
#3521 = VECTOR ( 'NONE', #660, 39.37007874015748143 ) ;
#3522 = AXIS2_PLACEMENT_3D ( 'NONE', #4083, #1095, #1774 ) ;
#3523 = DIMENSIONAL_EXPONENTS ( 1.000000000000000000, 0.0000000000000000000, 0.0000000000000000000, 0.0000000000000000000, 0.0000000000000000000, 0.0000000000000000000, 0.0000000000000000000 ) ;
#3524 = CARTESIAN_POINT ( 'NONE',  ( 0.1564960629921250124, -0.09842519685039370636, 1.518882478393168915E-16 ) ) ;
#3525 = ORIENTED_EDGE ( 'NONE', *, *, #2702, .F. ) ;
#3526 = DIRECTION ( 'NONE',  ( -1.000000000000000000, -1.056882988244299989E-14, -1.244717994301509988E-30 ) ) ;
#3527 = PLANE ( 'NONE',  #2456 ) ;
#3528 = SURFACE_STYLE_USAGE ( .BOTH. , #3188 ) ;
#3529 = EDGE_CURVE ( 'NONE', #1739, #978, #3697, .T. ) ;
#3530 =( NAMED_UNIT ( * ) SI_UNIT ( $, .STERADIAN. ) SOLID_ANGLE_UNIT ( ) );
#3531 = VERTEX_POINT ( 'NONE', #58 ) ;
#3532 = ORIENTED_EDGE ( 'NONE', *, *, #843, .F. ) ;
#3533 = SURFACE_SIDE_STYLE ('',( #585 ) ) ;
#3534 = EDGE_CURVE ( 'NONE', #2289, #762, #74, .T. ) ;
#3535 = ORIENTED_EDGE ( 'NONE', *, *, #203, .F. ) ;
#3536 = PLANE ( 'NONE',  #1230 ) ;
#3537 = SURFACE_STYLE_FILL_AREA ( #1511 ) ;
#3538 = LINE ( 'NONE', #2286, #3787 ) ;
#3539 = UNCERTAINTY_MEASURE_WITH_UNIT (LENGTH_MEASURE( 1.000000000000000082E-05 ), #999, 'distance_accuracy_value', 'NONE');
#3540 = VERTEX_POINT ( 'NONE', #761 ) ;
#3541 = LINE ( 'NONE', #543, #796 ) ;
#3542 = CARTESIAN_POINT ( 'NONE',  ( 0.1564960629921270108, -0.09842519685039040345, 0.2007874015748039864 ) ) ;
#3543 = DIRECTION ( 'NONE',  ( -1.035198944794589901E-14, 1.000000000000000000, 0.0000000000000000000 ) ) ;
#3544 = DIMENSIONAL_EXPONENTS ( 1.000000000000000000, 0.0000000000000000000, 0.0000000000000000000, 0.0000000000000000000, 0.0000000000000000000, 0.0000000000000000000, 0.0000000000000000000 ) ;
#3545 = ORIENTED_EDGE ( 'NONE', *, *, #3656, .F. ) ;
#3546 = VERTEX_POINT ( 'NONE', #1410 ) ;
#3547 = CARTESIAN_POINT ( 'NONE',  ( -0.03346456692913347963, -0.01771653543306959955, 0.2224409448818900070 ) ) ;
#3548 = EDGE_CURVE ( 'NONE', #1146, #1785, #4042, .T. ) ;
#3549 = VERTEX_POINT ( 'NONE', #2033 ) ;
#3550 =( NAMED_UNIT ( * ) PLANE_ANGLE_UNIT ( ) SI_UNIT ( $, .RADIAN. ) );
#3551 = EDGE_CURVE ( 'NONE', #3576, #3128, #1671, .T. ) ;
#3552 = ORIENTED_EDGE ( 'NONE', *, *, #3602, .F. ) ;
#3553 = LINE ( 'NONE', #2290, #1129 ) ;
#3554 = ORIENTED_EDGE ( 'NONE', *, *, #1177, .T. ) ;
#3555 = DIRECTION ( 'NONE',  ( 1.035198944794589901E-14, -1.000000000000000000, -0.0000000000000000000 ) ) ;
#3556 = CARTESIAN_POINT ( 'NONE',  ( 0.1309055118110240001, -0.04330708661417020239, 1.789572697884679974E-18 ) ) ;
#3557 = CARTESIAN_POINT ( 'NONE',  ( 0.03346456692913402087, -0.01771653543306874259, 0.2224409448818900070 ) ) ;
#3558 =( CONVERSION_BASED_UNIT ( 'INCH', #3872 ) LENGTH_UNIT ( ) NAMED_UNIT ( #119 ) );
#3559 = CARTESIAN_POINT ( 'NONE',  ( 0.1210629921259839953, -0.03346456692913089837, 0.1850393700787399953 ) ) ;
#3560 = ORIENTED_EDGE ( 'NONE', *, *, #1662, .T. ) ;
#3561 = VERTEX_POINT ( 'NONE', #2396 ) ;
#3562 = DIRECTION ( 'NONE',  ( -1.000000000000000000, -1.035198944794589901E-14, -0.0000000000000000000 ) ) ;
#3563 =( GEOMETRIC_REPRESENTATION_CONTEXT ( 3 ) GLOBAL_UNCERTAINTY_ASSIGNED_CONTEXT ( ( #3575 ) ) GLOBAL_UNIT_ASSIGNED_CONTEXT ( ( #1719, #3699, #1860 ) ) REPRESENTATION_CONTEXT ( 'NONE', 'WORKASPACE' ) );
#3564 = COLOUR_RGB ( '',0.7529411764705882248, 0.7529411764705882248, 0.7529411764705882248 ) ;
#3565 = VERTEX_POINT ( 'NONE', #361 ) ;
#3566 = CARTESIAN_POINT ( 'NONE',  ( 0.09055118110236290430, -0.06692913385826509964, 0.1850393700787399953 ) ) ;
#3567 = FILL_AREA_STYLE_COLOUR ( '', #175 ) ;
#3568 = STYLED_ITEM ( 'NONE', ( #1922 ), #3687 ) ;
#3569 = DIRECTION ( 'NONE',  ( 1.089726903440029871E-32, 1.167414689223770104E-16, -1.000000000000000000 ) ) ;
#3570 = VECTOR ( 'NONE', #3675, 39.37007874015748143 ) ;
#3571 = ADVANCED_FACE ( 'NONE', ( #1691 ), #3041, .T. ) ;
#3572 = LINE ( 'NONE', #2868, #3647 ) ;
#3573 = AXIS2_PLACEMENT_3D ( 'NONE', #3013, #3372, #1688 ) ;
#3574 = SURFACE_SIDE_STYLE ('',( #1613 ) ) ;
#3575 = UNCERTAINTY_MEASURE_WITH_UNIT (LENGTH_MEASURE( 1.000000000000000082E-05 ), #1719, 'distance_accuracy_value', 'NONE');
#3576 = VERTEX_POINT ( 'NONE', #4069 ) ;
#3577 = EDGE_CURVE ( 'NONE', #4178, #1785, #3720, .T. ) ;
#3578 = COLOUR_RGB ( '',0.9490196078431372140, 0.9490196078431372140, 0.9490196078431372140 ) ;
#3579 = VECTOR ( 'NONE', #2484, 39.37007874015748143 ) ;
#3580 = ADVANCED_FACE ( 'NONE', ( #1372 ), #2704, .F. ) ;
#3581 = ORIENTED_EDGE ( 'NONE', *, *, #3577, .F. ) ;
#3582 = VECTOR ( 'NONE', #726, 39.37007874015748143 ) ;
#3583 = DIRECTION ( 'NONE',  ( -0.0000000000000000000, 1.000000000000000000, -2.723258531077630015E-15 ) ) ;
#3584 = VECTOR ( 'NONE', #3646, 39.37007874015748143 ) ;
#3585 = SURFACE_STYLE_USAGE ( .BOTH. , #2271 ) ;
#3586 = PLANE ( 'NONE',  #3593 ) ;
#3587 = AXIS2_PLACEMENT_3D ( 'NONE', #201, #2561, #877 ) ;
#3588 = VECTOR ( 'NONE', #2947, 39.37007874015748143 ) ;
#3589 = DIRECTION ( 'NONE',  ( 0.0000000000000000000, -0.2588190451025269012, 0.9659258262890665359 ) ) ;
#3590 = ORIENTED_EDGE ( 'NONE', *, *, #2436, .F. ) ;
#3591 = PLANE ( 'NONE',  #873 ) ;
#3592 = CARTESIAN_POINT ( 'NONE',  ( 0.1564960629921260116, -0.03346456692913089837, 0.2598425196850390195 ) ) ;
#3593 = AXIS2_PLACEMENT_3D ( 'NONE', #4281, #1942, #3267 ) ;
#3594 = FILL_AREA_STYLE ('',( #3878 ) ) ;
#3595 = LINE ( 'NONE', #3274, #1196 ) ;
#3596 = EDGE_LOOP ( 'NONE', ( #1107, #524, #793, #2956, #833, #3084, #3621, #2216 ) ) ;
#3597 = FILL_AREA_STYLE ('',( #3567 ) ) ;
#3598 = DIRECTION ( 'NONE',  ( 0.0000000000000000000, 1.000000000000000000, 1.167414689223770104E-16 ) ) ;
#3599 = VECTOR ( 'NONE', #1527, 39.37007874015748143 ) ;
#3600 = CARTESIAN_POINT ( 'NONE',  ( 0.004921259842519010164, 0.07086614173228419911, 0.1279527559055120001 ) ) ;
#3601 = CARTESIAN_POINT ( 'NONE',  ( -0.1210629921259839953, -0.09842519685039040345, 0.2598425196850390195 ) ) ;
#3602 = EDGE_CURVE ( 'NONE', #2433, #2289, #3146, .T. ) ;
#3603 = ORIENTED_EDGE ( 'NONE', *, *, #1907, .T. ) ;
#3604 = LINE ( 'NONE', #600, #3773 ) ;
#3605 = SURFACE_STYLE_USAGE ( .BOTH. , #2601 ) ;
#3606 = EDGE_LOOP ( 'NONE', ( #2105, #970, #1091, #2038 ) ) ;
#3607 = EDGE_CURVE ( 'NONE', #3775, #4116, #2811, .T. ) ;
#3608 = LINE ( 'NONE', #3891, #673 ) ;
#3609 =( NAMED_UNIT ( * ) SI_UNIT ( $, .STERADIAN. ) SOLID_ANGLE_UNIT ( ) );
#3610 = EDGE_LOOP ( 'NONE', ( #3525, #464, #1517, #643 ) ) ;
#3611 = EDGE_CURVE ( 'NONE', #3912, #3467, #1475, .T. ) ;
#3612 = ORIENTED_EDGE ( 'NONE', *, *, #4184, .T. ) ;
#3613 = FILL_AREA_STYLE_COLOUR ( '', #1841 ) ;
#3614 = CARTESIAN_POINT ( 'NONE',  ( 0.1210629921259849112, -0.04330708661417030647, -3.906208353055519818E-16 ) ) ;
#3615 = EDGE_LOOP ( 'NONE', ( #2029, #212, #3749, #1838, #581 ) ) ;
#3616 =( LENGTH_UNIT ( ) NAMED_UNIT ( * ) SI_UNIT ( $, .METRE. ) );
#3617 = PLANE ( 'NONE',  #2898 ) ;
#3618 = CARTESIAN_POINT ( 'NONE',  ( -0.02952755905511972659, 0.1624722409150839986, -0.01799632996797460166 ) ) ;
#3619 =( NAMED_UNIT ( * ) PLANE_ANGLE_UNIT ( ) SI_UNIT ( $, .RADIAN. ) );
#3620 = PRESENTATION_STYLE_ASSIGNMENT (( #3992 ) ) ;
#3621 = ORIENTED_EDGE ( 'NONE', *, *, #993, .F. ) ;
#3622 = DIRECTION ( 'NONE',  ( -1.000000000000000000, 1.224606353822379970E-16, 0.0000000000000000000 ) ) ;
#3623 = DIRECTION ( 'NONE',  ( 0.0000000000000000000, -2.508695727351260080E-16, 1.000000000000000000 ) ) ;
#3624 = LINE ( 'NONE', #3645, #174 ) ;
#3625 = CARTESIAN_POINT ( 'NONE',  ( 0.1564960629921260948, -0.04330708661417001504, 0.2598425196850390195 ) ) ;
#3626 = EDGE_CURVE ( 'NONE', #3912, #2821, #165, .T. ) ;
#3627 = FACE_OUTER_BOUND ( 'NONE', #722, .T. ) ;
#3628 = ORIENTED_EDGE ( 'NONE', *, *, #3193, .T. ) ;
#3629 = DIRECTION ( 'NONE',  ( 0.9659258262890682012, 9.969039045732521394E-15, 0.2588190451025210725 ) ) ;
#3630 = LINE ( 'NONE', #1344, #4200 ) ;
#3631 = DIRECTION ( 'NONE',  ( -1.089726903440029871E-32, -1.167414689223770104E-16, 1.000000000000000000 ) ) ;
#3632 = EDGE_CURVE ( 'NONE', #3151, #1702, #4056, .T. ) ;
#3633 = CARTESIAN_POINT ( 'NONE',  ( 0.1210629921259844949, 0.04330708661417585065, 0.1574803149606300023 ) ) ;
#3634 = MECHANICAL_DESIGN_GEOMETRIC_PRESENTATION_REPRESENTATION (  '', ( #1194 ), #2531 ) ;
#3635 = ORIENTED_EDGE ( 'NONE', *, *, #305, .F. ) ;
#3636 = PLANE ( 'NONE',  #3249 ) ;
#3637 = FILL_AREA_STYLE ('',( #2621 ) ) ;
#3638 = VECTOR ( 'NONE', #2957, 39.37007874015748143 ) ;
#3639 =( GEOMETRIC_REPRESENTATION_CONTEXT ( 3 ) GLOBAL_UNCERTAINTY_ASSIGNED_CONTEXT ( ( #1574 ) ) GLOBAL_UNIT_ASSIGNED_CONTEXT ( ( #1760, #1786, #4197 ) ) REPRESENTATION_CONTEXT ( 'NONE', 'WORKASPACE' ) );
#3640 = MECHANICAL_DESIGN_GEOMETRIC_PRESENTATION_REPRESENTATION (  '', ( #512 ), #3031 ) ;
#3641 = EDGE_LOOP ( 'NONE', ( #2992, #1009, #1375, #2293 ) ) ;
#3642 = CARTESIAN_POINT ( 'NONE',  ( 0.1545275590551190015, -0.04330708661416989708, 0.009842519685039309227 ) ) ;
#3643 = COLOUR_RGB ( '',0.9490196078431372140, 0.9490196078431372140, 0.9490196078431372140 ) ;
#3644 =( CONVERSION_BASED_UNIT ( 'INCH', #2325 ) LENGTH_UNIT ( ) NAMED_UNIT ( #3219 ) );
#3645 = CARTESIAN_POINT ( 'NONE',  ( -0.05118110236220380083, -0.09842519685039040345, 0.2007874015748040142 ) ) ;
#3646 = DIRECTION ( 'NONE',  ( -0.0000000000000000000, -1.000000000000000000, -1.167414689223770104E-16 ) ) ;
#3647 = VECTOR ( 'NONE', #2594, 39.37007874015748143 ) ;
#3648 =( NAMED_UNIT ( * ) PLANE_ANGLE_UNIT ( ) SI_UNIT ( $, .RADIAN. ) );
#3649 = AXIS2_PLACEMENT_3D ( 'NONE', #1282, #586, #1926 ) ;
#3650 = VECTOR ( 'NONE', #352, 39.37007874015748143 ) ;
#3651 = FACE_OUTER_BOUND ( 'NONE', #3200, .T. ) ;
#3652 = DIRECTION ( 'NONE',  ( 0.2505628070857282563, 0.2505628070857364165, 0.9351131265310289598 ) ) ;
#3653 = PRESENTATION_LAYER_ASSIGNMENT (  '', '', ( #451 ) ) ;
#3654 = ORIENTED_EDGE ( 'NONE', *, *, #382, .T. ) ;
#3655 = LINE ( 'NONE', #3287, #528 ) ;
#3656 = EDGE_CURVE ( 'NONE', #1891, #556, #521, .T. ) ;
#3657 = CARTESIAN_POINT ( 'NONE',  ( -0.02952755905511770043, -0.03346456692913250125, -0.01799632996797460166 ) ) ;
#3658 = VECTOR ( 'NONE', #623, 39.37007874015748143 ) ;
#3659 = AXIS2_PLACEMENT_3D ( 'NONE', #4151, #3822, #1745 ) ;
#3660 = DIRECTION ( 'NONE',  ( 0.9659258262890682012, 9.969039045732521394E-15, 0.2588190451025210725 ) ) ;
#3661 = ORIENTED_EDGE ( 'NONE', *, *, #708, .T. ) ;
#3662 =( CONVERSION_BASED_UNIT ( 'INCH', #61 ) LENGTH_UNIT ( ) NAMED_UNIT ( #845 ) );
#3663 = EDGE_CURVE ( 'NONE', #2128, #1031, #3207, .T. ) ;
#3664 = EDGE_CURVE ( 'NONE', #650, #1513, #1856, .T. ) ;
#3665 = CARTESIAN_POINT ( 'NONE',  ( 0.1564960629921260116, -0.001968503937004480002, 0.2598425196850390195 ) ) ;
#3666 =( GEOMETRIC_REPRESENTATION_CONTEXT ( 3 ) GLOBAL_UNCERTAINTY_ASSIGNED_CONTEXT ( ( #2885 ) ) GLOBAL_UNIT_ASSIGNED_CONTEXT ( ( #3337, #1753, #2660 ) ) REPRESENTATION_CONTEXT ( 'NONE', 'WORKASPACE' ) );
#3667 = LINE ( 'NONE', #1030, #2982 ) ;
#3668 = EDGE_LOOP ( 'NONE', ( #1437, #3552, #337, #4094 ) ) ;
#3669 = DIRECTION ( 'NONE',  ( -1.000000000000000000, 9.174411140098523755E-46, 3.368909354510710099E-31 ) ) ;
#3670 = LINE ( 'NONE', #3363, #3650 ) ;
#3671 = CARTESIAN_POINT ( 'NONE',  ( -0.09055118110236240470, 0.02165354330708759920, 0.06889763779527580123 ) ) ;
#3672 = SURFACE_SIDE_STYLE ('',( #5 ) ) ;
#3673 = ORIENTED_EDGE ( 'NONE', *, *, #2841, .F. ) ;
#3674 = CARTESIAN_POINT ( 'NONE',  ( -0.02952755905511790166, -0.01377952755905370065, -0.01799632996797460166 ) ) ;
#3675 = DIRECTION ( 'NONE',  ( -1.000000000000000000, 9.174411140098523755E-46, 3.368909354510710099E-31 ) ) ;
#3676 = DIRECTION ( 'NONE',  ( 1.000000000000000000, 1.040834085586086939E-14, 1.734723475976811433E-15 ) ) ;
#3677 = DIRECTION ( 'NONE',  ( 0.2588190451025210725, 0.0000000000000000000, -0.9659258262890682012 ) ) ;
#3678 = VERTEX_POINT ( 'NONE', #2169 ) ;
#3679 = ORIENTED_EDGE ( 'NONE', *, *, #3664, .T. ) ;
#3680 = CARTESIAN_POINT ( 'NONE',  ( 0.1407480314960638801, -0.04330708661417009830, 0.0000000000000000000 ) ) ;
#3681 = LENGTH_MEASURE_WITH_UNIT ( LENGTH_MEASURE( 0.02539999999999999897 ), #2321 );
#3682 = ADVANCED_FACE ( 'NONE', ( #3189, #453 ), #3126, .F. ) ;
#3683 = CARTESIAN_POINT ( 'NONE',  ( -0.1564960629921266499, 0.04330708661417271427, 0.01968503937007850049 ) ) ;
#3684 = CARTESIAN_POINT ( 'NONE',  ( -0.04527559055118085540, -0.01377952755905390014, 0.2224409448818900070 ) ) ;
#3685 = ORIENTED_EDGE ( 'NONE', *, *, #1686, .F. ) ;
#3686 = LINE ( 'NONE', #3642, #2279 ) ;
#3687 = ADVANCED_FACE ( 'NONE', ( #3627 ), #3285, .F. ) ;
#3688 = SURFACE_STYLE_USAGE ( .BOTH. , #2692 ) ;
#3689 = CARTESIAN_POINT ( 'NONE',  ( -0.04527559055118302034, 0.1771653543307090406, 0.01574803149606286701 ) ) ;
#3690 =( NAMED_UNIT ( * ) PLANE_ANGLE_UNIT ( ) SI_UNIT ( $, .RADIAN. ) );
#3691 = CARTESIAN_POINT ( 'NONE',  ( 0.09055118110236148876, 0.07086614173228515667, 0.06889763779527575960 ) ) ;
#3692 = LINE ( 'NONE', #1748, #3432 ) ;
#3693 = ORIENTED_EDGE ( 'NONE', *, *, #56, .T. ) ;
#3694 = SURFACE_STYLE_USAGE ( .BOTH. , #1038 ) ;
#3695 = DIRECTION ( 'NONE',  ( 1.429623445970342509E-32, 1.167414689224859965E-16, -1.000000000000000000 ) ) ;
#3696 = DIRECTION ( 'NONE',  ( 1.035198944794589901E-14, -1.000000000000000000, -0.0000000000000000000 ) ) ;
#3697 = LINE ( 'NONE', #3335, #2954 ) ;
#3698 = ORIENTED_EDGE ( 'NONE', *, *, #353, .T. ) ;
#3699 =( NAMED_UNIT ( * ) PLANE_ANGLE_UNIT ( ) SI_UNIT ( $, .RADIAN. ) );
#3700 =( CONVERSION_BASED_UNIT ( 'INCH', #1441 ) LENGTH_UNIT ( ) NAMED_UNIT ( #3544 ) );
#3701 = VECTOR ( 'NONE', #1851, 39.37007874015748143 ) ;
#3702 = DIRECTION ( 'NONE',  ( -1.000000000000000000, 1.224606353822379970E-16, 0.0000000000000000000 ) ) ;
#3703 = EDGE_CURVE ( 'NONE', #2635, #3957, #2254, .T. ) ;
#3704 = ORIENTED_EDGE ( 'NONE', *, *, #3607, .T. ) ;
#3705 = CARTESIAN_POINT ( 'NONE',  ( 0.09055118110236257123, -0.03346456692913159919, 0.09251968503937020583 ) ) ;
#3706 = FACE_OUTER_BOUND ( 'NONE', #3784, .T. ) ;
#3707 = PRESENTATION_LAYER_ASSIGNMENT (  '', '', ( #1276 ) ) ;
#3708 =( LENGTH_UNIT ( ) NAMED_UNIT ( * ) SI_UNIT ( $, .METRE. ) );
#3709 = ADVANCED_FACE ( 'NONE', ( #1583 ), #3910, .T. ) ;
#3710 = UNCERTAINTY_MEASURE_WITH_UNIT (LENGTH_MEASURE( 1.000000000000000082E-05 ), #1529, 'distance_accuracy_value', 'NONE');
#3711 = EDGE_CURVE ( 'NONE', #2528, #368, #1962, .T. ) ;
#3712 = DIRECTION ( 'NONE',  ( -2.819114357774427260E-29, 2.723258531077630015E-15, 1.000000000000000000 ) ) ;
#3713 = AXIS2_PLACEMENT_3D ( 'NONE', #3393, #1322, #2093 ) ;
#3714 = LINE ( 'NONE', #2009, #3101 ) ;
#3715 = ORIENTED_EDGE ( 'NONE', *, *, #550, .F. ) ;
#3716 = CARTESIAN_POINT ( 'NONE',  ( -0.03346456692913559600, 0.1771653543307090406, 0.003937007874015227560 ) ) ;
#3717 = COLOUR_RGB ( '',0.9490196078431372140, 0.9490196078431372140, 0.9490196078431372140 ) ;
#3718 = DIRECTION ( 'NONE',  ( -1.035198944794589901E-14, 1.000000000000000000, 0.0000000000000000000 ) ) ;
#3719 = CARTESIAN_POINT ( 'NONE',  ( 0.02952755905511830065, -0.01377952755905296339, 0.09251968503937020583 ) ) ;
#3720 = LINE ( 'NONE', #1083, #1914 ) ;
#3721 = ORIENTED_EDGE ( 'NONE', *, *, #3738, .T. ) ;
#3722 = ORIENTED_EDGE ( 'NONE', *, *, #628, .T. ) ;
#3723 = DIRECTION ( 'NONE',  ( 1.000000000000000000, 1.035198944794589901E-14, 0.0000000000000000000 ) ) ;
#3724 = DIRECTION ( 'NONE',  ( -1.056882988244299989E-14, 1.000000000000000000, -0.0000000000000000000 ) ) ;
#3725 = VECTOR ( 'NONE', #4269, 39.37007874015748143 ) ;
#3726 = CIRCLE ( 'NONE', #107, 0.01968503937007869131 ) ;
#3727 = ORIENTED_EDGE ( 'NONE', *, *, #1713, .F. ) ;
#3728 = LINE ( 'NONE', #3684, #1711 ) ;
#3729 = ORIENTED_EDGE ( 'NONE', *, *, #2264, .T. ) ;
#3730 = FILL_AREA_STYLE_COLOUR ( '', #1503 ) ;
#3731 = PRESENTATION_LAYER_ASSIGNMENT (  '', '', ( #3455 ) ) ;
#3732 = EDGE_CURVE ( 'NONE', #4032, #2021, #2608, .T. ) ;
#3733 = AXIS2_PLACEMENT_3D ( 'NONE', #3150, #3213, #3445 ) ;
#3734 = CARTESIAN_POINT ( 'NONE',  ( 0.1013779527559059979, 0.06692913385827051198, 0.01968503937007843457 ) ) ;
#3735 = DIRECTION ( 'NONE',  ( -0.0000000000000000000, -1.000000000000000000, 2.723258531077630015E-15 ) ) ;
#3736 = VECTOR ( 'NONE', #875, 39.37007874015748143 ) ;
#3737 = CARTESIAN_POINT ( 'NONE',  ( -0.1564960629921250401, -0.09842519685039040345, 0.2598425196850390195 ) ) ;
#3738 = EDGE_CURVE ( 'NONE', #2010, #4231, #2634, .T. ) ;
#3739 = ORIENTED_EDGE ( 'NONE', *, *, #759, .F. ) ;
#3740 = LINE ( 'NONE', #1099, #868 ) ;
#3741 = CARTESIAN_POINT ( 'NONE',  ( 0.04921259842519720012, -0.03346456692913148123, 0.2077478314662649372 ) ) ;
#3742 = CARTESIAN_POINT ( 'NONE',  ( -0.05118110236220380083, -0.09842519685039040345, 0.2007874015748039864 ) ) ;
#3743 = EDGE_CURVE ( 'NONE', #2681, #2433, #3077, .T. ) ;
#3744 = ORIENTED_EDGE ( 'NONE', *, *, #554, .F. ) ;
#3745 = ORIENTED_EDGE ( 'NONE', *, *, #1290, .F. ) ;
#3746 = DIRECTION ( 'NONE',  ( 1.035198944794589901E-14, -1.000000000000000000, -1.167414689223770104E-16 ) ) ;
#3747 = SURFACE_STYLE_FILL_AREA ( #3107 ) ;
#3748 = EDGE_LOOP ( 'NONE', ( #701, #532, #333, #4076, #4205, #2522 ) ) ;
#3749 = ORIENTED_EDGE ( 'NONE', *, *, #2671, .T. ) ;
#3750 = CARTESIAN_POINT ( 'NONE',  ( -0.01279527559055040030, -0.06692913385826619599, 0.06889763779527580123 ) ) ;
#3751 = CARTESIAN_POINT ( 'NONE',  ( -0.03346456692913344494, -0.02952755905511689205, 0.2224409448818900070 ) ) ;
#3752 = UNCERTAINTY_MEASURE_WITH_UNIT (LENGTH_MEASURE( 1.000000000000000082E-05 ), #2353, 'distance_accuracy_value', 'NONE');
#3753 = DIRECTION ( 'NONE',  ( -1.035198944794589901E-14, 1.000000000000000000, 0.0000000000000000000 ) ) ;
#3754 = PLANE ( 'NONE',  #1624 ) ;
#3755 = EDGE_LOOP ( 'NONE', ( #1228, #2463, #2304, #1736, #1551, #1023 ) ) ;
#3756 = DIRECTION ( 'NONE',  ( -1.035198944794589901E-14, 1.000000000000000000, 0.0000000000000000000 ) ) ;
#3757 = DIRECTION ( 'NONE',  ( 0.0000000000000000000, -1.000000000000000000, 2.723258531077630015E-15 ) ) ;
#3758 = EDGE_CURVE ( 'NONE', #1061, #3113, #3714, .T. ) ;
#3759 = DIRECTION ( 'NONE',  ( -1.000000000000000000, -1.084202172485503961E-14, 0.0000000000000000000 ) ) ;
#3760 = DIMENSIONAL_EXPONENTS ( 1.000000000000000000, 0.0000000000000000000, 0.0000000000000000000, 0.0000000000000000000, 0.0000000000000000000, 0.0000000000000000000, 0.0000000000000000000 ) ;
#3761 = ORIENTED_EDGE ( 'NONE', *, *, #4145, .F. ) ;
#3762 = ORIENTED_EDGE ( 'NONE', *, *, #2103, .F. ) ;
#3763 = CARTESIAN_POINT ( 'NONE',  ( -0.02952755905511790166, -0.01771653543306959261, 0.2224409448818900070 ) ) ;
#3764 = EDGE_CURVE ( 'NONE', #3982, #900, #3367, .T. ) ;
#3765 = EDGE_CURVE ( 'NONE', #620, #131, #755, .T. ) ;
#3766 = APPLICATION_PROTOCOL_DEFINITION ( 'draft international standard', 'automotive_design', 1998, #2612 ) ;
#3767 = VERTEX_POINT ( 'NONE', #3978 ) ;
#3768 = DIRECTION ( 'NONE',  ( -0.2588190451025348393, 0.9659258262890644264, 0.0000000000000000000 ) ) ;
#3769 = ORIENTED_EDGE ( 'NONE', *, *, #3607, .F. ) ;
#3770 = LINE ( 'NONE', #1839, #104 ) ;
#3771 = VECTOR ( 'NONE', #2092, 39.37007874015748143 ) ;
#3772 = DIRECTION ( 'NONE',  ( -0.0000000000000000000, 6.123031769111889989E-17, 1.000000000000000000 ) ) ;
#3773 = VECTOR ( 'NONE', #4272, 39.37007874015748143 ) ;
#3774 = AXIS2_PLACEMENT_3D ( 'NONE', #2969, #981, #2610 ) ;
#3775 = VERTEX_POINT ( 'NONE', #1707 ) ;
#3776 = CARTESIAN_POINT ( 'NONE',  ( 0.01279527253992055087, -0.001968503937005954083, 0.09251968503937015031 ) ) ;
#3777 = SURFACE_STYLE_USAGE ( .BOTH. , #4090 ) ;
#3778 = STYLED_ITEM ( 'NONE', ( #2527 ), #3682 ) ;
#3779 = DIRECTION ( 'NONE',  ( 1.000000000000000000, 1.035198944794589901E-14, 1.219403723456549750E-30 ) ) ;
#3780 = DIRECTION ( 'NONE',  ( -1.058385936935194617E-17, -2.835936570822590816E-18, 1.000000000000000000 ) ) ;
#3781 = STYLED_ITEM ( 'NONE', ( #3361 ), #4031 ) ;
#3782 = VERTEX_POINT ( 'NONE', #733 ) ;
#3783 = EDGE_CURVE ( 'NONE', #481, #1399, #3692, .T. ) ;
#3784 = EDGE_LOOP ( 'NONE', ( #153, #1324, #767, #4038, #1859, #3250 ) ) ;
#3785 = LINE ( 'NONE', #2150, #2668 ) ;
#3786 = FILL_AREA_STYLE_COLOUR ( '', #1855 ) ;
#3787 = VECTOR ( 'NONE', #555, 39.37007874015748143 ) ;
#3788 = MECHANICAL_DESIGN_GEOMETRIC_PRESENTATION_REPRESENTATION (  '', ( #1355 ), #2824 ) ;
#3789 = AXIS2_PLACEMENT_3D ( 'NONE', #3556, #4173, #624 ) ;
#3790 = ADVANCED_FACE ( 'NONE', ( #3059 ), #4303, .F. ) ;
#3791 = VECTOR ( 'NONE', #2089, 39.37007874015748143 ) ;
#3792 = ADVANCED_FACE ( 'NONE', ( #1339 ), #2369, .F. ) ;
#3794 = ORIENTED_EDGE ( 'NONE', *, *, #3477, .T. ) ;
#3793 = STYLED_ITEM ( 'NONE', ( #2134 ), #2346 ) ;
#3795 = CARTESIAN_POINT ( 'NONE',  ( -0.1309055118110230009, -0.04330708661417290162, 0.1574803149606300023 ) ) ;
#3796 = DIMENSIONAL_EXPONENTS ( 1.000000000000000000, 0.0000000000000000000, 0.0000000000000000000, 0.0000000000000000000, 0.0000000000000000000, 0.0000000000000000000, 0.0000000000000000000 ) ;
#3797 = EDGE_LOOP ( 'NONE', ( #2443, #958, #3043, #391 ) ) ;
#3798 = LINE ( 'NONE', #2156, #4004 ) ;
#3799 = VECTOR ( 'NONE', #67, 39.37007874015748143 ) ;
#3800 = STYLED_ITEM ( 'NONE', ( #3046 ), #2498 ) ;
#3801 = FILL_AREA_STYLE_COLOUR ( '', #1139 ) ;
#3802 = EDGE_CURVE ( 'NONE', #3148, #567, #3410, .T. ) ;
#3803 = MECHANICAL_DESIGN_GEOMETRIC_PRESENTATION_REPRESENTATION (  '', ( #2839 ), #3053 ) ;
#3804 = UNCERTAINTY_MEASURE_WITH_UNIT (LENGTH_MEASURE( 1.000000000000000082E-05 ), #931, 'distance_accuracy_value', 'NONE');
#3805 = CARTESIAN_POINT ( 'NONE',  ( -0.1309055118110239724, 0.04330708661417287386, 0.1574803149606300023 ) ) ;
#3806 = VECTOR ( 'NONE', #3780, 39.37007874015748143 ) ;
#3807 =( LENGTH_UNIT ( ) NAMED_UNIT ( * ) SI_UNIT ( $, .METRE. ) );
#3808 = LINE ( 'NONE', #1779, #374 ) ;
#3809 = VECTOR ( 'NONE', #1379, 39.37007874015748143 ) ;
#3810 = CARTESIAN_POINT ( 'NONE',  ( -0.09055118110236150264, -0.06692913385826700090, 0.09251968503937020583 ) ) ;
#3811 = DIRECTION ( 'NONE',  ( -1.000000000000000000, 1.224606353822379970E-16, 0.0000000000000000000 ) ) ;
#3812 = ORIENTED_EDGE ( 'NONE', *, *, #2892, .T. ) ;
#3813 = ORIENTED_EDGE ( 'NONE', *, *, #760, .F. ) ;
#3814 = FACE_OUTER_BOUND ( 'NONE', #327, .T. ) ;
#3815 = SURFACE_STYLE_FILL_AREA ( #1416 ) ;
#3816 = VERTEX_POINT ( 'NONE', #1729 ) ;
#3817 = DIRECTION ( 'NONE',  ( -0.0000000000000000000, -1.000000000000000000, -1.167414689223770104E-16 ) ) ;
#3818 = VERTEX_POINT ( 'NONE', #4062 ) ;
#3819 = CARTESIAN_POINT ( 'NONE',  ( -0.004921259842520397942, 0.06102362204724481182, 0.06889763779527580123 ) ) ;
#3820 = ADVANCED_FACE ( 'NONE', ( #404 ), #1036, .F. ) ;
#3821 = DIRECTION ( 'NONE',  ( 0.0000000000000000000, -6.123031769111889989E-17, -1.000000000000000000 ) ) ;
#3822 = DIRECTION ( 'NONE',  ( -1.000000000000000000, -1.056882988244299989E-14, -1.244717994301509988E-30 ) ) ;
#3823 = DIRECTION ( 'NONE',  ( -1.219403723456549750E-30, -1.262325447800814145E-44, 1.000000000000000000 ) ) ;
#3824 = EDGE_CURVE ( 'NONE', #4034, #1604, #1384, .T. ) ;
#3825 = CARTESIAN_POINT ( 'NONE',  ( -0.06496064212378480085, 0.02165354694437933783, 0.06889763506730731124 ) ) ;
#3826 = ORIENTED_EDGE ( 'NONE', *, *, #3033, .F. ) ;
#3827 = CARTESIAN_POINT ( 'NONE',  ( -0.02952755905511790166, 0.1624722409150839986, 0.01968503937007840682 ) ) ;
#3828 = FILL_AREA_STYLE ('',( #189 ) ) ;
#3829 = PRESENTATION_STYLE_ASSIGNMENT (( #2507 ) ) ;
#3830 = CARTESIAN_POINT ( 'NONE',  ( -0.1387795275590550104, -0.04330708661417298488, 0.01771653543307079998 ) ) ;
#3831 = EDGE_LOOP ( 'NONE', ( #3406, #1259, #2574, #3436, #870, #1659, #717, #2468 ) ) ;
#3832 = VERTEX_POINT ( 'NONE', #4086 ) ;
#3833 = DIRECTION ( 'NONE',  ( 1.000000000000000000, 0.0000000000000000000, -0.0000000000000000000 ) ) ;
#3834 = SURFACE_STYLE_FILL_AREA ( #4198 ) ;
#3835 = ORIENTED_EDGE ( 'NONE', *, *, #1182, .F. ) ;
#3836 = LINE ( 'NONE', #3175, #473 ) ;
#3837 = ORIENTED_EDGE ( 'NONE', *, *, #676, .F. ) ;
#3838 =( CONVERSION_BASED_UNIT ( 'INCH', #2516 ) LENGTH_UNIT ( ) NAMED_UNIT ( #1233 ) );
#3839 = DIRECTION ( 'NONE',  ( 2.819114357774427260E-29, -2.723258531077630015E-15, -1.000000000000000000 ) ) ;
#3840 = EDGE_CURVE ( 'NONE', #1667, #2795, #3139, .T. ) ;
#3841 = UNCERTAINTY_MEASURE_WITH_UNIT (LENGTH_MEASURE( 1.000000000000000082E-05 ), #1917, 'distance_accuracy_value', 'NONE');
#3842 = FILL_AREA_STYLE_COLOUR ( '', #3169 ) ;
#3843 = AXIS2_PLACEMENT_3D ( 'NONE', #144, #2837, #2807 ) ;
#3844 = ORIENTED_EDGE ( 'NONE', *, *, #249, .T. ) ;
#3845 = EDGE_CURVE ( 'NONE', #2040, #2236, #2521, .T. ) ;
#3846 = EDGE_CURVE ( 'NONE', #2147, #2363, #820, .T. ) ;
#3847 = LINE ( 'NONE', #1804, #3579 ) ;
#3848 = LINE ( 'NONE', #162, #13 ) ;
#3849 = VECTOR ( 'NONE', #77, 39.37007874015748143 ) ;
#3850 = DIMENSIONAL_EXPONENTS ( 1.000000000000000000, 0.0000000000000000000, 0.0000000000000000000, 0.0000000000000000000, 0.0000000000000000000, 0.0000000000000000000, 0.0000000000000000000 ) ;
#3851 = ORIENTED_EDGE ( 'NONE', *, *, #1340, .F. ) ;
#3852 = VECTOR ( 'NONE', #2965, 39.37007874015748143 ) ;
#3853 = VERTEX_POINT ( 'NONE', #1114 ) ;
#3854 = SURFACE_SIDE_STYLE ('',( #871 ) ) ;
#3855 = CARTESIAN_POINT ( 'NONE',  ( 0.1210629921259841202, -0.001968503937004761027, 0.2598425196850390195 ) ) ;
#3856 = COLOUR_RGB ( '',0.9490196078431372140, 0.9490196078431372140, 0.9490196078431372140 ) ;
#3857 = ORIENTED_EDGE ( 'NONE', *, *, #2499, .F. ) ;
#3858 = CARTESIAN_POINT ( 'NONE',  ( -0.04921259842519649236, -0.03346456692913270248, -0.01799632996797460166 ) ) ;
#3859 = MECHANICAL_DESIGN_GEOMETRIC_PRESENTATION_REPRESENTATION (  '', ( #2888 ), #2338 ) ;
#3860 = VECTOR ( 'NONE', #282, 39.37007874015748143 ) ;
#3861 = VECTOR ( 'NONE', #1958, 39.37007874015748143 ) ;
#3862 = CARTESIAN_POINT ( 'NONE',  ( 0.09055118110236327900, -0.09842519685039119448, 1.485088362513631110E-16 ) ) ;
#3863 = ORIENTED_EDGE ( 'NONE', *, *, #2267, .F. ) ;
#3864 =( NAMED_UNIT ( * ) SI_UNIT ( $, .STERADIAN. ) SOLID_ANGLE_UNIT ( ) );
#3865 = AXIS2_PLACEMENT_3D ( 'NONE', #1724, #1333, #989 ) ;
#3866 =( GEOMETRIC_REPRESENTATION_CONTEXT ( 3 ) GLOBAL_UNCERTAINTY_ASSIGNED_CONTEXT ( ( #3452 ) ) GLOBAL_UNIT_ASSIGNED_CONTEXT ( ( #765, #3419, #2377 ) ) REPRESENTATION_CONTEXT ( 'NONE', 'WORKASPACE' ) );
#3867 = MECHANICAL_DESIGN_GEOMETRIC_PRESENTATION_REPRESENTATION (  '', ( #1297 ), #1863 ) ;
#3868 = ORIENTED_EDGE ( 'NONE', *, *, #1026, .F. ) ;
#3869 = PLANE ( 'NONE',  #2966 ) ;
#3870 = CARTESIAN_POINT ( 'NONE',  ( -0.09055118110236150264, -0.06692913385826700090, 0.2598425196850390195 ) ) ;
#3871 = DIRECTION ( 'NONE',  ( -0.0000000000000000000, -0.7071067811865510144, 0.7071067811865440200 ) ) ;
#3872 = LENGTH_MEASURE_WITH_UNIT ( LENGTH_MEASURE( 0.02539999999999999897 ), #1519 );
#3873 =( GEOMETRIC_REPRESENTATION_CONTEXT ( 3 ) GLOBAL_UNCERTAINTY_ASSIGNED_CONTEXT ( ( #836 ) ) GLOBAL_UNIT_ASSIGNED_CONTEXT ( ( #3558, #4234, #1275 ) ) REPRESENTATION_CONTEXT ( 'NONE', 'WORKASPACE' ) );
#3874 = EDGE_CURVE ( 'NONE', #3965, #3906, #1183, .T. ) ;
#3875 = ORIENTED_EDGE ( 'NONE', *, *, #2067, .F. ) ;
#3876 = ORIENTED_EDGE ( 'NONE', *, *, #2517, .T. ) ;
#3877 = LENGTH_MEASURE_WITH_UNIT ( LENGTH_MEASURE( 0.02539999999999999897 ), #3227 );
#3878 = FILL_AREA_STYLE_COLOUR ( '', #739 ) ;
#3879 = EDGE_CURVE ( 'NONE', #3113, #715, #541, .T. ) ;
#3880 = ORIENTED_EDGE ( 'NONE', *, *, #3840, .T. ) ;
#3881 = DIMENSIONAL_EXPONENTS ( 1.000000000000000000, 0.0000000000000000000, 0.0000000000000000000, 0.0000000000000000000, 0.0000000000000000000, 0.0000000000000000000, 0.0000000000000000000 ) ;
#3882 = LINE ( 'NONE', #2851, #2408 ) ;
#3883 = CARTESIAN_POINT ( 'NONE',  ( 0.004921259842519006694, 0.06102362204724477712, 0.1723147606001229903 ) ) ;
#3884 = PRODUCT_DEFINITION_CONTEXT ( 'detailed design', #1952, 'design' ) ;
#3885 = PRESENTATION_STYLE_ASSIGNMENT (( #1245 ) ) ;
#3886 = SURFACE_STYLE_FILL_AREA ( #2269 ) ;
#3887 = ORIENTED_EDGE ( 'NONE', *, *, #467, .T. ) ;
#3888 = CARTESIAN_POINT ( 'NONE',  ( 0.1564960629921260116, -0.001968503937005151774, 0.1850393700787399953 ) ) ;
#3889 = CARTESIAN_POINT ( 'NONE',  ( -0.1564960629921250401, -0.09842519685039037569, 0.2598425196850390195 ) ) ;
#3890 =( LENGTH_UNIT ( ) NAMED_UNIT ( * ) SI_UNIT ( $, .METRE. ) );
#3891 = CARTESIAN_POINT ( 'NONE',  ( -0.02952755905511790166, -0.01377952755905370065, 0.2077478314662639658 ) ) ;
#3892 = CARTESIAN_POINT ( 'NONE',  ( -0.1013779527559049987, -0.06692913385826700090, 0.01968503937007879540 ) ) ;
#3893 = VERTEX_POINT ( 'NONE', #3825 ) ;
#3894 = VERTEX_POINT ( 'NONE', #4126 ) ;
#3895 = EDGE_CURVE ( 'NONE', #3561, #1399, #187, .T. ) ;
#3896 = CARTESIAN_POINT ( 'NONE',  ( -0.05118110236220380083, -0.09842519685039038957, 0.2598425196850390195 ) ) ;
#3897 = DIRECTION ( 'NONE',  ( -9.890037891687959262E-15, 1.000000000000000000, 2.650027666190995588E-15 ) ) ;
#3898 = VERTEX_POINT ( 'NONE', #2451 ) ;
#3899 = EDGE_CURVE ( 'NONE', #383, #481, #491, .T. ) ;
#3900 = DIRECTION ( 'NONE',  ( -1.000000000000000000, -1.035198944794589901E-14, -1.219403723456549750E-30 ) ) ;
#3901 = EDGE_CURVE ( 'NONE', #3067, #169, #3456, .T. ) ;
#3902 = CARTESIAN_POINT ( 'NONE',  ( -0.1309055118110230009, 0.04330708661417310285, 0.1574803149606300023 ) ) ;
#3903 = EDGE_LOOP ( 'NONE', ( #4135, #1695, #1235, #802, #4112 ) ) ;
#3904 = LENGTH_MEASURE_WITH_UNIT ( LENGTH_MEASURE( 0.02539999999999999897 ), #3520 );
#3905 = CARTESIAN_POINT ( 'NONE',  ( 0.03937007874015570341, 0.1771653543307100120, 0.009842519685039340452 ) ) ;
#3906 = VERTEX_POINT ( 'NONE', #1137 ) ;
#3907 = DIRECTION ( 'NONE',  ( -1.035198944794589901E-14, 1.000000000000000000, -0.0000000000000000000 ) ) ;
#3908 = FILL_AREA_STYLE ('',( #1600 ) ) ;
#3909 = DIRECTION ( 'NONE',  ( 1.000000000000000000, 1.035198944794589901E-14, 1.219403723456549750E-30 ) ) ;
#3910 = PLANE ( 'NONE',  #2052 ) ;
#3911 = ORIENTED_EDGE ( 'NONE', *, *, #63, .T. ) ;
#3912 = VERTEX_POINT ( 'NONE', #474 ) ;
#3913 = DIRECTION ( 'NONE',  ( 1.035198944794589901E-14, -1.000000000000000000, -0.0000000000000000000 ) ) ;
#3914 = AXIS2_PLACEMENT_3D ( 'NONE', #1053, #3330, #1647 ) ;
#3915 = CARTESIAN_POINT ( 'NONE',  ( 0.1309055118110240001, 0.04330708661417590616, 0.1574803149606300023 ) ) ;
#3916 = DIRECTION ( 'NONE',  ( 1.035198944794589901E-14, -1.000000000000000000, 0.0000000000000000000 ) ) ;
#3917 = EDGE_CURVE ( 'NONE', #1785, #475, #4171, .T. ) ;
#3918 = VECTOR ( 'NONE', #656, 39.37007874015748143 ) ;
#3919 = ORIENTED_EDGE ( 'NONE', *, *, #653, .F. ) ;
#3920 =( CONVERSION_BASED_UNIT ( 'INCH', #2619 ) LENGTH_UNIT ( ) NAMED_UNIT ( #4208 ) );
#3921 = CARTESIAN_POINT ( 'NONE',  ( 0.1387795275590560096, -0.04330708661417004279, 0.01771653543307079998 ) ) ;
#3922 = CARTESIAN_POINT ( 'NONE',  ( -0.01279526948928750088, -0.001968503937006440673, 0.09251968503937020583 ) ) ;
#3923 = VECTOR ( 'NONE', #1710, 39.37007874015748143 ) ;
#3924 = ADVANCED_FACE ( 'NONE', ( #2184 ), #3754, .F. ) ;
#3925 = EDGE_CURVE ( 'NONE', #1742, #383, #771, .T. ) ;
#3926 = CARTESIAN_POINT ( 'NONE',  ( 0.1564960629921250124, -0.06692913385826709805, 6.611632560064966192E-17 ) ) ;
#3927 =( GEOMETRIC_REPRESENTATION_CONTEXT ( 3 ) GLOBAL_UNCERTAINTY_ASSIGNED_CONTEXT ( ( #402 ) ) GLOBAL_UNIT_ASSIGNED_CONTEXT ( ( #3644, #661, #3327 ) ) REPRESENTATION_CONTEXT ( 'NONE', 'WORKASPACE' ) );
#3928 = AXIS2_PLACEMENT_3D ( 'NONE', #3870, #1620, #2895 ) ;
#3929 = ORIENTED_EDGE ( 'NONE', *, *, #979, .T. ) ;
#3930 = PRESENTATION_STYLE_ASSIGNMENT (( #1576 ) ) ;
#3931 = VECTOR ( 'NONE', #3519, 39.37007874015748143 ) ;
#3932 = COLOUR_RGB ( '',0.9490196078431372140, 0.9490196078431372140, 0.9490196078431372140 ) ;
#3933 = EDGE_CURVE ( 'NONE', #2510, #59, #1821, .T. ) ;
#3934 = ORIENTED_EDGE ( 'NONE', *, *, #2884, .F. ) ;
#3935 = AXIS2_PLACEMENT_3D ( 'NONE', #3360, #971, #4035 ) ;
#3936 = CARTESIAN_POINT ( 'NONE',  ( 0.1309055118110231120, 0.04330708661417610739, 0.01771653543307080345 ) ) ;
#3937 = MECHANICAL_DESIGN_GEOMETRIC_PRESENTATION_REPRESENTATION (  '', ( #3800 ), #2281 ) ;
#3938 =( CONVERSION_BASED_UNIT ( 'INCH', #2857 ) LENGTH_UNIT ( ) NAMED_UNIT ( #178 ) );
#3939 = LINE ( 'NONE', #3542, #3359 ) ;
#3940 = CARTESIAN_POINT ( 'NONE',  ( -0.05118110236220380083, -0.06692913385826630701, 0.09251968503937021970 ) ) ;
#3941 = VECTOR ( 'NONE', #3407, 39.37007874015748143 ) ;
#3942 = VECTOR ( 'NONE', #1409, 39.37007874015748143 ) ;
#3943 = CARTESIAN_POINT ( 'NONE',  ( 0.04921259842519517397, 0.1624722409150849978, -0.01799632996797429982 ) ) ;
#3944 = EDGE_LOOP ( 'NONE', ( #2333, #1536, #3857, #1596 ) ) ;
#3945 = ORIENTED_EDGE ( 'NONE', *, *, #2436, .T. ) ;
#3946 = CARTESIAN_POINT ( 'NONE',  ( -0.04921259842519801198, 0.09842519685039430311, -3.649628534144119120E-16 ) ) ;
#3947 = VECTOR ( 'NONE', #2368, 39.37007874015748143 ) ;
#3948 = SURFACE_SIDE_STYLE ('',( #2611 ) ) ;
#3949 = DIRECTION ( 'NONE',  ( -1.429623445970342509E-32, -1.167414689224859965E-16, 1.000000000000000000 ) ) ;
#3950 = ORIENTED_EDGE ( 'NONE', *, *, #494, .F. ) ;
#3951 =( LENGTH_UNIT ( ) NAMED_UNIT ( * ) SI_UNIT ( $, .METRE. ) );
#3952 = LINE ( 'NONE', #1905, #807 ) ;
#3953 = CARTESIAN_POINT ( 'NONE',  ( -0.04527559055118310360, 0.1771653543307090406, -0.004076905141467770249 ) ) ;
#3954 = VECTOR ( 'NONE', #2945, 39.37007874015748143 ) ;
#3955 = DIRECTION ( 'NONE',  ( -1.035198944794589901E-14, 1.000000000000000000, 0.0000000000000000000 ) ) ;
#3956 = ADVANCED_FACE ( 'NONE', ( #3182 ), #1430, .T. ) ;
#3957 = VERTEX_POINT ( 'NONE', #1097 ) ;
#3958 = LINE ( 'NONE', #2309, #3521 ) ;
#3959 = CARTESIAN_POINT ( 'NONE',  ( 0.1013779527559059979, -0.06692913385826490535, 0.01968503937007879540 ) ) ;
#3960 = LINE ( 'NONE', #975, #3584 ) ;
#3961 = ADVANCED_FACE ( 'NONE', ( #1776 ), #3120, .T. ) ;
#3962 =( NAMED_UNIT ( * ) PLANE_ANGLE_UNIT ( ) SI_UNIT ( $, .RADIAN. ) );
#3963 = DIRECTION ( 'NONE',  ( 1.000000000000000000, -1.224606353822379970E-16, -0.0000000000000000000 ) ) ;
#3964 = FILL_AREA_STYLE ('',( #2936 ) ) ;
#3965 = VERTEX_POINT ( 'NONE', #3158 ) ;
#3966 = FACE_OUTER_BOUND ( 'NONE', #3352, .T. ) ;
#3967 = LINE ( 'NONE', #1307, #2879 ) ;
#3968 = PLANE ( 'NONE',  #2004 ) ;
#3969 = VERTEX_POINT ( 'NONE', #158 ) ;
#3970 = SURFACE_STYLE_USAGE ( .BOTH. , #1929 ) ;
#3971 = LINE ( 'NONE', #2687, #3918 ) ;
#3972 = LINE ( 'NONE', #658, #2152 ) ;
#3973 = ORIENTED_EDGE ( 'NONE', *, *, #1937, .T. ) ;
#3974 = LINE ( 'NONE', #1677, #1854 ) ;
#3975 = LINE ( 'NONE', #2633, #800 ) ;
#3976 = SURFACE_STYLE_FILL_AREA ( #2649 ) ;
#3977 = LINE ( 'NONE', #3009, #4214 ) ;
#3978 = CARTESIAN_POINT ( 'NONE',  ( 0.1013779527559059979, -0.06692913385826486372, -2.615604350084354620E-17 ) ) ;
#3979 = EDGE_CURVE ( 'NONE', #534, #3003, #1489, .T. ) ;
#3980 = ADVANCED_FACE ( 'NONE', ( #3201 ), #2564, .F. ) ;
#3981 = ORIENTED_EDGE ( 'NONE', *, *, #680, .F. ) ;
#3982 = VERTEX_POINT ( 'NONE', #4274 ) ;
#3983 =( LENGTH_UNIT ( ) NAMED_UNIT ( * ) SI_UNIT ( $, .METRE. ) );
#3984 = PLANE ( 'NONE',  #2617 ) ;
#3985 = LINE ( 'NONE', #1309, #3502 ) ;
#3986 = VECTOR ( 'NONE', #2111, 39.37007874015748143 ) ;
#3987 = VERTEX_POINT ( 'NONE', #205 ) ;
#3988 = CARTESIAN_POINT ( 'NONE',  ( -0.09055118110236126672, -0.06692913385826437800, 1.141599001122289814E-16 ) ) ;
#3989 = DIRECTION ( 'NONE',  ( 1.035198944794590058E-14, -1.000000000000000000, -1.167414689223779965E-16 ) ) ;
#3990 = CARTESIAN_POINT ( 'NONE',  ( 0.1545275590551190015, -0.04330708661417002892, 1.904467213606529952E-18 ) ) ;
#3991 = DIRECTION ( 'NONE',  ( -1.035198944794589901E-14, 1.000000000000000000, 0.0000000000000000000 ) ) ;
#3992 = SURFACE_STYLE_USAGE ( .BOTH. , #3574 ) ;
#3993 = AXIS2_PLACEMENT_3D ( 'NONE', #1252, #1650, #3268 ) ;
#3994 = ORIENTED_EDGE ( 'NONE', *, *, #4240, .F. ) ;
#3995 = CARTESIAN_POINT ( 'NONE',  ( -0.09055118110236150264, -0.06692913385826700090, 0.2598425196850390195 ) ) ;
#3996 = DIRECTION ( 'NONE',  ( 0.0000000000000000000, -1.000000000000000000, 2.723258531077630015E-15 ) ) ;
#3997 =( LENGTH_UNIT ( ) NAMED_UNIT ( * ) SI_UNIT ( $, .METRE. ) );
#3998 = CARTESIAN_POINT ( 'NONE',  ( 0.02952755905511863371, -0.03346456692913189757, 0.2077478314662649372 ) ) ;
#3999 = AXIS2_PLACEMENT_3D ( 'NONE', #1407, #2722, #3036 ) ;
#4000 = VERTEX_POINT ( 'NONE', #4187 ) ;
#4001 = PLANE ( 'NONE',  #1011 ) ;
#4002 = LENGTH_MEASURE_WITH_UNIT ( LENGTH_MEASURE( 0.02539999999999999897 ), #3397 );
#4003 = ADVANCED_FACE ( 'NONE', ( #1598 ), #289, .T. ) ;
#4004 = VECTOR ( 'NONE', #3490, 39.37007874015748143 ) ;
#4005 = DIRECTION ( 'NONE',  ( -0.2588190451025110250, -0.9659258262890708657, 0.0000000000000000000 ) ) ;
#4006 =( GEOMETRIC_REPRESENTATION_CONTEXT ( 3 ) GLOBAL_UNCERTAINTY_ASSIGNED_CONTEXT ( ( #489 ) ) GLOBAL_UNIT_ASSIGNED_CONTEXT ( ( #3838, #4224, #3214 ) ) REPRESENTATION_CONTEXT ( 'NONE', 'WORKASPACE' ) );
#4007 = ORIENTED_EDGE ( 'NONE', *, *, #1907, .F. ) ;
#4008 = CARTESIAN_POINT ( 'NONE',  ( 0.09793307086614040646, 0.1698187976228980045, 0.001968503937007569978 ) ) ;
#4009 = DIRECTION ( 'NONE',  ( 1.035198944794589901E-14, -1.000000000000000000, -3.208265837431779828E-16 ) ) ;
#4010 = ADVANCED_FACE ( 'NONE', ( #2631 ), #3243, .T. ) ;
#4011 = FACE_OUTER_BOUND ( 'NONE', #3668, .T. ) ;
#4012 = CARTESIAN_POINT ( 'NONE',  ( -0.1309055118110239724, 0.04330708661417293631, 0.01968503937007850049 ) ) ;
#4013 = PLANE ( 'NONE',  #1649 ) ;
#4014 = AXIS2_PLACEMENT_3D ( 'NONE', #2287, #4249, #1266 ) ;
#4015 = ORIENTED_EDGE ( 'NONE', *, *, #3482, .F. ) ;
#4016 = DIRECTION ( 'NONE',  ( 1.089726903440029871E-32, 1.167414689223770104E-16, -1.000000000000000000 ) ) ;
#4017 = CARTESIAN_POINT ( 'NONE',  ( -0.02952755905511785656, -0.01377952755905370759, 0.09251968503937020583 ) ) ;
#4018 = CARTESIAN_POINT ( 'NONE',  ( -0.04724409448818880225, -0.01377952755905390014, 0.2150943881740769725 ) ) ;
#4019 = CARTESIAN_POINT ( 'NONE',  ( -0.1013779527559063864, 0.06692913385826830541, 0.01968503937007879540 ) ) ;
#4020 = VERTEX_POINT ( 'NONE', #400 ) ;
#4021 = SURFACE_STYLE_FILL_AREA ( #2700 ) ;
#4022 = CARTESIAN_POINT ( 'NONE',  ( -0.09055118110236184958, -0.03346456692913350045, 0.09251968503937020583 ) ) ;
#4023 = DIRECTION ( 'NONE',  ( 0.0000000000000000000, -0.9659258262890684232, 0.2588190451025201844 ) ) ;
#4024 = FILL_AREA_STYLE_COLOUR ( '', #21 ) ;
#4025 = ORIENTED_EDGE ( 'NONE', *, *, #1987, .F. ) ;
#4026 = ADVANCED_FACE ( 'NONE', ( #3706 ), #4055, .F. ) ;
#4027 = VERTEX_POINT ( 'NONE', #313 ) ;
#4028 = LENGTH_MEASURE_WITH_UNIT ( LENGTH_MEASURE( 0.02539999999999999897 ), #42 );
#4029 = LENGTH_MEASURE_WITH_UNIT ( LENGTH_MEASURE( 0.02539999999999999897 ), #3355 );
#4030 = ADVANCED_FACE ( 'NONE', ( #1643 ), #2987, .T. ) ;
#4031 = ADVANCED_FACE ( 'NONE', ( #2042 ), #2024, .F. ) ;
#4032 = VERTEX_POINT ( 'NONE', #3092 ) ;
#4033 = LINE ( 'NONE', #2087, #882 ) ;
#4034 = VERTEX_POINT ( 'NONE', #1093 ) ;
#4035 = DIRECTION ( 'NONE',  ( -0.2588190451025318417, 0.9659258262890653146, 0.0000000000000000000 ) ) ;
#4036 = CARTESIAN_POINT ( 'NONE',  ( 0.1013779527559059979, -0.04330708661417029259, 0.01968503937007873295 ) ) ;
#4037 = SURFACE_STYLE_USAGE ( .BOTH. , #2332 ) ;
#4038 = ORIENTED_EDGE ( 'NONE', *, *, #467, .F. ) ;
#4039 = FACE_OUTER_BOUND ( 'NONE', #1081, .T. ) ;
#4040 =( CONVERSION_BASED_UNIT ( 'INCH', #2723 ) LENGTH_UNIT ( ) NAMED_UNIT ( #2495 ) );
#4041 = SURFACE_SIDE_STYLE ('',( #2724 ) ) ;
#4042 = LINE ( 'NONE', #691, #1692 ) ;
#4043 = EDGE_LOOP ( 'NONE', ( #2149, #3292, #2473, #1810 ) ) ;
#4044 = EDGE_LOOP ( 'NONE', ( #2840, #1522, #1439, #1924 ) ) ;
#4045 = SURFACE_STYLE_FILL_AREA ( #2083 ) ;
#4046 = EDGE_CURVE ( 'NONE', #482, #296, #1160, .T. ) ;
#4047 = MECHANICAL_DESIGN_GEOMETRIC_PRESENTATION_REPRESENTATION (  '', ( #156 ), #430 ) ;
#4048 = EDGE_LOOP ( 'NONE', ( #884, #3420, #1453, #3693 ) ) ;
#4049 = ORIENTED_EDGE ( 'NONE', *, *, #3895, .F. ) ;
#4050 = VECTOR ( 'NONE', #2450, 39.37007874015748143 ) ;
#4051 = LINE ( 'NONE', #1768, #2347 ) ;
#4052 = VECTOR ( 'NONE', #3379, 39.37007874015748143 ) ;
#4053 = EDGE_CURVE ( 'NONE', #1591, #4034, #2762, .T. ) ;
#4054 = EDGE_CURVE ( 'NONE', #2201, #1066, #2180, .T. ) ;
#4055 = PLANE ( 'NONE',  #3237 ) ;
#4056 = CIRCLE ( 'NONE', #929, 0.007874015748031499423 ) ;
#4057 = MECHANICAL_DESIGN_GEOMETRIC_PRESENTATION_REPRESENTATION (  '', ( #584 ), #2540 ) ;
#4058 = CARTESIAN_POINT ( 'NONE',  ( 0.09055118110236150264, 0.07086614173228417135, 0.2598425196850390195 ) ) ;
#4059 = UNCERTAINTY_MEASURE_WITH_UNIT (LENGTH_MEASURE( 1.000000000000000082E-05 ), #3339, 'distance_accuracy_value', 'NONE');
#4060 = PRESENTATION_STYLE_ASSIGNMENT (( #2047 ) ) ;
#4061 = EDGE_CURVE ( 'NONE', #2363, #45, #113, .T. ) ;
#4062 = CARTESIAN_POINT ( 'NONE',  ( 0.1210629921259849806, -0.04330708661417027178, 0.1574803149606300023 ) ) ;
#4063 = ORIENTED_EDGE ( 'NONE', *, *, #3917, .T. ) ;
#4064 = VECTOR ( 'NONE', #4248, 39.37007874015748143 ) ;
#4065 = SURFACE_STYLE_FILL_AREA ( #4089 ) ;
#4066 = VECTOR ( 'NONE', #3204, 39.37007874015748143 ) ;
#4067 = VECTOR ( 'NONE', #384, 39.37007874015748143 ) ;
#4068 = COLOUR_RGB ( '',0.9490196078431372140, 0.9490196078431372140, 0.9490196078431372140 ) ;
#4069 = CARTESIAN_POINT ( 'NONE',  ( 0.03346456692913189757, 0.1771653543307100398, 0.003937007874015651700 ) ) ;
#4070 = ORIENTED_EDGE ( 'NONE', *, *, #2671, .F. ) ;
#4071 = ORIENTED_EDGE ( 'NONE', *, *, #79, .T. ) ;
#4072 =( NAMED_UNIT ( * ) SI_UNIT ( $, .STERADIAN. ) SOLID_ANGLE_UNIT ( ) );
#4073 = AXIS2_PLACEMENT_3D ( 'NONE', #816, #1797, #2737 ) ;
#4074 = VECTOR ( 'NONE', #3229, 39.37007874015748143 ) ;
#4075 =( NAMED_UNIT ( * ) PLANE_ANGLE_UNIT ( ) SI_UNIT ( $, .RADIAN. ) );
#4076 = ORIENTED_EDGE ( 'NONE', *, *, #2239, .T. ) ;
#4077 = LENGTH_MEASURE_WITH_UNIT ( LENGTH_MEASURE( 0.02539999999999999897 ), #347 );
#4078 = ORIENTED_EDGE ( 'NONE', *, *, #407, .F. ) ;
#4079 = CARTESIAN_POINT ( 'NONE',  ( -0.1407480314960619927, -0.04330708661417299876, 0.01968503937007870172 ) ) ;
#4080 = AXIS2_PLACEMENT_3D ( 'NONE', #2953, #597, #3955 ) ;
#4081 = CARTESIAN_POINT ( 'NONE',  ( -0.02952755905511790166, -0.01377952755905370065, 0.01968503937007839988 ) ) ;
#4082 = EDGE_CURVE ( 'NONE', #3893, #3485, #1426, .T. ) ;
#4083 = CARTESIAN_POINT ( 'NONE',  ( -0.04527559055118179215, 0.06299212598425270315, 0.1796613173079359693 ) ) ;
#4084 = CARTESIAN_POINT ( 'NONE',  ( -0.1210629921259841341, -0.001968503937006474067, 0.2598425196850390195 ) ) ;
#4085 = VECTOR ( 'NONE', #463, 39.37007874015748143 ) ;
#4086 = CARTESIAN_POINT ( 'NONE',  ( -0.01279526948928750088, 0.02165354694437971253, 0.06889763506730733900 ) ) ;
#4087 = ORIENTED_EDGE ( 'NONE', *, *, #3474, .T. ) ;
#4088 = ADVANCED_FACE ( 'NONE', ( #4169 ), #1111, .F. ) ;
#4089 = FILL_AREA_STYLE ('',( #1386 ) ) ;
#4090 = SURFACE_SIDE_STYLE ('',( #495 ) ) ;
#4091 = CARTESIAN_POINT ( 'NONE',  ( -0.04921259842519670052, -0.01377952755905376483, 0.09251968503937020583 ) ) ;
#4092 = LINE ( 'NONE', #1755, #1622 ) ;
#4093 = VERTEX_POINT ( 'NONE', #1178 ) ;
#4094 = ORIENTED_EDGE ( 'NONE', *, *, #2790, .F. ) ;
#4095 = DIRECTION ( 'NONE',  ( 1.000000000000000000, 1.035198944794589901E-14, 0.0000000000000000000 ) ) ;
#4096 = SURFACE_SIDE_STYLE ('',( #3815 ) ) ;
#4097 = EDGE_LOOP ( 'NONE', ( #1756, #1510, #492, #766 ) ) ;
#4098 = LINE ( 'NONE', #3512, #887 ) ;
#4099 = EDGE_LOOP ( 'NONE', ( #3444, #3911, #349, #851 ) ) ;
#4100 =( NAMED_UNIT ( * ) SI_UNIT ( $, .STERADIAN. ) SOLID_ANGLE_UNIT ( ) );
#4101 = UNCERTAINTY_MEASURE_WITH_UNIT (LENGTH_MEASURE( 1.000000000000000082E-05 ), #126, 'distance_accuracy_value', 'NONE');
#4102 = LINE ( 'NONE', #2503, #2121 ) ;
#4103 = ADVANCED_FACE ( 'NONE', ( #751 ), #814, .F. ) ;
#4104 = CARTESIAN_POINT ( 'NONE',  ( -0.004921259842520371054, 0.06102362204724479100, 0.1723147606001229903 ) ) ;
#4105 = VERTEX_POINT ( 'NONE', #88 ) ;
#4106 = DIRECTION ( 'NONE',  ( 1.035198944794589901E-14, -1.000000000000000000, 0.0000000000000000000 ) ) ;
#4107 = DIRECTION ( 'NONE',  ( -1.000000000000000000, -1.035198944794589901E-14, -1.219403723456549750E-30 ) ) ;
#4108 = LENGTH_MEASURE_WITH_UNIT ( LENGTH_MEASURE( 0.02539999999999999897 ), #3124 );
#4109 = FILL_AREA_STYLE ('',( #2549 ) ) ;
#4110 = ADVANCED_FACE ( 'NONE', ( #2428 ), #468, .F. ) ;
#4111 = EDGE_CURVE ( 'NONE', #4000, #2241, #571, .T. ) ;
#4112 = ORIENTED_EDGE ( 'NONE', *, *, #1473, .F. ) ;
#4113 = EDGE_LOOP ( 'NONE', ( #2316, #2983, #1830, #2493 ) ) ;
#4114 = DIRECTION ( 'NONE',  ( -1.208506454422150978E-30, 1.167414689223770104E-16, -1.000000000000000000 ) ) ;
#4115 = LENGTH_MEASURE_WITH_UNIT ( LENGTH_MEASURE( 0.02539999999999999897 ), #872 );
#4116 = VERTEX_POINT ( 'NONE', #3862 ) ;
#4117 = FILL_AREA_STYLE ('',( #1156 ) ) ;
#4118 = EDGE_LOOP ( 'NONE', ( #4063, #3197, #583, #783 ) ) ;
#4119 = SURFACE_STYLE_FILL_AREA ( #3114 ) ;
#4120 = VECTOR ( 'NONE', #2387, 39.37007874015748854 ) ;
#4121 = DIRECTION ( 'NONE',  ( -1.429623445970342509E-32, -1.167414689224859965E-16, 1.000000000000000000 ) ) ;
#4122 = CARTESIAN_POINT ( 'NONE',  ( -0.1564960629921270108, -0.06692913385826700090, 0.01968503937007879540 ) ) ;
#4123 = DIMENSIONAL_EXPONENTS ( 1.000000000000000000, 0.0000000000000000000, 0.0000000000000000000, 0.0000000000000000000, 0.0000000000000000000, 0.0000000000000000000, 0.0000000000000000000 ) ;
#4124 = VECTOR ( 'NONE', #1284, 39.37007874015748143 ) ;
#4125 =( GEOMETRIC_REPRESENTATION_CONTEXT ( 3 ) GLOBAL_UNCERTAINTY_ASSIGNED_CONTEXT ( ( #2541 ) ) GLOBAL_UNIT_ASSIGNED_CONTEXT ( ( #1152, #4075, #431 ) ) REPRESENTATION_CONTEXT ( 'NONE', 'WORKASPACE' ) );
#4126 = CARTESIAN_POINT ( 'NONE',  ( -0.1013779527559058452, 0.06692913385826808337, 0.01968503937007840682 ) ) ;
#4127 = ORIENTED_EDGE ( 'NONE', *, *, #2499, .T. ) ;
#4128 = DIRECTION ( 'NONE',  ( -1.035198944794589901E-14, 1.000000000000000000, 0.0000000000000000000 ) ) ;
#4129 = SURFACE_STYLE_USAGE ( .BOTH. , #3100 ) ;
#4130 = EDGE_CURVE ( 'NONE', #131, #2818, #1909, .T. ) ;
#4131 = DIRECTION ( 'NONE',  ( 1.224606353822379970E-16, 1.000000000000000000, 1.167414689224859965E-16 ) ) ;
#4132 = PRESENTATION_LAYER_ASSIGNMENT (  '', '', ( #1693 ) ) ;
#4133 = DIRECTION ( 'NONE',  ( 1.035198944794589901E-14, -1.000000000000000000, 0.0000000000000000000 ) ) ;
#4134 = EDGE_LOOP ( 'NONE', ( #3226, #3134, #3190, #149 ) ) ;
#4135 = ORIENTED_EDGE ( 'NONE', *, *, #29, .F. ) ;
#4136 = DIRECTION ( 'NONE',  ( 3.398965425289660775E-33, -4.162394656232306433E-49, 1.000000000000000000 ) ) ;
#4137 = EDGE_CURVE ( 'NONE', #2236, #2193, #3278, .T. ) ;
#4138 = SURFACE_STYLE_FILL_AREA ( #3465 ) ;
#4139 = VECTOR ( 'NONE', #3472, 39.37007874015748143 ) ;
#4140 = VECTOR ( 'NONE', #2211, 39.37007874015748143 ) ;
#4141 = VECTOR ( 'NONE', #226, 39.37007874015748143 ) ;
#4142 = VECTOR ( 'NONE', #1010, 39.37007874015748143 ) ;
#4143 = ORIENTED_EDGE ( 'NONE', *, *, #2311, .F. ) ;
#4144 = DIRECTION ( 'NONE',  ( 0.0000000000000000000, -1.000000000000000000, -1.167414689223770104E-16 ) ) ;
#4145 = EDGE_CURVE ( 'NONE', #1411, #1031, #879, .T. ) ;
#4146 = ORIENTED_EDGE ( 'NONE', *, *, #1884, .T. ) ;
#4147 = DIRECTION ( 'NONE',  ( 1.035198944794590058E-14, -1.000000000000000000, -1.167414689223759997E-16 ) ) ;
#4148 = VECTOR ( 'NONE', #2999, 39.37007874015748143 ) ;
#4149 = DIRECTION ( 'NONE',  ( 0.0000000000000000000, 1.000000000000000000, 1.167414689223770104E-16 ) ) ;
#4150 = AXIS2_PLACEMENT_3D ( 'NONE', #2314, #3308, #318 ) ;
#4151 = CARTESIAN_POINT ( 'NONE',  ( -0.04921259842519670052, -0.01377952755905390014, -0.01799632996797460166 ) ) ;
#4152 = CARTESIAN_POINT ( 'NONE',  ( 0.1564960629921250124, -0.06692913385826439188, 6.611632560064226635E-17 ) ) ;
#4153 = CARTESIAN_POINT ( 'NONE',  ( -0.04921259842519843525, 0.1624722409150839986, 0.01968503937007851090 ) ) ;
#4154 = AXIS2_PLACEMENT_3D ( 'NONE', #3795, #132, #4144 ) ;
#4155 = FACE_OUTER_BOUND ( 'NONE', #1406, .T. ) ;
#4156 = PLANE ( 'NONE',  #1438 ) ;
#4157 = DIMENSIONAL_EXPONENTS ( 1.000000000000000000, 0.0000000000000000000, 0.0000000000000000000, 0.0000000000000000000, 0.0000000000000000000, 0.0000000000000000000, 0.0000000000000000000 ) ;
#4158 = ORIENTED_EDGE ( 'NONE', *, *, #376, .T. ) ;
#4159 = ORIENTED_EDGE ( 'NONE', *, *, #3007, .T. ) ;
#4160 = LINE ( 'NONE', #1149, #3503 ) ;
#4161 = PLANE ( 'NONE',  #181 ) ;
#4162 = EDGE_CURVE ( 'NONE', #1066, #383, #899, .T. ) ;
#4163 = ORIENTED_EDGE ( 'NONE', *, *, #4061, .T. ) ;
#4164 = FACE_OUTER_BOUND ( 'NONE', #1349, .T. ) ;
#4165 = ORIENTED_EDGE ( 'NONE', *, *, #1531, .T. ) ;
#4166 = PRESENTATION_STYLE_ASSIGNMENT (( #3517 ) ) ;
#4167 = EDGE_CURVE ( 'NONE', #1739, #3969, #3572, .T. ) ;
#4168 = EDGE_CURVE ( 'NONE', #2399, #2241, #1612, .T. ) ;
#4169 = FACE_OUTER_BOUND ( 'NONE', #1982, .T. ) ;
#4170 = DIRECTION ( 'NONE',  ( -1.000000000000000000, 1.272163194318223936E-48, -1.089726903440029871E-32 ) ) ;
#4171 = LINE ( 'NONE', #2504, #727 ) ;
#4172 = ORIENTED_EDGE ( 'NONE', *, *, #1801, .F. ) ;
#4173 = DIRECTION ( 'NONE',  ( -1.089726903440029871E-32, -1.167414689223770104E-16, 1.000000000000000000 ) ) ;
#4174 = CARTESIAN_POINT ( 'NONE',  ( -0.01279526948928749741, 0.05118110236220670128, 0.08070865959867730421 ) ) ;
#4175 =( LENGTH_UNIT ( ) NAMED_UNIT ( * ) SI_UNIT ( $, .METRE. ) );
#4176 = EDGE_LOOP ( 'NONE', ( #1378, #3919, #456, #241 ) ) ;
#4177 = ORIENTED_EDGE ( 'NONE', *, *, #3874, .T. ) ;
#4178 = VERTEX_POINT ( 'NONE', #2539 ) ;
#4179 = DIRECTION ( 'NONE',  ( 1.000000000000000000, 0.0000000000000000000, -0.0000000000000000000 ) ) ;
#4180 = DIMENSIONAL_EXPONENTS ( 1.000000000000000000, 0.0000000000000000000, 0.0000000000000000000, 0.0000000000000000000, 0.0000000000000000000, 0.0000000000000000000, 0.0000000000000000000 ) ;
#4181 = ORIENTED_EDGE ( 'NONE', *, *, #2437, .T. ) ;
#4182 = FILL_AREA_STYLE_COLOUR ( '', #947 ) ;
#4183 = CARTESIAN_POINT ( 'NONE',  ( 0.1564960629921270108, -0.06692913385826590456, 0.2598425196850390195 ) ) ;
#4184 = EDGE_CURVE ( 'NONE', #1823, #803, #248, .T. ) ;
#4185 = UNCERTAINTY_MEASURE_WITH_UNIT (LENGTH_MEASURE( 1.000000000000000082E-05 ), #972, 'distance_accuracy_value', 'NONE');
#4186 =( NAMED_UNIT ( * ) PLANE_ANGLE_UNIT ( ) SI_UNIT ( $, .RADIAN. ) );
#4187 = CARTESIAN_POINT ( 'NONE',  ( -0.1564960629921255952, -0.06692913385826762540, 0.01968503937007879193 ) ) ;
#4188 = ORIENTED_EDGE ( 'NONE', *, *, #3879, .F. ) ;
#4189 = DIRECTION ( 'NONE',  ( 1.056882988244299989E-14, -1.000000000000000000, 0.0000000000000000000 ) ) ;
#4190 = CARTESIAN_POINT ( 'NONE',  ( 0.06496064212378629965, -0.06692913385826498862, 0.09251968503937020583 ) ) ;
#4191 = EDGE_CURVE ( 'NONE', #1575, #4105, #2227, .T. ) ;
#4192 = DIRECTION ( 'NONE',  ( -0.0000000000000000000, -1.000000000000000000, -1.167414689223770104E-16 ) ) ;
#4193 = DIRECTION ( 'NONE',  ( -0.0000000000000000000, 2.773640129944130029E-16, -1.000000000000000000 ) ) ;
#4194 = ORIENTED_EDGE ( 'NONE', *, *, #2080, .T. ) ;
#4195 = VECTOR ( 'NONE', #3652, 39.37007874015748143 ) ;
#4196 = EDGE_LOOP ( 'NONE', ( #4049, #1708, #4070, #1579 ) ) ;
#4197 =( NAMED_UNIT ( * ) SI_UNIT ( $, .STERADIAN. ) SOLID_ANGLE_UNIT ( ) );
#4198 = FILL_AREA_STYLE ('',( #3786 ) ) ;
#4199 = AXIS2_PLACEMENT_3D ( 'NONE', #2249, #574, #4230 ) ;
#4200 = VECTOR ( 'NONE', #3695, 39.37007874015748143 ) ;
#4201 = ORIENTED_EDGE ( 'NONE', *, *, #3141, .F. ) ;
#4202 =( GEOMETRIC_REPRESENTATION_CONTEXT ( 3 ) GLOBAL_UNCERTAINTY_ASSIGNED_CONTEXT ( ( #3539 ) ) GLOBAL_UNIT_ASSIGNED_CONTEXT ( ( #999, #713, #2336 ) ) REPRESENTATION_CONTEXT ( 'NONE', 'WORKASPACE' ) );
#4203 =( LENGTH_UNIT ( ) NAMED_UNIT ( * ) SI_UNIT ( $, .METRE. ) );
#4204 = VECTOR ( 'NONE', #1033, 39.37007874015748143 ) ;
#4205 = ORIENTED_EDGE ( 'NONE', *, *, #1679, .T. ) ;
#4206 = CARTESIAN_POINT ( 'NONE',  ( -0.09055118110236240470, 0.02165354694438060071, 0.06889763779527580123 ) ) ;
#4207 = VECTOR ( 'NONE', #486, 39.37007874015748143 ) ;
#4208 = DIMENSIONAL_EXPONENTS ( 1.000000000000000000, 0.0000000000000000000, 0.0000000000000000000, 0.0000000000000000000, 0.0000000000000000000, 0.0000000000000000000, 0.0000000000000000000 ) ;
#4209 =( NAMED_UNIT ( * ) SI_UNIT ( $, .STERADIAN. ) SOLID_ANGLE_UNIT ( ) );
#4210 = ADVANCED_FACE ( 'NONE', ( #219 ), #943, .T. ) ;
#4211 = AXIS2_PLACEMENT_3D ( 'NONE', #2637, #3631, #1627 ) ;
#4212 = CARTESIAN_POINT ( 'NONE',  ( -0.1013779527559049987, -0.06692913385826700090, 0.01968503937007839988 ) ) ;
#4213 = DIRECTION ( 'NONE',  ( 1.219403723456549750E-30, 1.262325447800814145E-44, -1.000000000000000000 ) ) ;
#4214 = VECTOR ( 'NONE', #403, 39.37007874015748143 ) ;
#4215 = EDGE_CURVE ( 'NONE', #2528, #4034, #3538, .T. ) ;
#4216 = ADVANCED_FACE ( 'NONE', ( #2883 ), #4225, .T. ) ;
#4217 = ORIENTED_EDGE ( 'NONE', *, *, #1932, .T. ) ;
#4218 = VERTEX_POINT ( 'NONE', #3883 ) ;
#4219 = DIRECTION ( 'NONE',  ( 1.000000000000000000, -1.272163194318223936E-48, 1.089726903440029871E-32 ) ) ;
#4220 = DIRECTION ( 'NONE',  ( -1.035198944794589901E-14, 1.000000000000000000, 0.0000000000000000000 ) ) ;
#4221 = LENGTH_MEASURE_WITH_UNIT ( LENGTH_MEASURE( 0.02539999999999999897 ), #2996 );
#4222 = ORIENTED_EDGE ( 'NONE', *, *, #4130, .F. ) ;
#4223 = FACE_OUTER_BOUND ( 'NONE', #2217, .T. ) ;
#4224 =( NAMED_UNIT ( * ) PLANE_ANGLE_UNIT ( ) SI_UNIT ( $, .RADIAN. ) );
#4225 = PLANE ( 'NONE',  #2207 ) ;
#4226 =( LENGTH_UNIT ( ) NAMED_UNIT ( * ) SI_UNIT ( $, .METRE. ) );
#4227 = UNCERTAINTY_MEASURE_WITH_UNIT (LENGTH_MEASURE( 1.000000000000000082E-05 ), #3938, 'distance_accuracy_value', 'NONE');
#4228 = ORIENTED_EDGE ( 'NONE', *, *, #3845, .T. ) ;
#4229 = SURFACE_SIDE_STYLE ('',( #1875 ) ) ;
#4230 = DIRECTION ( 'NONE',  ( -1.035198944794589901E-14, 1.000000000000000000, 0.0000000000000000000 ) ) ;
#4231 = VERTEX_POINT ( 'NONE', #2245 ) ;
#4232 = LINE ( 'NONE', #1336, #3658 ) ;
#4233 = LINE ( 'NONE', #2523, #2476 ) ;
#4234 =( NAMED_UNIT ( * ) PLANE_ANGLE_UNIT ( ) SI_UNIT ( $, .RADIAN. ) );
#4235 = EDGE_CURVE ( 'NONE', #2308, #3185, #1242, .T. ) ;
#4236 = LENGTH_MEASURE_WITH_UNIT ( LENGTH_MEASURE( 0.02539999999999999897 ), #4175 );
#4237 = ORIENTED_EDGE ( 'NONE', *, *, #494, .T. ) ;
#4238 = VERTEX_POINT ( 'NONE', #618 ) ;
#4239 = LINE ( 'NONE', #3915, #1209 ) ;
#4240 = EDGE_CURVE ( 'NONE', #3457, #3576, #44, .T. ) ;
#4241 = ADVANCED_FACE ( 'NONE', ( #3000 ), #2359, .F. ) ;
#4242 = LINE ( 'NONE', #1239, #926 ) ;
#4243 = ORIENTED_EDGE ( 'NONE', *, *, #760, .T. ) ;
#4244 =( LENGTH_UNIT ( ) NAMED_UNIT ( * ) SI_UNIT ( $, .METRE. ) );
#4245 = CARTESIAN_POINT ( 'NONE',  ( -0.1210629921259841341, -0.04330708661417290162, 0.01968503937007873295 ) ) ;
#4246 = EDGE_CURVE ( 'NONE', #3113, #4252, #1720, .T. ) ;
#4247 = CARTESIAN_POINT ( 'NONE',  ( 0.1564960629921260116, -0.03346456692913089837, 0.1850393700787399953 ) ) ;
#4248 = DIRECTION ( 'NONE',  ( 1.000000000000000000, -1.224606353822379970E-16, -0.0000000000000000000 ) ) ;
#4249 = DIRECTION ( 'NONE',  ( 1.182878904194699632E-16, 0.9659258262890666469, 0.2588190451025269567 ) ) ;
#4250 = VERTEX_POINT ( 'NONE', #3683 ) ;
#4251 = DIRECTION ( 'NONE',  ( -1.000000000000000000, 1.224606353822379970E-16, 0.0000000000000000000 ) ) ;
#4252 = VERTEX_POINT ( 'NONE', #1675 ) ;
#4253 = FACE_OUTER_BOUND ( 'NONE', #573, .T. ) ;
#4254 = CARTESIAN_POINT ( 'NONE',  ( 0.1210629921259849529, -0.04330708661417030647, 0.2598425196850390195 ) ) ;
#4255 = COLOUR_RGB ( '',0.9490196078431372140, 0.9490196078431372140, 0.9490196078431372140 ) ;
#4256 = DIRECTION ( 'NONE',  ( -0.0000000000000000000, -1.000000000000000000, -1.167414689223770104E-16 ) ) ;
#4257 = ORIENTED_EDGE ( 'NONE', *, *, #1798, .T. ) ;
#4258 = ORIENTED_EDGE ( 'NONE', *, *, #3002, .T. ) ;
#4259 =( GEOMETRIC_REPRESENTATION_CONTEXT ( 3 ) GLOBAL_UNCERTAINTY_ASSIGNED_CONTEXT ( ( #2449 ) ) GLOBAL_UNIT_ASSIGNED_CONTEXT ( ( #2589, #1655, #3254 ) ) REPRESENTATION_CONTEXT ( 'NONE', 'WORKASPACE' ) );
#4260 = DIRECTION ( 'NONE',  ( -1.000000000000000000, 1.272163194318223936E-48, -1.089726903440029871E-32 ) ) ;
#4261 = AXIS2_PLACEMENT_3D ( 'NONE', #3106, #3192, #1523 ) ;
#4262 = DIRECTION ( 'NONE',  ( -0.9659258262890704216, 0.2588190451025131900, 1.095721750189770551E-17 ) ) ;
#4263 = MECHANICAL_DESIGN_GEOMETRIC_PRESENTATION_REPRESENTATION (  '', ( #3778 ), #2202 ) ;
#4264 = EDGE_CURVE ( 'NONE', #803, #2445, #331, .T. ) ;
#4265 = EDGE_LOOP ( 'NONE', ( #1540, #3264, #2850, #3378 ) ) ;
#4266 = CARTESIAN_POINT ( 'NONE',  ( -0.09055118110236150264, -0.06692913385826440575, 0.09251968503937020583 ) ) ;
#4267 = LINE ( 'NONE', #3257, #1014 ) ;
#4268 = PRESENTATION_LAYER_ASSIGNMENT (  '', '', ( #1980 ) ) ;
#4269 = DIRECTION ( 'NONE',  ( 1.000000000000000000, -1.224606353822360002E-16, -3.396617326346257808E-32 ) ) ;
#4270 = ADVANCED_FACE ( 'NONE', ( #2322 ), #346, .F. ) ;
#4271 = COLOUR_RGB ( '',0.9490196078431372140, 0.9490196078431372140, 0.9490196078431372140 ) ;
#4272 = DIRECTION ( 'NONE',  ( 1.219403723456549750E-30, 1.262325447800814145E-44, -1.000000000000000000 ) ) ;
#4273 = VECTOR ( 'NONE', #3395, 39.37007874015748143 ) ;
#4274 = CARTESIAN_POINT ( 'NONE',  ( -0.1564960629921250124, -0.09842519685039249899, 0.2598425196850390195 ) ) ;
#4275 = ORIENTED_EDGE ( 'NONE', *, *, #1335, .F. ) ;
#4276 = VECTOR ( 'NONE', #974, 39.37007874015748143 ) ;
#4277 = FILL_AREA_STYLE_COLOUR ( '', #2215 ) ;
#4278 = COLOUR_RGB ( '',0.9490196078431372140, 0.9490196078431372140, 0.9490196078431372140 ) ;
#4279 = CARTESIAN_POINT ( 'NONE',  ( 0.1564960629921260116, -0.03346456692913089837, 0.1850393700787399953 ) ) ;
#4280 = SURFACE_SIDE_STYLE ('',( #3224 ) ) ;
#4281 = CARTESIAN_POINT ( 'NONE',  ( 0.1309055118110230009, 0.04330708661417610045, 1.190103851005900014E-17 ) ) ;
#4282 = VECTOR ( 'NONE', #3314, 39.37007874015748143 ) ;
#4283 = SURFACE_STYLE_FILL_AREA ( #3964 ) ;
#4284 = ORIENTED_EDGE ( 'NONE', *, *, #3496, .F. ) ;
#4285 = DIRECTION ( 'NONE',  ( 1.000000000000000000, -9.174411140098523755E-46, -3.368909354510710099E-31 ) ) ;
#4286 = CARTESIAN_POINT ( 'NONE',  ( -0.09055118110236180795, -0.03346456692913355596, 0.2598425196850390195 ) ) ;
#4287 = PRESENTATION_LAYER_ASSIGNMENT (  '', '', ( #2623 ) ) ;
#4288 = CARTESIAN_POINT ( 'NONE',  ( -0.1564960629921270108, 0.06692913385826780581, 0.01968503937007839988 ) ) ;
#4289 = DIRECTION ( 'NONE',  ( -0.2588190451025131900, -0.9659258262890704216, 0.0000000000000000000 ) ) ;
#4290 = ORIENTED_EDGE ( 'NONE', *, *, #843, .T. ) ;
#4291 = FACE_OUTER_BOUND ( 'NONE', #1191, .T. ) ;
#4292 = FACE_OUTER_BOUND ( 'NONE', #2728, .T. ) ;
#4293 = ADVANCED_FACE ( 'NONE', ( #1353 ), #2624, .T. ) ;
#4294 = CARTESIAN_POINT ( 'NONE',  ( 0.05118110236220590331, -0.09842519685039040345, 0.1003937007874019932 ) ) ;
#4295 = CARTESIAN_POINT ( 'NONE',  ( 0.1564960629921270108, -0.09842519685039040345, 0.2598425196850390195 ) ) ;
#4296 = ORIENTED_EDGE ( 'NONE', *, *, #3656, .T. ) ;
#4297 = CARTESIAN_POINT ( 'NONE',  ( -0.004921259842520370187, 0.07086614173228419911, 0.1870078740157480046 ) ) ;
#4298 = EDGE_CURVE ( 'NONE', #3549, #3898, #3971, .T. ) ;
#4299 = EDGE_CURVE ( 'NONE', #3485, #1876, #396, .T. ) ;
#4300 = CARTESIAN_POINT ( 'NONE',  ( 0.1564960629921270108, -0.06692913385826440575, 0.2598425196850390195 ) ) ;
#4301 = DIRECTION ( 'NONE',  ( 1.000000000000000000, 1.035198944794589901E-14, 0.0000000000000000000 ) ) ;
#4302 = DIRECTION ( 'NONE',  ( -1.000000000000000000, 1.272163194318223936E-48, -1.089726903440029871E-32 ) ) ;
#4303 = CYLINDRICAL_SURFACE ( 'NONE', #3299, 0.007874015748031499423 ) ;
#4304 = VERTEX_POINT ( 'NONE', #4012 ) ;
#4305 = CARTESIAN_POINT ( 'NONE',  ( -0.05118110236220380083, -0.06692913385826439188, 1.141599001122289814E-16 ) ) ;
#4306 = CARTESIAN_POINT ( 'NONE',  ( 0.01279526948928919917, 0.02165354694438000049, 0.06889763415798440260 ) ) ;
#4307 = VERTEX_POINT ( 'NONE', #4310 ) ;
#4308 = FACE_OUTER_BOUND ( 'NONE', #1189, .T. ) ;
#4309 = DIRECTION ( 'NONE',  ( 1.000000000000000000, -1.272163194318223936E-48, 1.089726903440029871E-32 ) ) ;
#4310 = CARTESIAN_POINT ( 'NONE',  ( -0.09055118110236141937, -0.06692913385826633477, 0.2007874015748039864 ) ) ;
#4311 = DIRECTION ( 'NONE',  ( -1.000000000000000000, 1.224606353822379970E-16, 0.0000000000000000000 ) ) ;
#4312 = ORIENTED_EDGE ( 'NONE', *, *, #3343, .T. ) ;
#4313 = CARTESIAN_POINT ( 'NONE',  ( -0.1545275590551186684, -0.04330708661417310978, 0.009842519685039312696 ) ) ;
#4314 = PRESENTATION_STYLE_ASSIGNMENT (( #375 ) ) ;
ENDSEC;
END-ISO-10303-21;
